scenario,seed,variant,companyId,qualityEquipProposedCount,qualityEquipCompletedCount,downgradeTonsCumulative,reworkTonsCumulative,disposalTonsCumulative,majorIncidentCount,endingQualityScoreAvg,endingCustomerTrustAvg,contractedCountCumulative,fulfilledCountCumulative,dueQuantityCumulative,onTimeQuantityCumulative,newlyOverdueQuantityCumulative,continuingOverdueQuantityCumulative,endingRevenueCumulative,endingOperatingProfitCumulative,endingCash
baseline,seed-1,QUALITY_EQUIP_ON,MASS,0,0,6991.090000000003,3883.8699999999994,7101.290000000003,3,69.10333333333334,46.262,480,304,622468.7399999999,249427.40000000005,359592.91000000003,588183.49,2753617197.2965207,296661883.7249945,24099858.079414282
baseline,seed-1,QUALITY_EQUIP_ON,BAL,1,1,6971.020000000004,3872.810000000002,6091.7800000000025,1,73.35000000000001,74.35799999999999,480,448,737802.88,709390.6799999999,12815.560000000001,0,3740791322.606566,634384308.6450597,275291673.90345657
baseline,seed-1,QUALITY_EQUIP_ON,JPQ,1,1,4459.890000000002,2477.7099999999987,3314.3599999999997,1,74.81666666666666,73.50399999999999,480,376,565951.9500000002,460759.06,99464.72,94655.22000000002,3032126358.908482,550162382.7892529,314041587.66346824
baseline,seed-1,QUALITY_EQUIP_ON,CONSV,1,1,4632.0999999999985,2573.3700000000003,3083.7500000000023,0,74.85666666666667,69.59,480,417,576856.91,493028.9499999999,47975.57,0,3047170688.6239953,545896428.828195,335592464.9745337
baseline,seed-1,QUALITY_EQUIP_ON,VAP,1,1,4226.809999999998,2348.180000000001,2825.1799999999994,0,74.67999999999999,66.05600000000001,480,376,528435.14,395908.34999999986,123712.91999999998,84279.55,2848702218.6166725,505939963.17809105,313932830.6408584
baseline,seed-1,QUALITY_EQUIP_DISABLED,MASS,0,0,6991.090000000003,3883.8799999999997,7101.260000000002,3,69.10333333333334,46.262,480,304,622469.9199999999,249427.97999999998,359595.70000000007,588259,2753596024.104988,296609348.5519074,24105000.7182183
baseline,seed-1,QUALITY_EQUIP_DISABLED,BAL,0,0,8701.549999999996,4834.160000000001,8637.69,2,69.35666666666667,71.588,480,448,736491.28,708376.4,12731.84,0,3725762797.02283,620269445.4005938,265341119.16069832
baseline,seed-1,QUALITY_EQUIP_DISABLED,JPQ,0,0,6865.410000000002,3814.12,4925.300000000001,1,70.58333333333333,71.696,480,375,565902.95,460380.9800000001,100288.28,98392.56999999998,3025322647.4843497,539928415.8817047,309346624.9715362
baseline,seed-1,QUALITY_EQUIP_DISABLED,CONSV,0,0,7183.780000000001,3990.96,4835.89,1,70.61,67.44,480,416,576844.22,487562.68999999994,52260.57000000001,0,3041165152.328696,536400404.13776433,328968011.41274714
baseline,seed-1,QUALITY_EQUIP_DISABLED,VAP,0,0,6096.629999999999,3386.9700000000007,4065.939999999999,0,70.69333333333333,63.988,480,376,528422.09,395884.17,124389.57000000002,88568.57,2840700406.887595,497375224.55096024,308171846.20090246
baseline,seed-2,QUALITY_EQUIP_ON,MASS,1,0,7333.5999999999985,4074.2,7069.819999999998,4,69.25999999999999,44.059999999999995,480,295,667257.09,248171.29000000004,382364.88999999996,303187.97000000003,2998492388.8811293,349196185.3027004,30532216.33065387
baseline,seed-2,QUALITY_EQUIP_ON,BAL,1,1,5586.650000000001,3103.660000000001,4677.54,2,74.53333333333333,77.34400000000001,480,457,726772.2399999999,709330.8899999999,10807.49,0,3719810362.5466285,644182653.6610572,287638542.06161565
baseline,seed-2,QUALITY_EQUIP_ON,JPQ,1,1,4777.569999999996,2654.200000000001,3679.119999999999,1,74.67333333333333,74.19,480,378,599235.7300000001,497208.2899999999,91613.28000000001,59296.17,3209430659.6607733,580218399.6734611,341123396.139577
baseline,seed-2,QUALITY_EQUIP_ON,CONSV,1,1,4633.140000000001,2573.920000000001,3133.9500000000016,1,74.84666666666666,69.65,480,419,576876.3200000001,492409.15,46690.200000000004,0,3054741350.949575,550206828.7771292,336996758.1607956
baseline,seed-2,QUALITY_EQUIP_ON,VAP,1,1,4072.349999999999,2262.4200000000005,2723.699999999999,0,74.84666666666665,66.074,480,376,528545.85,395924.50000000006,123911.84000000001,83753.82,2855469755.903972,512324777.2616662,318727528.0137187
baseline,seed-2,QUALITY_EQUIP_DISABLED,MASS,0,0,7409.120000000001,4116.190000000001,7231.520000000001,4,68.58333333333333,39.896,480,275,693203.6,239620.43000000005,415840.91000000003,539625.93,2993161288.662215,345166059.73540866,34713746.87248659
baseline,seed-2,QUALITY_EQUIP_DISABLED,BAL,0,0,8747.570000000002,4859.790000000004,7715.990000000002,3,70.35333333333334,75.336,480,457,725772.39,709424.3300000001,9324.46,0,3713180999.0488358,624200267.901462,271820484.33435845
baseline,seed-2,QUALITY_EQUIP_DISABLED,JPQ,0,0,7411.960000000003,4117.73,5869.290000000002,2,69.52666666666666,70.22,480,378,598640.39,497142.35000000003,91925.73000000001,63888.53,3199051013.137429,564987781.8057243,327723345.2905596
baseline,seed-2,QUALITY_EQUIP_DISABLED,CONSV,0,0,7184.759999999999,3991.5599999999995,4847.23,1,70.61,67.42,480,417,576973.55,492331.9800000001,52016.16,0,3048847082.0463815,541466450.7181739,331039752.58268183
baseline,seed-2,QUALITY_EQUIP_DISABLED,VAP,0,0,6104.849999999997,3391.5500000000025,4572.620000000001,1,69.51,61.36,480,376,528310.92,395456.1899999999,125167.12,90306.42,2846834736.898702,499954742.9841278,309629539.5377196
baseline,seed-3,QUALITY_EQUIP_ON,MASS,0,0,7530.289999999998,4183.46,5018.609999999997,0,68.54666666666667,39.721999999999994,480,269,690285.7099999998,234494.78999999998,417663.19999999995,385168.63999999996,2865519797.6411934,310705420.11178315,33114767.911877126
baseline,seed-3,QUALITY_EQUIP_ON,BAL,0,0,8588.379999999994,4771.340000000001,5725.680000000001,0,70.55333333333334,76.008,480,457,722846.5200000001,704326.0800000001,9762.2,0,3679665905.179174,627963631.547264,270425954.5984499
baseline,seed-3,QUALITY_EQUIP_ON,JPQ,1,1,4343.449999999999,2412.9399999999996,2897.56,0,74.95666666666666,73.61,480,379,557620.36,453942.2699999999,96239.37,91684.41,2985554963.918422,538042222.1692754,293895173.88338155
baseline,seed-3,QUALITY_EQUIP_ON,CONSV,1,1,4624.329999999998,2569.110000000001,3581,1,74.72666666666667,69.44000000000001,480,419,576559.1599999999,492572.2599999999,46484.9,0,3040457252.6191425,542228725.3475926,331091264.8584804
baseline,seed-3,QUALITY_EQUIP_ON,VAP,1,1,4076.9399999999996,2264.949999999999,3688.2999999999956,2,74.49000000000001,65.772,480,376,526247.57,393449.8700000001,123892.46999999999,84928.08,2830613899.649372,499092399.8502362,310203946.3296713
baseline,seed-3,QUALITY_EQUIP_DISABLED,MASS,0,0,7530.7699999999995,4183.69,5018.899999999999,0,68.54666666666667,39.721999999999994,480,269,690334.25,234496.94,417706.13000000006,385078.84,2865658339.898951,310608384.1833054,33133200.82907155
baseline,seed-3,QUALITY_EQUIP_DISABLED,BAL,0,0,8588.499999999996,4771.430000000001,5725.720000000001,0,70.55333333333334,76.002,480,457,722891.8300000002,704358.3200000001,9833.2,0,3679704337.1001916,627858742.7260733,270322332.6581661
baseline,seed-3,QUALITY_EQUIP_DISABLED,JPQ,0,0,6685.810000000003,3714.360000000001,5366.010000000002,2,70.24,70.594,480,379,558026.01,454531.82999999996,97275.82,100502.62000000001,2977803230.491247,524002808.2105222,285120482.2043468
baseline,seed-3,QUALITY_EQUIP_DISABLED,CONSV,0,0,7190.539999999999,3994.7400000000007,5640.549999999998,3,70.33666666666666,67.006,480,415,576658.57,485094.88999999996,54485.24,0,3034154000.28207,531731572.3209543,323719465.7542768
baseline,seed-3,QUALITY_EQUIP_DISABLED,VAP,0,0,6106.119999999998,3392.2400000000007,5018.620000000002,2,70.39,63.67999999999999,480,376,526196.1,393387.27,124786.75000000001,89699.81,2822041456.6186156,489713899.0890304,303636921.7758861
baseline,seed-4,QUALITY_EQUIP_ON,MASS,0,0,7237.050000000001,4020.57,4833.14,0,70.23666666666666,43.178000000000004,480,291,689766.0499999999,262193.85,386247.29,375961.68,2951527955.8614073,341408750.3835522,27985716.263374127
baseline,seed-4,QUALITY_EQUIP_ON,BAL,1,1,8042.689999999998,4468.170000000001,5962.630000000003,1,70.86333333333333,77.90799999999999,480,469,715330.4,715330.4,0,0,3694905665.8654385,638915323.1126024,349438175.0655146
baseline,seed-4,QUALITY_EQUIP_ON,JPQ,1,1,4341.559999999999,2411.9100000000003,2896.2500000000005,0,74.95,73.56800000000001,480,380,557149.11,454006.70999999996,94876.77,88885.81,2970918448.5410895,532509535.24711317,291420188.2728356
baseline,seed-4,QUALITY_EQUIP_ON,CONSV,1,1,4632.019999999999,2573.3,3083.180000000002,0,74.85000000000001,69.47,480,417,576829.84,493097.04,47838.24,0,3032404005.838446,537982410.9805487,329769882.03316724
baseline,seed-4,QUALITY_EQUIP_ON,VAP,1,1,4220.649999999999,2344.7599999999993,3907.2199999999975,3,74.24,65.812,480,376,526211.62,393439.59,125008.71,88420.53,2814961663.994247,490228097.88251686,303380715.70647466
baseline,seed-4,QUALITY_EQUIP_DISABLED,MASS,0,0,7236.75,4020.4000000000005,4833.130000000001,0,70.23666666666666,43.178000000000004,480,291,689883.0000000001,262196.47000000003,386370.86,375985.22000000003,2951520465.8967433,341400398.23758686,27964500.964464493
baseline,seed-4,QUALITY_EQUIP_DISABLED,BAL,0,0,8602.04,4778.910000000002,6335.180000000001,1,69.55333333333334,77.402,480,469,711155.4,711155.4,0,0,3698388607.258728,642454161.4826504,404720024.3560541
baseline,seed-4,QUALITY_EQUIP_DISABLED,JPQ,0,0,6664.059999999999,3702.2400000000002,4478.680000000002,1,70.72666666666667,71.776,480,380,557647.44,454578.88999999996,95617.27,91966.62,2965761476.8619633,525196255.2439183,288748479.51860887
baseline,seed-4,QUALITY_EQUIP_DISABLED,CONSV,0,0,7133.369999999999,3962.9900000000002,4760.869999999999,0,70.68333333333334,67.492,480,418,573398.1299999999,491868.3,48055.38,0,3012907504.2205076,528100671.8006107,322648495.8630793
baseline,seed-4,QUALITY_EQUIP_DISABLED,VAP,0,0,6099.149999999999,3388.3600000000006,5644.380000000004,4,70.31333333333333,63.70399999999999,480,376,526188.87,393410.48999999993,125686.84000000001,92703.24,2807359861.3143725,480661180.94023645,296615188.8707975
baseline,seed-5,QUALITY_EQUIP_ON,MASS,1,1,7017.599999999997,3898.6499999999987,5693.76,3,66.27333333333333,41.39399999999999,480,290,658598.46,255837.03,363430.6500000001,387861.91000000003,2832230293.215586,308192772.25781864,23816591.1049025
baseline,seed-5,QUALITY_EQUIP_ON,BAL,1,1,5650.869999999999,3139.3699999999994,4721.180000000001,2,73.08666666666667,80.04800000000002,480,467,691748.0600000002,688376.9200000002,3296.6000000000004,0,3590426036.0506387,631269719.3819094,289239910.64087814
baseline,seed-5,QUALITY_EQUIP_ON,JPQ,1,1,4788.070000000001,2660.01,3925.3599999999988,1,74.24666666666667,73.396,480,379,598700.43,499081.32999999996,90277.18000000001,55703.28,3203039636.2104974,571020081.6531513,329531304.84580797
baseline,seed-5,QUALITY_EQUIP_ON,CONSV,1,1,4592.139999999996,2551.220000000001,3053.3500000000013,0,74.91000000000001,69.90800000000002,480,422,573478.4999999999,497417.18999999994,43360.67999999999,0,3030620711.418141,543675254.253235,335497964.5919243
baseline,seed-5,QUALITY_EQUIP_ON,VAP,1,1,4073.8700000000003,2263.1800000000003,2724.8099999999995,0,74.84666666666665,65.94200000000001,480,376,528063.05,395215.0000000001,123912.76000000001,84803.50000000001,2845480062.387061,503760909.4510947,313944628.86337334
baseline,seed-5,QUALITY_EQUIP_DISABLED,MASS,0,0,7343.129999999998,4079.5000000000005,5896.4400000000005,3,65.01,40.422,480,290,658557.81,255838.09999999998,363174.48,387772,2830698986.3446193,306221738.2579775,23972185.452571377
baseline,seed-5,QUALITY_EQUIP_DISABLED,BAL,0,0,8567.869999999995,4759.96,6627.230000000001,2,69.14333333333333,72.30600000000001,480,452,721441.2800000001,696632.5800000001,11289.990000000002,0,3681984417.7256594,624352619.5696282,270685538.9280389
baseline,seed-5,QUALITY_EQUIP_DISABLED,JPQ,0,0,7352.309999999999,4084.6499999999987,5579.3499999999985,1,70.05,71.422,480,377,596128.5000000001,494388.86999999994,93841.01999999999,63438.719999999994,3174570244.7223735,556507303.5589621,331207480.7155784
baseline,seed-5,QUALITY_EQUIP_DISABLED,CONSV,0,0,7156.750000000002,3975.979999999999,5467.100000000001,1,69.24333333333333,65.868,480,418,573603.38,491654.1099999999,54081.99999999999,0,3021574176.549352,529423122.5783925,325223463.1737495
baseline,seed-5,QUALITY_EQUIP_DISABLED,VAP,0,0,6091.42,3384.1000000000013,4646.910000000003,1,69.12666666666667,60.242,480,376,528052.7,395178.4099999999,124848.02,93236.92000000001,2832044023.96875,491340447.80273455,307833960.2620992
ecuador-early-expansion,seed-1,QUALITY_EQUIP_ON,MASS,0,0,6885.2599999999975,3825.1100000000006,6097.160000000002,2,69.98666666666666,52.620000000000005,480,323,629953.0499999999,275828.69,352162.43999999994,703360.7100000001,2683630298.7460656,247140497.8384028,26487624.053812426
ecuador-early-expansion,seed-1,QUALITY_EQUIP_ON,BAL,1,1,6515.449999999999,3619.689999999998,5579.540000000003,1,73.41333333333334,79.71000000000001,480,467,690479.5599999999,687574.45,2207.89,0,3382514173.771854,518321072.68325317,222962872.75865805
ecuador-early-expansion,seed-1,QUALITY_EQUIP_ON,JPQ,1,1,4463.590000000002,2479.759999999999,3317.7900000000004,1,74.81666666666666,74.032,480,378,564091.0900000001,460582.3300000001,95808.02999999998,80573.73999999999,2859614612.4567113,443616571.1506776,244305069.1334328
ecuador-early-expansion,seed-1,QUALITY_EQUIP_ON,CONSV,1,1,4630.860000000001,2572.6600000000003,3081.7600000000016,0,74.85666666666667,69.57000000000001,480,417,576612.2700000001,492725.2299999999,47546.36,0,2870869363.3617196,443328701.6085442,270084206.33684933
ecuador-early-expansion,seed-1,QUALITY_EQUIP_ON,VAP,1,1,4230.969999999999,2350.53,2827.8999999999983,0,74.67999999999999,65.608,480,376,526383.75,392991.85000000015,124726.35,89481.45000000001,2687334275.28004,402381209.0799854,246670194.39909592
ecuador-early-expansion,seed-1,QUALITY_EQUIP_DISABLED,MASS,0,0,6885.2699999999995,3825.1800000000007,6097.120000000001,2,69.98666666666666,52.624,480,323,629955.4999999999,275832.01,352162.85,703425.9199999999,2683638927.784375,247083341.44335216,26378663.442353256
ecuador-early-expansion,seed-1,QUALITY_EQUIP_DISABLED,BAL,0,0,8274.01,4596.64,8147.56,2,69.39,77.482,480,464,692235.95,689408.6599999999,2794.54,0,3375325010.033899,504779553.13967335,213526664.92478
ecuador-early-expansion,seed-1,QUALITY_EQUIP_DISABLED,JPQ,0,0,6865.75,3814.2799999999997,4924.830000000001,1,70.58333333333333,72.30199999999999,480,378,564203.2799999999,460568.73000000004,96946.44000000002,84153.04000000001,2853730196.1914263,434285947.82787496,240122281.41273123
ecuador-early-expansion,seed-1,QUALITY_EQUIP_DISABLED,CONSV,0,0,7181.63,3989.7399999999993,4834.6900000000005,1,70.61333333333333,67.42600000000002,480,416,576595.44,487253.55999999994,51826.85,0,2865365387.412184,434624108.3832318,264043398.34525248
ecuador-early-expansion,seed-1,QUALITY_EQUIP_DISABLED,VAP,0,0,6103.489999999997,3390.8100000000004,4070.589999999998,0,70.69333333333333,63.538,480,376,526377.85,392980.4999999999,125397.56,93701.85,2681255210.4531918,394885811.97318274,241378169.19773898
ecuador-early-expansion,seed-2,QUALITY_EQUIP_ON,MASS,1,0,7242.950000000001,4023.7699999999973,7306.600000000001,5,69.18,49.00999999999999,480,320,629861.51,266143.93,334962.49000000005,270214.31000000006,2801197948.159845,271499631.62870497,29323578.430395335
ecuador-early-expansion,seed-2,QUALITY_EQUIP_ON,BAL,1,1,5387.339999999999,2992.939999999999,4544.9500000000035,2,74.60000000000001,80.18,480,463,695368.35,687387.03,3178.1800000000003,0,3402939970.527714,523582015.94649565,229298822.17995533
ecuador-early-expansion,seed-2,QUALITY_EQUIP_ON,JPQ,1,1,4774.349999999998,2652.4300000000003,3677.219999999999,1,74.67333333333333,74.826,480,381,597090.1400000001,501159.7299999999,85998.90000000001,45588.63,3021804228.3987107,470834062.2369416,271940261.8150701
ecuador-early-expansion,seed-2,QUALITY_EQUIP_ON,CONSV,1,1,4631.369999999999,2573.0100000000007,3133.020000000002,1,74.84666666666666,69.658,480,419,576538.3,492412.14000000013,46232.450000000004,0,2877299073.008074,448975903.02557623,272891093.32908887
ecuador-early-expansion,seed-2,QUALITY_EQUIP_ON,VAP,1,1,4077.0699999999993,2264.9799999999996,2726.5599999999995,0,74.84666666666665,65.53200000000001,480,376,526799.76,393343.42000000016,125032.97999999998,90038.98999999999,2695055021.149029,407739924.42905056,249390326.70517167
ecuador-early-expansion,seed-2,QUALITY_EQUIP_DISABLED,MASS,0,0,7217.609999999998,4009.820000000001,7476.709999999999,5,68.88,44.15,480,295,661724.6700000002,257422.38000000006,362703.11000000004,525204.9099999999,2805859376.912253,274640712.7452316,20490401.61770308
ecuador-early-expansion,seed-2,QUALITY_EQUIP_DISABLED,BAL,0,0,8722.139999999998,4845.6100000000015,7702.4400000000005,3,70.35333333333334,72.932,480,447,732692.1699999999,702079.82,16524.670000000002,0,3490962505.8887095,508364698.7036024,209172710.55192044
ecuador-early-expansion,seed-2,QUALITY_EQUIP_DISABLED,JPQ,0,0,7440.889999999999,4133.849999999999,5889.77,2,69.44999999999999,70.73799999999999,480,380,596903.62,498202.95,87091.42000000003,53730.47000000001,3012782449.8379383,458037811.5330657,261672918.6354887
ecuador-early-expansion,seed-2,QUALITY_EQUIP_DISABLED,CONSV,0,0,7213.909999999996,4007.7500000000005,4869.37,1,70.70666666666666,67.71,480,421,578120.8600000001,499247.29,42749.96,0,2869401392.3606253,439084385.6585727,272944669.9602626
ecuador-early-expansion,seed-2,QUALITY_EQUIP_DISABLED,VAP,0,0,6110.459999999998,3394.6300000000006,4576.84,1,69.50666666666666,60.922000000000004,480,376,526303.2,392842.76999999996,125940.48999999999,94527.89000000001,2686740773.1867714,396573535.62830365,241384015.98012418
ecuador-early-expansion,seed-3,QUALITY_EQUIP_ON,MASS,0,0,7381.180000000001,4100.650000000001,4926.389999999999,0,68.78000000000002,43.682,480,289,664702.51,252549.0199999999,371586.08999999997,346481.10000000003,2699127334.120378,243323769.21446678,12871307.016873015
ecuador-early-expansion,seed-3,QUALITY_EQUIP_ON,BAL,0,0,8268.640000000005,4593.720000000001,5507.799999999999,0,70.64,79.554,480,467,692109.9999999998,689234.0699999998,2472.7200000000003,0,3375720616.715531,513590437.9188479,221352207.69278312
ecuador-early-expansion,seed-3,QUALITY_EQUIP_ON,JPQ,1,1,4337.909999999998,2409.939999999999,2894.2000000000007,0,74.96,74.088,480,380,554361.42,453317.58999999997,91748.1,73952.42,2814009656.452617,434830798.4643555,231277674.56824833
ecuador-early-expansion,seed-3,QUALITY_EQUIP_ON,CONSV,1,1,4618.229999999998,2565.67,3575.560000000001,1,74.73,69.576,480,419,576333.96,492365.3,46467.62,0,2864598723.257748,440410750.46592623,266463463.12384015
ecuador-early-expansion,seed-3,QUALITY_EQUIP_ON,VAP,1,1,4084.999999999999,2269.489999999999,3692.949999999996,2,74.46666666666665,65.47999999999999,480,376,524228.3,390880.0299999999,124626.47000000002,89302.54,2670287776.7358418,396462635.52882284,241493928.95706314
ecuador-early-expansion,seed-3,QUALITY_EQUIP_DISABLED,MASS,0,0,7381.190000000002,4100.660000000002,4926.4,0,68.78000000000002,43.682,480,289,664725.0699999998,252553.61000000002,371587.89,346470.25999999995,2699071192.87174,243154953.68832284,12883741.8281303
ecuador-early-expansion,seed-3,QUALITY_EQUIP_DISABLED,BAL,0,0,8268.990000000002,4593.929999999999,5507.379999999998,0,70.64,79.55199999999999,480,467,691892.1599999999,689008.32,2351.83,0,3375741569.4032803,513469073.9424084,221211180.66929847
ecuador-early-expansion,seed-3,QUALITY_EQUIP_DISABLED,JPQ,0,0,6670.460000000003,3705.8500000000004,5355.5000000000055,2,70.24333333333334,71.122,480,380,554468.22,453899.55999999994,92923.95999999999,80954.06,2806739012.1798635,421989250.3676232,222627587.54052806
ecuador-early-expansion,seed-3,QUALITY_EQUIP_DISABLED,CONSV,0,0,7195.250000000005,3997.3800000000006,5642.099999999998,3,70.33,67.134,480,415,576429.9900000001,484778.8400000001,54484.520000000004,0,2858757535.8408556,430399595.7266126,259440374.51590627
ecuador-early-expansion,seed-3,QUALITY_EQUIP_DISABLED,VAP,0,0,6118.379999999999,3399.040000000002,5027.4000000000015,2,70.42666666666666,63.42999999999999,480,376,525639.78,392238.07999999984,125586.86000000002,94423.1,2673500246.3128605,391150960.0746427,236200257.78872013
ecuador-early-expansion,seed-4,QUALITY_EQUIP_ON,MASS,0,0,6955.910000000001,3864.3599999999997,4637,0,69.38333333333333,46.622,480,301,617082,266507.41000000003,301067.29000000004,408844.48000000004,2598426965.4640765,224449221.8391123,13311113.99829578
ecuador-early-expansion,seed-4,QUALITY_EQUIP_ON,BAL,1,0,8563.189999999995,4757.379999999999,6262.520000000003,1,69.37666666666667,74.122,480,457,728033.51,710121.18,9822.800000000001,0,3477540378.988415,512163516.59863627,210078427.59052908
ecuador-early-expansion,seed-4,QUALITY_EQUIP_ON,JPQ,1,1,4337.829999999998,2409.8699999999994,2894.4400000000014,0,74.96,74.12,480,382,554660.7300000001,457828.44000000006,90038.81999999999,74810.90999999999,2805720620.6769996,430924099.1713085,229807622.46901354
ecuador-early-expansion,seed-4,QUALITY_EQUIP_ON,CONSV,1,1,4631.009999999998,2572.7600000000007,3082.240000000002,0,74.85000000000001,69.588,480,417,576697.9,492700.19,48060.82,0,2857216752.382029,436971731.2831059,266077102.1707892
ecuador-early-expansion,seed-4,QUALITY_EQUIP_ON,VAP,1,1,4226.689999999999,2348.129999999999,3910.3899999999976,3,74.23666666666666,65.414,480,376,524334.33,391113.18000000005,125552.19,91018.34,2656046475.3318057,385673607.7770873,235032310.07338035
ecuador-early-expansion,seed-4,QUALITY_EQUIP_DISABLED,MASS,0,0,6955.91,3864.3799999999997,4637.01,0,69.38333333333333,46.626,480,301,617083.77,266508.63,301071.82,408843.86,2598379531.6024456,224284467.17874816,13307719.853997348
ecuador-early-expansion,seed-4,QUALITY_EQUIP_DISABLED,BAL,0,0,8563.099999999995,4757.329999999999,6262.560000000003,1,69.37666666666667,74.122,480,457,728103.15,710150.14,9912.41,0,3477529021.7998047,511932806.42240334,209881685.05334264
ecuador-early-expansion,seed-4,QUALITY_EQUIP_DISABLED,JPQ,0,0,6672.100000000002,3706.700000000001,4484.910000000003,1,70.74666666666667,72.284,480,380,555652.0700000002,454237.1000000001,90742.75,77772.09,2803922790.0360813,422843968.1887903,225040854.08445168
ecuador-early-expansion,seed-4,QUALITY_EQUIP_DISABLED,CONSV,0,0,7181.910000000003,3989.93,4796.499999999999,0,70.61,67.458,480,416,576673.59,487217.36,51704.68,0,2851857270.4334044,428403962.66405624,260139243.88716087
ecuador-early-expansion,seed-4,QUALITY_EQUIP_DISABLED,VAP,0,0,6112.0099999999975,3395.5000000000023,5653.280000000002,4,70.33,63.330000000000005,480,375,525759.54,389474.77999999997,126281.18,95699.21999999999,2662757699.0914674,380326098.7223882,230009428.14934874
ecuador-early-expansion,seed-5,QUALITY_EQUIP_ON,MASS,1,1,6975.439999999996,3875.330000000001,4864.860000000002,1,70.00666666666667,44.556,480,300,664894.33,274837.7,348541,467290.13000000006,2814147525.7390394,279202005.8700216,13151622.380366063
ecuador-early-expansion,seed-5,QUALITY_EQUIP_ON,BAL,1,1,5667.829999999999,3148.8399999999992,4735.950000000002,2,73.06666666666666,80.054,480,467,687998.98,684996.35,1139.81,0,3378739083.502327,519037462.22953635,227346243.34211147
ecuador-early-expansion,seed-5,QUALITY_EQUIP_ON,JPQ,1,1,4791.519999999999,2661.9399999999996,3929.219999999999,1,74.24,73.9,480,381,596511.5299999999,501823.46,84973.99,43361.72,3017544691.5437903,463391857.5541428,260913482.2848922
ecuador-early-expansion,seed-5,QUALITY_EQUIP_ON,CONSV,1,1,4585.859999999997,2547.6800000000007,3049.1900000000023,0,74.91333333333334,69.896,480,421,573142.01,491854.68000000005,42833.060000000005,0,2854731846.976243,441478819.97848713,270049744.2661773
ecuador-early-expansion,seed-5,QUALITY_EQUIP_ON,VAP,1,1,4076.8000000000015,2264.840000000001,2727.2199999999993,0,74.84666666666665,65.614,480,376,525880.88,392418.53,124754.24999999999,89732.65000000001,2679836223.808425,401159970.30482084,245928867.2652497
ecuador-early-expansion,seed-5,QUALITY_EQUIP_DISABLED,MASS,0,0,7297.489999999997,4054.2200000000007,5384.220000000003,2,67.68333333333334,41.25,480,300,664899.6500000001,274837.87000000005,349010.05999999994,467519.4600000001,2810736288.479129,275065707.35767645,13410296.203419901
ecuador-early-expansion,seed-5,QUALITY_EQUIP_DISABLED,BAL,0,0,8561.609999999997,4756.469999999999,6621.040000000001,2,69.14,72.40599999999999,480,452,720560.42,696167.5,10403.369999999999,0,3467617251.1107693,512320691.24205387,210380498.17256543
ecuador-early-expansion,seed-5,QUALITY_EQUIP_DISABLED,JPQ,0,0,7349.850000000001,4083.2499999999995,5577.3499999999985,1,70.05,71.908,480,378,593542.65,494013.30999999994,88259.32,49554.69,2992001070.0852284,450895962.3461611,264012116.50491586
ecuador-early-expansion,seed-5,QUALITY_EQUIP_DISABLED,CONSV,0,0,7181.560000000002,3989.789999999999,5485.909999999998,1,69.26666666666667,65.76599999999999,480,416,576660.9299999999,487331.6599999998,57026.96,0,2859797869.8235507,429752411.11642087,261922622.74848616
ecuador-early-expansion,seed-5,QUALITY_EQUIP_DISABLED,VAP,0,0,6095.469999999998,3386.310000000003,4648.93,1,69.13333333333333,59.94199999999999,480,376,525674.78,392226.0400000001,125634.89,98147.66000000002,2669548116.521805,390973537.351974,242259598.95300367
ecuador-delayed-expansion,seed-1,QUALITY_EQUIP_ON,MASS,0,0,7180.989999999999,3989.4299999999994,7223.479999999999,3,69.17666666666668,45.138,480,299,645950.4299999999,245668.39,387839.7200000001,571094.56,2865535823.0708766,336301524.65946496,32295489.956034943
ecuador-delayed-expansion,seed-1,QUALITY_EQUIP_ON,BAL,1,1,6525.379999999998,3625.2499999999995,5597.070000000001,1,73.43333333333334,77.158,480,459,695675.9800000001,680359.6100000001,4473.5199999999995,0,3628047898.8344073,644399962.1862608,312672703.881574
ecuador-delayed-expansion,seed-1,QUALITY_EQUIP_ON,JPQ,1,1,4455.109999999999,2475.049999999997,3310.8299999999986,1,74.83999999999999,73.432,480,375,566097.65,460599.8399999999,100903.16999999998,101303.84999999999,3070615424.7870045,576327501.750007,343893160.8812461
ecuador-delayed-expansion,seed-1,QUALITY_EQUIP_ON,CONSV,1,1,4632.67,2573.6900000000014,3084.2700000000013,0,74.85666666666667,69.578,480,417,576998.2100000001,492987,48269.97,0,3079823791.8228602,563659573.5031972,360081766.7216587
ecuador-delayed-expansion,seed-1,QUALITY_EQUIP_ON,VAP,1,1,4224.839999999999,2347.1,2823.9299999999994,0,74.67999999999999,66.046,480,376,528409.45,396159.0900000001,123181.26000000001,80862.44,2885306696.807004,531708682.7621107,342945846.5816545
ecuador-delayed-expansion,seed-1,QUALITY_EQUIP_DISABLED,MASS,0,0,7181.099999999998,3989.47,7223.5199999999995,3,69.17666666666668,45.138,480,299,645963.83,245668.51999999993,387848.60000000003,571145.8799999999,2865576190.0201077,336200147.76480716,32122538.832442008
ecuador-delayed-expansion,seed-1,QUALITY_EQUIP_DISABLED,BAL,0,0,8283.100000000004,4601.750000000001,8172.100000000001,2,69.42,75.254,480,459,698911.3600000001,683666.1300000001,5300.700000000002,0,3620520330.0143414,631358597.359519,303206680.9243307
ecuador-delayed-expansion,seed-1,QUALITY_EQUIP_DISABLED,JPQ,0,0,6857.630000000006,3809.78,4920.970000000004,1,70.60666666666667,71.636,480,374,566033.8999999999,457975.3300000001,101726.95,105128.06,3063771511.845088,566043148.84418,339066106.1497174
ecuador-delayed-expansion,seed-1,QUALITY_EQUIP_DISABLED,CONSV,0,0,7184.46,3991.3899999999994,4835.819999999999,1,70.61333333333333,67.434,480,416,576984.4299999999,487566.98000000004,52558.48,0,3073947767.9868546,554293048.0961807,353512773.28115445
ecuador-delayed-expansion,seed-1,QUALITY_EQUIP_DISABLED,VAP,0,0,6093.0099999999975,3384.940000000002,4063.7699999999977,0,70.69333333333333,63.984,480,376,528394.71,396135.98000000004,123856.66,85129.79,2877597209.996369,523399193.77350193,337305268.693025
ecuador-delayed-expansion,seed-2,QUALITY_EQUIP_ON,MASS,1,0,7444.290000000004,4135.670000000001,7159.099999999999,4,68.50333333333333,40.294,480,275,687065.9,232845.91,417011.16000000003,394213.37,3001642455.2543664,361443572.03212893,42037946.27764258
ecuador-delayed-expansion,seed-2,QUALITY_EQUIP_ON,BAL,1,1,5584.099999999999,3102.270000000001,4678.64,2,74.58666666666666,77.238,480,457,727540.7400000001,710294.92,9100.759999999998,0,3768454060.902804,664233567.6774613,322974537.0379712
ecuador-delayed-expansion,seed-2,QUALITY_EQUIP_ON,JPQ,1,1,4777.619999999998,2654.25,3679.0799999999967,1,74.67333333333333,74.242,480,378,599136.8500000001,497419.9699999999,93144.52,63602.119999999995,3246543838.5639396,602423270.4897383,370657792.37109274
ecuador-delayed-expansion,seed-2,QUALITY_EQUIP_ON,CONSV,1,1,4628.96,2571.6600000000003,3130.360000000001,1,74.87,69.792,480,419,576889.6299999999,492666.8400000001,46556.579999999994,0,3085936388.704976,568390547.7153456,362159569.04998267
ecuador-delayed-expansion,seed-2,QUALITY_EQUIP_ON,VAP,1,1,4071.429999999999,2261.8500000000004,2723.099999999999,0,74.84666666666665,66.054,480,376,528284.3099999999,395786.51,123567.51999999999,81834.48000000001,2891347957.4672422,536376645.0906208,346636189.5444432
ecuador-delayed-expansion,seed-2,QUALITY_EQUIP_DISABLED,MASS,0,0,7381.26,4100.7699999999995,7192.6,4,68.81666666666666,39.588,480,264,718135.0999999999,230316.36999999997,455984.88,608308.94,3059438006.976004,370974939.1810586,49207566.42215687
ecuador-delayed-expansion,seed-2,QUALITY_EQUIP_DISABLED,BAL,0,0,8701.740000000002,4834.300000000004,7692.089999999999,3,70.32666666666667,75.402,480,457,718060.0499999998,701829.4399999998,7804.540000000001,0,3728925761.980605,640250496.2658296,302050854.33902305
ecuador-delayed-expansion,seed-2,QUALITY_EQUIP_DISABLED,JPQ,0,0,7412.7300000000005,4118.199999999999,5870.249999999999,2,69.52666666666666,70.22999999999999,480,378,599053.9899999999,497419.79999999993,94419.85999999999,70816.03000000001,3236953152.8100266,587435762.2582831,357104089.44290227
ecuador-delayed-expansion,seed-2,QUALITY_EQUIP_DISABLED,CONSV,0,0,7253.1,4029.5200000000004,4892.06,1,70.65333333333334,67.89200000000001,480,423,579706.5199999999,505644.54,42663.72,0,3083535756.9040833,557324358.3897326,358929601.98036706
ecuador-delayed-expansion,seed-2,QUALITY_EQUIP_DISABLED,VAP,0,0,6101.749999999998,3389.800000000002,4569.220000000001,1,69.51,61.432,480,376,528324.29,395727.48000000004,124620.76999999999,87560.7,2882917993.1583657,525106097.3639542,338418539.2038458
ecuador-delayed-expansion,seed-3,QUALITY_EQUIP_ON,MASS,0,0,7517.010000000001,4176.099999999999,5010.280000000001,0,68.50333333333334,40.378,480,275,640556.7999999998,245387.07000000007,352483.69,254538.91999999998,2906813680.298153,335035880.8583243,36823257.554490075
ecuador-delayed-expansion,seed-3,QUALITY_EQUIP_ON,BAL,0,0,8542.249999999998,4745.730000000002,5694.0300000000025,0,70.59,76.19800000000001,480,457,722880.7699999999,703451.99,9260.77,0,3721528361.4637294,647595873.3811748,304544672.3908234
ecuador-delayed-expansion,seed-3,QUALITY_EQUIP_ON,JPQ,1,1,4344.589999999998,2413.6199999999994,2898.3199999999997,0,74.95666666666666,73.348,480,378,558456.5999999999,452674.1699999998,98405.68000000001,100980.45,3024416721.575547,563614143.5291148,324124531.84185576
ecuador-delayed-expansion,seed-3,QUALITY_EQUIP_ON,CONSV,1,1,4622.089999999998,2567.820000000001,3579.57,1,74.73333333333333,69.5,480,420,576990.27,497984.62,46692.96,0,3075272382.3639255,560338987.528206,356113924.1298776
ecuador-delayed-expansion,seed-3,QUALITY_EQUIP_ON,VAP,1,1,4068.389999999999,2260.1799999999985,3682.959999999997,2,74.49000000000001,65.976,480,376,526880.47,394625.57999999996,123122.52,80817.92,2866676636.550752,523582823.5447585,338444543.97541875
ecuador-delayed-expansion,seed-3,QUALITY_EQUIP_DISABLED,MASS,0,0,7517.000000000001,4176.099999999999,5010.27,0,68.50333333333334,40.378,480,275,640562.0000000001,245389.49000000008,352493.9700000001,254554.57,2906798942.5755305,334940460.696334,36787360.095712066
ecuador-delayed-expansion,seed-3,QUALITY_EQUIP_DISABLED,BAL,0,0,8541.539999999994,4745.27,5692.850000000001,0,70.59,76.202,480,457,724134.9600000001,704485.93,10408.630000000001,0,3721620589.0752063,647308587.8701851,304248937.68752825
ecuador-delayed-expansion,seed-3,QUALITY_EQUIP_DISABLED,JPQ,0,0,6687.060000000003,3715.0400000000004,5367.360000000003,2,70.23666666666666,70.306,480,378,558899.8800000001,453268.14999999997,99554.34999999998,110255.09,3016629784.243286,549789549.4867709,315851035.2709286
ecuador-delayed-expansion,seed-3,QUALITY_EQUIP_DISABLED,CONSV,0,0,7206.249999999999,4003.45,5650.049999999997,3,70.32333333333334,66.932,480,415,576905.5399999999,485140.3399999999,54766.62,0,3067843031.3650756,548930494.0278587,347822535.64925706
ecuador-delayed-expansion,seed-3,QUALITY_EQUIP_DISABLED,VAP,0,0,6081.929999999999,3378.7899999999995,5004.410000000004,2,70.42666666666666,63.912,480,376,526847.75,394587.29999999993,124028.37999999999,85558.23000000001,2858455020.4716244,514638168.29373586,332144118.74005157
ecuador-delayed-expansion,seed-4,QUALITY_EQUIP_ON,MASS,0,0,7571.719999999999,4206.5,5049.9900000000025,0,69.27999999999999,40.084,480,271,704680.02,245549.74000000002,420294.47,425493.49,3034382509.5730743,364686641.59697986,44370223.29861894
ecuador-delayed-expansion,seed-4,QUALITY_EQUIP_ON,BAL,1,0,8514.969999999994,4730.589999999999,6230.420000000003,1,69.43666666666668,71.84400000000001,480,448,729197.5500000002,699639.3000000002,13251.92,0,3732979690.5830855,641078916.4689345,301041276.21891254
ecuador-delayed-expansion,seed-4,QUALITY_EQUIP_ON,JPQ,1,1,4341.129999999998,2411.6699999999996,2896.76,0,74.94666666666667,73.628,480,380,556956.1399999999,454018.98999999993,94758.66999999998,93653.65000000001,3007315719.61818,556521371.1996682,321998232.86524135
ecuador-delayed-expansion,seed-4,QUALITY_EQUIP_ON,CONSV,1,1,4632.979999999999,2573.840000000001,3084.2800000000016,0,74.85333333333334,69.45599999999999,480,417,577027.68,492940.66,48334.78,0,3064222529.2574997,554278307.0948813,353463914.4382761
ecuador-delayed-expansion,seed-4,QUALITY_EQUIP_ON,VAP,1,1,4211.369999999998,2339.629999999999,3901.1099999999988,3,74.25,65.568,480,375,526409.48,391947.44000000006,124443.87,83905.13999999998,2849984248.5544653,511315455.18121713,328893809.129225
ecuador-delayed-expansion,seed-4,QUALITY_EQUIP_DISABLED,MASS,0,0,7571.73,4206.490000000001,5049.9900000000025,0,69.27999999999999,40.084,480,271,704730.5599999998,245551.99999999997,420350.44,425575.82999999996,3034374309.7785645,364675253.3539091,44379693.72984306
ecuador-delayed-expansion,seed-4,QUALITY_EQUIP_DISABLED,BAL,0,0,8515.249999999996,4730.699999999999,6234.590000000003,1,69.43666666666668,71.84200000000001,480,448,729229.6,699661.51,13308.650000000001,0,3732995133.347137,641040077.4036787,301006030.42163557
ecuador-delayed-expansion,seed-4,QUALITY_EQUIP_DISABLED,JPQ,0,0,6663.49,3701.9100000000003,4478.440000000003,1,70.72333333333334,71.84400000000001,480,380,557414.0199999999,454600.27999999997,95504.97999999998,96973.22,3002316089.801216,547503457.2365642,317500717.7249031
ecuador-delayed-expansion,seed-4,QUALITY_EQUIP_DISABLED,CONSV,0,0,7125.920000000003,3958.8800000000006,4757.71,0,70.69666666666666,67.486,480,418,573587.55,491735.06999999995,48530.62,0,3044379760.402443,543549094.1195124,345589044.904727
ecuador-delayed-expansion,seed-4,QUALITY_EQUIP_DISABLED,VAP,0,0,6089.5999999999985,3383.0500000000015,5638.190000000003,4,70.30000000000001,63.45,480,375,526379.0499999999,391904.2199999999,125370.36000000002,88207.32,2842521315.211898,501400162.9429394,321788736.8103729
ecuador-delayed-expansion,seed-5,QUALITY_EQUIP_ON,MASS,0,0,7559.18,4199.549999999999,6065.459999999999,3,64.61333333333333,37.122,480,270,681213.8600000001,235932.30000000005,405176.77,401387.81,2911226716.4286966,327873436.4576545,28310381.387707043
ecuador-delayed-expansion,seed-5,QUALITY_EQUIP_ON,BAL,1,1,5655.79,3142.07,4726.659999999998,2,73.07666666666667,80.05,480,467,688496.2600000001,685129.18,1290.96,0,3623587376.5732784,646083194.8661556,318149076.62657666
ecuador-delayed-expansion,seed-5,QUALITY_EQUIP_ON,JPQ,1,1,4787.289999999998,2659.6399999999994,3925.049999999999,1,74.24666666666667,73.248,480,378,598826.03,497641.56999999995,92027.40000000001,62129.38000000002,3240465074.427051,594663272.7028215,358949492.7432535
ecuador-delayed-expansion,seed-5,QUALITY_EQUIP_ON,CONSV,1,1,4592.9299999999985,2551.630000000001,3053.6400000000017,0,74.91000000000001,70.02799999999999,480,422,573506.32,497121.91000000003,43228.72,0,3062947497.0365796,561393786.0876054,359879711.180764
ecuador-delayed-expansion,seed-5,QUALITY_EQUIP_ON,VAP,1,1,4072.100000000001,2262.24,2723.559999999999,0,74.84666666666665,66.018,480,376,527884.4099999999,395354.0899999999,123447.40000000001,81273.48999999999,2881923589.388533,530360502.22415006,343543010.0053797
ecuador-delayed-expansion,seed-5,QUALITY_EQUIP_DISABLED,MASS,0,0,7477.05,4153.88,6001.669999999999,3,65.02,39.858000000000004,480,290,662909.7200000001,255150.27,367564.55,342519.92000000004,2938489106.7039065,346776287.2318833,28699172.029059887
ecuador-delayed-expansion,seed-5,QUALITY_EQUIP_DISABLED,BAL,0,0,8518.109999999995,4732.34,6592.540000000002,2,69.2,72.364,480,452,722019.6399999999,696876.7599999999,11636.560000000001,0,3725133369.4685574,643938665.6048509,304120295.08521634
ecuador-delayed-expansion,seed-5,QUALITY_EQUIP_DISABLED,JPQ,0,0,7356.310000000002,4086.8799999999983,5587.379999999999,1,70.06,71.272,480,376,596181.53,494265.6500000001,95330.58000000002,70620.68,3213708653.447258,578946626.9631829,359101133.1672081
ecuador-delayed-expansion,seed-5,QUALITY_EQUIP_DISABLED,CONSV,0,0,7164.55,3980.31,5471.76,1,69.23666666666666,66.66399999999999,480,420,573660.82,491677.22000000003,53970.03,0,3054938974.5810204,547883961.0310266,350096332.4874526
ecuador-delayed-expansion,seed-5,QUALITY_EQUIP_DISABLED,VAP,0,0,6087.079999999998,3381.670000000002,4644.1,1,69.13,60.54200000000001,480,376,527837.96,395360.79999999993,124308.65000000001,89534.81,2869334983.72799,517980567.70169944,337357973.83497435
global-demand-boom,seed-1,QUALITY_EQUIP_ON,MASS,0,0,6538.62,3632.5700000000006,5808.440000000003,2,70.83999999999999,44.928,480,272,632407,224078.08999999997,390927.65,715765.6,3212197769.1119633,490571958.0840243,28847816.45736882
global-demand-boom,seed-1,QUALITY_EQUIP_ON,BAL,1,1,6539.039999999999,3632.8199999999997,5596.050000000002,1,73.42666666666666,79.734,480,467,693419.91,688074.99,3807.61,0,4153879583.865202,909572870.9297742,489048136.99834985
global-demand-boom,seed-1,QUALITY_EQUIP_ON,JPQ,1,1,4460.36,2477.999999999998,3314.7699999999995,1,74.82333333333334,71.76,480,369,570201.4500000001,453633.12000000005,109249.84,134665.78,3516790365.860837,839604732.551433,532241090.70353097
global-demand-boom,seed-1,QUALITY_EQUIP_ON,CONSV,1,1,4619.859999999998,2566.6,3073.2700000000013,0,74.91333333333334,70.23599999999999,480,423,577588.8,496634.7400000001,48337.880000000005,0,3525822456.77119,809809674.0797558,536655288.82094324
global-demand-boom,seed-1,QUALITY_EQUIP_ON,VAP,1,1,4216.28,2342.3600000000006,2818.5899999999983,0,74.67999999999999,57.9,480,349,531272.8500000001,356376.22999999986,146246.91000000003,71510.74,3309145772.799204,795019899.4972261,532497460.36465263
global-demand-boom,seed-1,QUALITY_EQUIP_DISABLED,MASS,0,0,6538.250000000001,3632.370000000001,5808.250000000002,2,70.83999999999999,44.93,480,272,632406.9399999998,224077.98999999996,390974.45999999996,716080.77,3212215772.3721156,490882472.9317521,28496332.813300863
global-demand-boom,seed-1,QUALITY_EQUIP_DISABLED,BAL,0,0,8296.68,4609.290000000002,8178.830000000002,2,69.49,76.732,480,467,693988.3699999999,688739.8199999998,552.39,0,4151848009.6571383,902638166.909768,504907412.85486585
global-demand-boom,seed-1,QUALITY_EQUIP_DISABLED,JPQ,0,0,6853.100000000001,3807.2999999999993,4918.270000000002,1,70.6,69.93599999999999,480,368,570249.22,453518.51999999996,110091.9,139625.87,3508674108.22758,825287883.736354,524502918.5526606
global-demand-boom,seed-1,QUALITY_EQUIP_DISABLED,CONSV,0,0,7221.819999999997,4012.17,4857.96,1,70.59333333333332,67.918,480,421,577588.4200000002,496361.8800000001,52704.33,0,3519150257.5027685,798299889.2020928,528285340.89352244
global-demand-boom,seed-1,QUALITY_EQUIP_DISABLED,VAP,0,0,6078.78,3377.020000000002,4055.4199999999987,0,70.69333333333333,54.38399999999999,480,342,531269.6,346862.39999999997,150661.36999999997,75661.14,3300205892.134892,785428487.628894,525808215.99947757
global-demand-boom,seed-2,QUALITY_EQUIP_ON,MASS,1,0,7041.920000000001,3912.1599999999994,7394.880000000002,5,69.86,40.972,480,274,716661.2000000001,232078.28,473325.67999999993,523396.42000000004,3495516815.617474,561050154.6541615,32399593.87371535
global-demand-boom,seed-2,QUALITY_EQUIP_ON,BAL,1,1,5560.259999999998,3089.01,4663.96,2,74.62,77.312,480,457,729162.64,709739.5299999999,11086.11,0,4314713135.252851,931404927.8873572,500760936.3598406
global-demand-boom,seed-2,QUALITY_EQUIP_ON,JPQ,1,1,4776.859999999997,2653.76,3678.5899999999992,1,74.67333333333333,72.74000000000001,480,371,602578.8300000001,493931.4099999999,103804.17,93636.08,3717030877.0015006,869092688.8045975,558150808.5452087
global-demand-boom,seed-2,QUALITY_EQUIP_ON,CONSV,1,1,4620.779999999999,2567.129999999999,3124.6200000000013,1,74.90333333333332,70.484,480,425,577425.07,500903,46682.950000000004,0,3531666545.662494,813223727.7885976,536981576.7015631
global-demand-boom,seed-2,QUALITY_EQUIP_ON,VAP,1,1,4215.37,2341.840000000001,2817.3899999999985,0,74.67999999999999,58.31,480,349,531250.91,355776.92,147365.97,72716.44,3314981681.956159,801218991.3713306,537179741.8038332
global-demand-boom,seed-2,QUALITY_EQUIP_DISABLED,MASS,0,0,7571.65,4206.469999999999,7730.98,5,68.28666666666668,40.024,480,269,700502.1799999999,227908.59999999995,458609.72000000003,447606.77999999997,3482151421.7239385,554967901.1558864,32943259.700358577
global-demand-boom,seed-2,QUALITY_EQUIP_DISABLED,BAL,0,0,8755.940000000002,4864.4500000000035,7729.009999999998,3,70.35333333333334,74.788,480,455,729846.4899999998,705822.7099999998,13627.05,0,4301376460.811587,909997278.3933833,481024423.1917092
global-demand-boom,seed-2,QUALITY_EQUIP_DISABLED,JPQ,0,0,7444.299999999997,4135.75,5892.87,2,69.45333333333333,68.46200000000002,480,371,602537.8799999999,493920.66999999987,104509.31999999999,102355.30999999998,3704807572.2723,851996600.3063245,543442169.247057
global-demand-boom,seed-2,QUALITY_EQUIP_DISABLED,CONSV,0,0,7164.49,3980.2599999999984,4831.19,1,70.74000000000001,67.982,480,421,577424.46,495932.71,53546.11,0,3523646123.452571,801807858.4374251,528561017.025214
global-demand-boom,seed-2,QUALITY_EQUIP_DISABLED,VAP,0,0,6085.239999999996,3380.660000000002,4554.83,1,69.51666666666667,53.11,480,343,531250.06,349832.8300000001,151957.33000000002,76854.17000000001,3305346077.419588,788480719.5077646,527780383.80390954
global-demand-boom,seed-3,QUALITY_EQUIP_ON,MASS,0,0,8079.240000000002,4488.419999999999,5384.790000000001,0,69.74,39.553999999999995,480,264,777870.34,231057.57,534584.2099999998,596215.64,3740213339.1340313,609176942.5874734,37460770.42804331
global-demand-boom,seed-3,QUALITY_EQUIP_ON,BAL,0,0,8511.609999999993,4728.700000000002,5675.690000000001,0,70.67333333333333,76.54599999999999,480,458,726322.2199999999,711215.4999999999,9075.31,0,4291348012.23598,913431965.5221429,481030375.8908552
global-demand-boom,seed-3,QUALITY_EQUIP_ON,JPQ,1,1,4341.489999999999,2411.8899999999994,2896.1299999999997,0,74.95666666666666,71.506,480,372,562551.54,449649.68999999994,107984.76,136330.02000000002,3462035006.5066977,827434941.33285,514050063.8900524
global-demand-boom,seed-3,QUALITY_EQUIP_ON,CONSV,1,1,4625.17,2569.5200000000004,3579.600000000001,1,74.72666666666667,70.46400000000001,480,427,577402.4700000001,500612.3900000001,46681.71,0,3521195868.669222,805297191.905757,531171205.43008167
global-demand-boom,seed-3,QUALITY_EQUIP_ON,VAP,1,1,4059.3000000000006,2255.1299999999987,3681.329999999997,2,74.50333333333333,60.763999999999996,480,358,529759.1800000002,360069.32999999996,144604.66,69739.53,3293643880.2437897,788438784.9578054,529547959.6221322
global-demand-boom,seed-3,QUALITY_EQUIP_DISABLED,MASS,0,0,8079.240000000002,4488.419999999999,5384.760000000001,0,69.74,39.553999999999995,480,264,777871.1499999999,231057.28000000003,534588.2999999999,596226.1799999999,3740184082.8039007,609033490.9756068,37362455.808282554
global-demand-boom,seed-3,QUALITY_EQUIP_DISABLED,BAL,0,0,8511.629999999994,4728.720000000002,5675.670000000002,0,70.67333333333333,76.54599999999999,480,458,726322.6500000001,711215.1900000002,9075.49,0,4291324866.417294,913283740.9485451,480897040.90564704
global-demand-boom,seed-3,QUALITY_EQUIP_DISABLED,JPQ,0,0,6683.930000000002,3713.270000000002,5366.510000000005,2,70.23666666666666,68.334,480,371,563133.17,449898.6699999999,108700.62999999999,146661.09000000003,3453996058.7784786,811354837.7984738,502956357.0747651
global-demand-boom,seed-3,QUALITY_EQUIP_DISABLED,CONSV,0,0,7199,3999.409999999999,5647.269999999999,3,70.33333333333333,67.44200000000001,480,418,577399.4800000001,490582.7400000001,56463.62,0,3512295838.7140536,791758724.825315,521064577.50992084
global-demand-boom,seed-3,QUALITY_EQUIP_DISABLED,VAP,0,0,6075.5199999999995,3375.240000000002,4999.170000000004,2,70.42,54.854,480,344,530202.76,351162.2900000001,152871.86000000002,76444.76999999999,3284518054.395121,777797308.4498987,521775558.76682657
global-demand-boom,seed-4,QUALITY_EQUIP_ON,MASS,0,0,7358.970000000002,4088.31,4909.729999999999,0,70.82333333333334,40.245999999999995,480,257,756506.56,226785.91,494562.62,557428.56,3614877150.284478,579208522.2754297,25557062.553511474
global-demand-boom,seed-4,QUALITY_EQUIP_ON,BAL,1,0,8515.709999999997,4730.959999999999,6235.300000000003,1,69.48666666666666,73.42800000000001,480,454,731440.4299999999,706805.74,16070.539999999999,0,4277955352.8813696,905565413.0719607,474856759.72583497
global-demand-boom,seed-4,QUALITY_EQUIP_ON,JPQ,1,1,4345.129999999998,2413.8899999999994,2899.480000000001,0,74.95,71.806,480,372,561191.6599999999,449578.33999999997,106213.01000000001,128866.49,3447527963.9988623,816832860.086724,502078385.9644194
global-demand-boom,seed-4,QUALITY_EQUIP_ON,CONSV,1,1,4609.84,2561.0200000000023,3067.0500000000006,0,74.87666666666667,70.626,480,427,573978.85,500649.07000000007,43391.90000000001,0,3492411774.252937,796268825.9714864,526224379.7211766
global-demand-boom,seed-4,QUALITY_EQUIP_ON,VAP,1,1,4206.6900000000005,2337.0700000000006,3897.1599999999976,3,74.25666666666666,57.8,480,353,528585.0299999999,360003.2900000001,139569.59,61248.90000000001,3284269714.729214,777389764.6135249,519793804.1455406
global-demand-boom,seed-4,QUALITY_EQUIP_DISABLED,MASS,0,0,7358.980000000001,4088.31,4909.719999999998,0,70.82333333333334,40.245999999999995,480,257,756508.1900000001,226786.30000000002,494565.06,557434.66,3614846935.8143477,579012155.8441725,25561373.745221827
global-demand-boom,seed-4,QUALITY_EQUIP_DISABLED,BAL,0,0,8515.739999999996,4730.95,6235.300000000003,1,69.48666666666666,73.42800000000001,480,454,731441.6,706807.5199999999,16072.710000000001,0,4277914260.9085536,905342096.56775,474674987.22410893
global-demand-boom,seed-4,QUALITY_EQUIP_DISABLED,JPQ,0,0,6669.5199999999995,3705.300000000001,4482.910000000004,1,70.72666666666667,70.03999999999999,480,372,561768.74,450169.0799999999,106866.06999999999,132914.69999999998,3441599321.0543547,806062259.6650286,496664870.80375206
global-demand-boom,seed-4,QUALITY_EQUIP_DISABLED,CONSV,0,0,7162.880000000001,3979.389999999998,4781.47,0,70.74000000000001,67.992,480,421,577601.8400000001,496537.1200000001,51984.04,0,3503926036.89212,788379407.4203849,521133139.3061487
global-demand-boom,seed-4,QUALITY_EQUIP_DISABLED,VAP,0,0,6076.819999999999,3375.970000000001,5623.860000000002,4,70.33999999999999,54.36800000000001,480,348,528579.1099999999,353300.4099999999,144020,65139.14000000001,3275345083.2742586,765783978.6200852,511478671.12401295
global-demand-boom,seed-5,QUALITY_EQUIP_ON,MASS,1,1,7459.12,4143.940000000001,5939.120000000001,3,65.82666666666667,35.762,480,256,705724.4800000001,211321.88000000003,454718.33,367091.48,3433967375.4229903,529251998.9079836,28480792.60453169
global-demand-boom,seed-5,QUALITY_EQUIP_ON,BAL,1,1,5840.5199999999995,3244.7100000000014,4833.659999999999,2,73.06,76.596,480,457,722736.2399999999,703067.5099999999,10803.019999999999,0,4276038802.0122094,920209709.7285686,491918536.6650417
global-demand-boom,seed-5,QUALITY_EQUIP_ON,JPQ,1,1,4792.279999999999,2662.4100000000008,3926.9999999999995,1,74.24,71.68,480,371,602941.82,494256.83999999997,104093.49999999999,95908.23000000001,3710934243.359469,859469409.3680512,547344656.3475695
global-demand-boom,seed-5,QUALITY_EQUIP_ON,CONSV,1,1,4605.939999999998,2558.840000000002,3064.0200000000004,0,74.89,70.78,480,428,574023.66,500048.3000000001,43387.1,0,3505470339.821901,805074347.4589185,534785222.90064627
global-demand-boom,seed-5,QUALITY_EQUIP_ON,VAP,1,1,4062.120000000001,2256.690000000001,2716.889999999999,0,74.84666666666665,56.855999999999995,480,343,531328.3699999999,349921.07,149150.19000000003,70836.35,3305188356.94545,795563745.0367998,534255696.9527974
global-demand-boom,seed-5,QUALITY_EQUIP_DISABLED,MASS,0,0,7823.290000000001,4346.240000000001,6169.519999999999,3,64.54666666666667,34.971999999999994,480,256,705730.5300000001,211321.92000000004,454725.01999999996,367530.89,3432076070.0394554,527541767.5002835,28598342.290826052
global-demand-boom,seed-5,QUALITY_EQUIP_DISABLED,BAL,0,0,8472.88,4707.12,6563.800000000001,2,69.24333333333334,73.22,480,455,722089.01,697713.4800000001,12404.990000000002,0,4265175623.1776233,907196015.9555961,478411047.76212555
global-demand-boom,seed-5,QUALITY_EQUIP_DISABLED,JPQ,0,0,7353.790000000002,4085.409999999999,5579.829999999999,1,70.05,69.642,480,368,600634.6999999997,487141.4300000001,106630.03999999998,106512.56,3679747109.405619,841756729.0287179,546078267.2220091
global-demand-boom,seed-5,QUALITY_EQUIP_DISABLED,CONSV,0,0,7136.660000000003,3964.84,5453.4299999999985,1,69.34333333333333,67.042,480,420,574021.9700000001,487710.7200000002,55643.409999999996,0,3493684370.411174,789889284.32691,523374846.674044
global-demand-boom,seed-5,QUALITY_EQUIP_DISABLED,VAP,0,0,6071.309999999999,3372.9000000000015,4634.280000000001,1,69.13666666666667,52.39000000000001,480,342,531316.84,346760.77999999997,154364.26,79216.71,3289816050.687812,780768129.5478144,526372753.71238524
global-disease-crisis,seed-1,QUALITY_EQUIP_ON,MASS,0,0,6869.709999999999,3816.499999999999,6044.660000000003,2,69.57000000000001,48.386,480,309,604844.35,245908.71000000002,349331.92,514247.43999999994,2990265501.970874,394757414.1103819,55240885.6622747
global-disease-crisis,seed-1,QUALITY_EQUIP_ON,BAL,1,1,6901.730000000003,3834.340000000002,6039.9500000000035,1,73.37,76.35999999999999,480,456,731900.65,711617.1,10832.18,0,4065969826.135516,778636103.5701587,389970361.62996054
global-disease-crisis,seed-1,QUALITY_EQUIP_ON,JPQ,1,1,4429.649999999998,2460.909999999999,3292.2499999999995,1,74.89333333333333,72.97200000000001,480,372,566273.6100000001,457790.98000000004,102489.45999999998,106903.63999999998,3306074051.2513647,707406407.6957538,441255004.53789407
global-disease-crisis,seed-1,QUALITY_EQUIP_ON,CONSV,1,1,4599.959999999998,2555.5100000000016,3057.6100000000024,0,74.90333333333335,70.602,480,427,573777.81,500838.76,44903.28,0,3304151394.771931,678750076.817748,441145636.5733083
global-disease-crisis,seed-1,QUALITY_EQUIP_ON,VAP,1,1,4213.78,2340.959999999999,2818.6499999999974,0,74.67666666666668,66.454,480,376,527560.76,395572.24,123025.57999999999,81214.52,3104592546.2417464,660423015.5503497,438743701.6491662
global-disease-crisis,seed-1,QUALITY_EQUIP_DISABLED,MASS,0,0,6869.519999999999,3816.42,6044.510000000003,2,69.57000000000001,48.388,480,309,604845.0199999999,245909.70999999996,349336.79,514569.74,2990183698.340101,394663689.83599854,55237053.029926606
global-disease-crisis,seed-1,QUALITY_EQUIP_DISABLED,BAL,0,0,8186.329999999996,4547.929999999998,8295.939999999999,2,69.76333333333334,73.748,480,456,731917.0299999999,711627.51,11608.619999999999,0,4052806782.875473,767116408.4266859,382073876.5790901
global-disease-crisis,seed-1,QUALITY_EQUIP_DISABLED,JPQ,0,0,6831.070000000004,3795.000000000001,4903.2400000000025,1,70.67333333333333,71.23599999999999,480,372,566227.15,457781.94000000006,103165.95000000001,110876.1,3298951189.1144977,696421111.3738624,435914761.50369793
global-disease-crisis,seed-1,QUALITY_EQUIP_DISABLED,CONSV,0,0,7159.070000000001,3977.3,4817.609999999998,1,70.58999999999999,68.088,480,423,573765.78,493526.37999999995,49188.27000000001,0,3297734916.93438,668407823.4799135,433855085.99148977
global-disease-crisis,seed-1,QUALITY_EQUIP_DISABLED,VAP,0,0,6086.240000000001,3381.220000000002,4056.1299999999987,0,70.66333333333334,64.376,480,376,527539.6400000001,395535.97000000003,123705.10999999999,85536.21000000002,3096269516.163155,651064726.4215708,432243959.8036825
global-disease-crisis,seed-2,QUALITY_EQUIP_ON,MASS,1,0,7536.1,4186.69,7503.239999999998,5,67.51333333333334,38.124,480,256,646563.5499999999,214593.84999999998,399705.33999999997,330328.35,3141102340.6505284,410848333.83134955,48519910.383907475
global-disease-crisis,seed-2,QUALITY_EQUIP_ON,BAL,1,1,5546.509999999998,3081.4000000000005,4654.02,2,74.62333333333333,76.97200000000001,480,455,735136.06,709783.4700000001,16101.8,0,4066084977.464849,787734015.8176557,403240371.5515755
global-disease-crisis,seed-2,QUALITY_EQUIP_ON,JPQ,1,1,4770.289999999995,2650.14,3672.549999999999,1,74.68333333333334,73.83000000000001,480,374,598777.4900000001,494541.5800000001,96846.18999999999,65994.27,3493414275.3958755,728250927.1302084,461467155.01618725
global-disease-crisis,seed-2,QUALITY_EQUIP_ON,CONSV,1,1,4607.160000000001,2559.4900000000002,3114.180000000001,1,74.87666666666667,70.72599999999998,480,428,573574.02,499530.66,43390.090000000004,0,3309029708.589728,682127437.2065669,442021572.3716808
global-disease-crisis,seed-2,QUALITY_EQUIP_ON,VAP,1,1,4061.4500000000016,2256.29,2717.8399999999974,0,74.85333333333332,66.34599999999999,480,376,527280.78,394646.93,123371.59,82698.78,3110536677.6744494,664470173.0970653,441926051.9053702
global-disease-crisis,seed-2,QUALITY_EQUIP_DISABLED,MASS,0,0,7543.86,4190.99,7501.039999999998,5,67.46,38.104,480,256,646541.95,214673.86,396613.29000000004,327400.41,3138014188.983406,411894405.5890505,49494002.99037639
global-disease-crisis,seed-2,QUALITY_EQUIP_DISABLED,BAL,0,0,8690.130000000001,4827.8700000000035,7681.3600000000015,3,70.34333333333335,75.33800000000001,480,457,718795.7999999999,700946.86,8657.22,0,4023591020.4956493,765166798.7851913,383528538.5911665
global-disease-crisis,seed-2,QUALITY_EQUIP_DISABLED,JPQ,0,0,7387.160000000001,4103.990000000001,5850.960000000002,2,69.53333333333332,70.248,480,373,598582.7300000001,494438.21999999986,97630.29999999999,72539.98,3483248328.0522304,713216463.9307323,448009508.31015354
global-disease-crisis,seed-2,QUALITY_EQUIP_DISABLED,CONSV,0,0,7158.379999999998,3976.9199999999996,4828.119999999999,1,70.58666666666666,68.258,480,425,573724.2000000001,498934.86000000004,48568.01,0,3304058575.7000175,672238421.0820324,435084499.717131
global-disease-crisis,seed-2,QUALITY_EQUIP_DISABLED,VAP,0,0,6094.420000000001,3385.77,4564.740000000002,1,69.48333333333333,61.28000000000001,480,376,527238.9199999999,394507.66,124390.23,88233.9,3101541597.630362,651673241.2893467,432542181.721723
global-disease-crisis,seed-3,QUALITY_EQUIP_ON,MASS,0,0,7924.830000000002,4402.7300000000005,5286.94,0,68.05000000000001,37.062,480,234,638947.6600000001,204107.85,387516.78,218013.76,3218853830.1188784,398871948.83737946,43288689.6449135
global-disease-crisis,seed-3,QUALITY_EQUIP_ON,BAL,0,0,8555.299999999996,4752.919999999998,5705.9900000000025,0,70.64,75.66400000000002,480,455,732552.84,707521.7400000001,15319.63,0,4040015322.7658825,771728823.2307556,385577731.5017108
global-disease-crisis,seed-3,QUALITY_EQUIP_ON,JPQ,1,1,4336.549999999997,2409.2099999999987,2891.57,0,74.94666666666667,72.958,480,375,557871.2999999999,451759.58999999985,100924.26000000001,98668.3,3251919853.722626,691685044.5435729,417464036.2539972
global-disease-crisis,seed-3,QUALITY_EQUIP_ON,CONSV,1,1,4600.139999999998,2555.6500000000005,3563.44,1,74.7,70.49199999999999,480,428,572193.33,498678,45475.48,0,3287727365.99395,670961049.8669686,434411355.2137112
global-disease-crisis,seed-3,QUALITY_EQUIP_ON,VAP,1,1,4046.8199999999993,2248.2600000000007,3668.559999999997,2,74.50333333333333,66.66,480,377,524708.3300000001,395716.25,121473.59,82792.67,3080091058.137441,652747795.07234,434771035.7819215
global-disease-crisis,seed-3,QUALITY_EQUIP_DISABLED,MASS,0,0,7924.800000000002,4402.71,5286.94,0,68.05000000000001,37.062,480,234,638950.1600000001,204109.58000000002,387532.79,218043.73,3218815081.9797864,398726069.33845866,43293221.309684925
global-disease-crisis,seed-3,QUALITY_EQUIP_DISABLED,BAL,0,0,8555.479999999996,4753.019999999999,5706.020000000002,0,70.64,75.658,480,455,732581.8799999998,707550.1599999999,15385.18,0,4040019917.1802435,771530582.5276561,385409477.70228237
global-disease-crisis,seed-3,QUALITY_EQUIP_DISABLED,JPQ,0,0,6679.840000000002,3710.990000000001,5361.960000000004,2,70.22333333333334,69.896,480,374,557912.3999999999,449571.1099999998,101463.43,107327.4,3242740419.9893637,676304175.6044897,406046994.2994236
global-disease-crisis,seed-3,QUALITY_EQUIP_DISABLED,CONSV,0,0,7139.949999999998,3966.6400000000003,5608.18,3,70.39666666666666,67.926,480,424,573450.06,496378.83000000013,51237.810000000005,0,3288298842.414281,660055149.8816426,425612295.80314344
global-disease-crisis,seed-3,QUALITY_EQUIP_DISABLED,VAP,0,0,6044.909999999998,3358.250000000001,4979.040000000003,2,70.47666666666667,64.6,480,376,524702.5499999998,395236.1,122521.08,87176.66,3071209354.8398848,642881299.0955621,427801806.4819272
global-disease-crisis,seed-4,QUALITY_EQUIP_ON,MASS,0,0,7924.329999999998,4402.44,5286.3200000000015,0,68.67333333333333,39.902,480,279,673313.7399999999,254613.11000000002,310314.64999999997,68879.61,3301857463.6965337,436144485.1320746,75418974.25953849
global-disease-crisis,seed-4,QUALITY_EQUIP_ON,BAL,1,0,8875.320000000002,4930.760000000003,6464.700000000001,1,69.32333333333334,71.73600000000002,480,448,747628.7699999999,718784.07,17825.93,0,4101062720.9808393,778698309.5447327,394652918.82246417
global-disease-crisis,seed-4,QUALITY_EQUIP_ON,JPQ,1,1,4334.409999999998,2407.9799999999987,2892.46,0,74.94666666666667,73.06,480,375,557268.1200000001,451796.3099999999,100377.51999999999,96494.01000000001,3243506093.849082,688258160.8734057,418554708.3272153
global-disease-crisis,seed-4,QUALITY_EQUIP_ON,CONSV,1,1,4582.750000000001,2545.9700000000007,3052.4100000000026,0,74.88,70.554,480,424,570763.39,493984.17,47378.68,0,3272147899.4951916,667805045.3657905,433873635.6938527
global-disease-crisis,seed-4,QUALITY_EQUIP_ON,VAP,1,1,4189.110000000001,2327.27,3886.7199999999957,3,74.27,66.378,480,376,523407.48000000004,393779.47000000003,122706.19,84772.87999999999,3061565219.6781883,642334730.5145805,426387291.4397592
global-disease-crisis,seed-4,QUALITY_EQUIP_DISABLED,MASS,0,0,7924.329999999998,4402.429999999999,5286.330000000002,0,68.67333333333333,39.902,480,279,673318.7000000001,254611.64000000004,310322.41000000003,68893.48999999999,3301842745.348638,436002682.43901867,75287644.67612053
global-disease-crisis,seed-4,QUALITY_EQUIP_DISABLED,BAL,0,0,8875.430000000002,4930.810000000003,6464.710000000002,1,69.32333333333334,71.43800000000002,480,447,748957.92,716406.9900000001,19189.08,0,4101021004.3237057,778196250.098551,394267937.0247996
global-disease-crisis,seed-4,QUALITY_EQUIP_DISABLED,JPQ,0,0,6655.540000000003,3697.5000000000005,4472.81,1,70.73,71.244,480,374,557373.5399999998,449614.9599999999,100984.88,99470.73,3237198439.319343,677723686.6704855,411036797.55993944
global-disease-crisis,seed-4,QUALITY_EQUIP_DISABLED,CONSV,0,0,7123.27,3957.39,4756.56,0,70.67333333333333,68.23800000000001,480,422,572330.7799999999,494234.56,50720.44,0,3274865072.7554665,659466675.0442519,428565162.6764579
global-disease-crisis,seed-4,QUALITY_EQUIP_DISABLED,VAP,0,0,6039.079999999998,3354.980000000001,5606.500000000003,4,70.35000000000001,64.286,480,376,523375.74000000005,393738.1699999999,123395.59,88875.33,3053613869.4242487,632232176.759105,419176019.790919
global-disease-crisis,seed-5,QUALITY_EQUIP_ON,MASS,1,1,7383.789999999999,4102.11,5916.359999999999,3,66.01,37.458,480,269,716630.2200000001,240561.30999999994,440965.01,381341.13999999996,3249373791.2724977,447035940.30188125,78593431.62179185
global-disease-crisis,seed-5,QUALITY_EQUIP_ON,BAL,1,1,5647.66,3137.5300000000007,4720.459999999998,2,73.08999999999999,80.072,480,467,687504.41,683047.28,343.09999999999997,0,3903449319.168107,771540297.2138258,399653258.7372387
global-disease-crisis,seed-5,QUALITY_EQUIP_ON,JPQ,1,1,4773.929999999999,2652.17,3918.389999999999,1,74.28666666666668,73.08,480,375,598300.1699999999,497119.36,94299.33,61918.100000000006,3487028630.8079896,717744322.9673567,448794527.2980925
global-disease-crisis,seed-5,QUALITY_EQUIP_ON,CONSV,1,1,4594.400000000001,2552.420000000001,3057.000000000001,0,74.90333333333334,70.79400000000001,480,428,572271.14,499584.18999999994,45312.899999999994,0,3291604032.744082,673751801.863728,440180283.9055046
global-disease-crisis,seed-5,QUALITY_EQUIP_ON,VAP,1,1,4070.420000000002,2261.3199999999997,2722.7599999999975,0,74.85,66.14200000000001,480,376,526725.28,393976.54999999993,123446.36000000002,83328.36000000002,3100874700.9415536,655437797.1604732,436467107.4715469
global-disease-crisis,seed-5,QUALITY_EQUIP_DISABLED,MASS,0,0,7739.480000000001,4299.709999999998,6142.710000000003,3,64.75,36.672000000000004,480,269,716480.15,240562.15999999997,440819.61000000004,381363.29,3247761737.0037346,444493716.7129138,78414525.43442261
global-disease-crisis,seed-5,QUALITY_EQUIP_DISABLED,BAL,0,0,8519.359999999995,4733.009999999999,6593.790000000001,2,69.2,72.772,480,454,724729.8199999998,700738.4899999999,14296.29,0,4017430948.9230223,764705315.4509908,382036702.15600544
global-disease-crisis,seed-5,QUALITY_EQUIP_DISABLED,JPQ,0,0,7389.52,4105.280000000002,5613.379999999999,1,70.07666666666667,71.186,480,373,597199.0400000002,493314.97999999986,97082.79999999999,68202.93,3470175343.0006533,704619590.9470212,445676343.5851116
global-disease-crisis,seed-5,QUALITY_EQUIP_DISABLED,CONSV,0,0,7118.4299999999985,3954.710000000001,5440.830000000003,1,69.31333333333333,66.698,480,418,572395.88,485464.92999999993,56010.020000000004,0,3282759886.60613,659473019.6355765,429898650.23980117
global-disease-crisis,seed-5,QUALITY_EQUIP_DISABLED,VAP,0,0,6080.92,3378.250000000001,4638.320000000001,1,69.13,60.553999999999995,480,376,526544.02,393767.36999999994,124396.88000000002,91655.97,3087162007.76302,642473147.7020376,429934547.9254961
