scenario,seed,variant,companyId,factoryConstructionTurn,factoryCompletionTurn,pdMechCompletedCount,qualityEquipCompletedCount,dueQuantityCumulative,onTimeQuantityCumulative,onTimeRatio,newlyOverdueQuantityCumulative,continuingOverdueQuantityCumulative,hosoProductionCumulative,pdProductionCumulative,vapProductionCumulative,endingRegularWorkers,avgOvertimeRate,endingRevenueCumulative,endingOperatingProfitCumulative,endingCash,endingDebt,endingTrustAvg,liquidityStressQuarters,severeDistressQuarters
baseline,seed-1,EXISTING_AI,MASS,23,25,0,0,622468.7399999999,249427.40000000005,0.4007067085810608,359592.91000000003,588183.49,317472.73,145734.6,85991.66000000002,6793,0.011025,2753617197.2965207,296661883.7249945,24099858.079414282,61254760.55634109,46.262,5,0
baseline,seed-1,EXISTING_AI,BAL,24,26,1,1,737802.88,709390.6799999999,0.9614907981926012,12815.560000000001,0,420358.51999999984,190679.55000000005,124498.16999999997,7371,0.004746874999999999,3740791322.606566,634384308.6450597,275291673.90345657,0,74.35799999999999,0,0
baseline,seed-1,EXISTING_AI,JPQ,30,32,1,1,565951.9500000002,460759.06,0.814131058299207,99464.72,94655.22000000002,190066.71,232309.48,141656.86,7031,0.011375,3032126358.908482,550162382.7892529,314041587.66346824,0,73.50399999999999,0,0
baseline,seed-1,EXISTING_AI,CONSV,-1,-1,1,1,576856.91,493028.9499999999,0.854681536188931,47975.57,0,259781.24999999994,214975.6699999999,112756.14000000001,6578,0.012403125000000001,3047170688.6239953,545896428.828195,335592464.9745337,0,69.59,0,0
baseline,seed-1,EXISTING_AI,VAP,-1,-1,1,1,528435.14,395908.34999999986,0.7492089757694763,123712.91999999998,84279.55,169703.90999999997,182221.26999999996,165956.98000000004,6931,0.002084375,2848702218.6166725,505939963.17809105,313932830.6408584,0,66.05600000000001,0,0
baseline,seed-1,FACTORY_ACTIVATION_ON,MASS,23,25,0,1,622467.5299999999,274582.13,0.4411188002047272,342886.99000000005,439190.9,369371.17999999993,159056.5,95517.96000000004,12547,0.015818421052631582,3124087600.1026883,362720738.70675874,76977799.21658245,43564432.431216,49.956,5,0
baseline,seed-1,FACTORY_ACTIVATION_ON,BAL,24,26,1,1,742154.24,742154.24,1,0,0,440809.45999999985,208910.45000000004,137910.20999999996,11659,0.014491891891891892,3976418715.4712605,696037242.6801347,326312325.07741934,0,80.07000000000001,0,0
baseline,seed-1,FACTORY_ACTIVATION_ON,JPQ,30,32,1,1,565947.78,460759.07,0.814137074625507,99460.54000000001,94656.31,190066.41999999998,232309.48,141656.86,7031,0.011375,3032232228.041794,548979789.3888662,312793957.2389765,0,73.526,0,0
baseline,seed-1,FACTORY_ACTIVATION_ON,CONSV,-1,-1,1,1,576856.9500000001,493029.0199999999,0.8546815982714603,47975.509999999995,0,259781.25999999995,214975.6699999999,112756.24,6578,0.012403125000000001,3047614422.3201795,545019327.8948268,334390213.3652875,0,69.59,0,0
baseline,seed-1,FACTORY_ACTIVATION_ON,VAP,-1,-1,1,1,528435.6799999999,395908.9599999999,0.7492093645152802,123712.84999999998,84279.55,169703.86999999997,182221.26999999996,165956.98000000004,6931,0.002084375,2849211450.4434466,505402356.45378405,313008639.46027476,0,66.05599999999998,0,0
baseline,seed-2,EXISTING_AI,MASS,21,24,0,0,667257.09,248171.29000000004,0.3719275429504991,382364.88999999996,303187.97000000003,359762.97000000003,150809.60000000003,87948.47,7921,0.006843749999999999,2998492388.8811293,349196185.3027004,30532216.33065387,37148435.45820096,44.059999999999995,5,0
baseline,seed-2,EXISTING_AI,BAL,24,26,1,1,726772.2399999999,709330.8899999999,0.976001628790885,10807.49,0,414629.8,187493.29,125855.83999999997,7291,0.003721875,3719810362.5466285,644182653.6610572,287638542.06161565,0,77.34400000000001,0,0
baseline,seed-2,EXISTING_AI,JPQ,-1,-1,1,1,599235.7300000001,497208.2899999999,0.8297373889904727,91613.28000000001,59296.17,240340.1,222913.76999999996,141904.9,7809,0.012303124999999998,3209430659.6607733,580218399.6734611,341123396.139577,0,74.19,0,0
baseline,seed-2,EXISTING_AI,CONSV,-1,-1,1,1,576876.3200000001,492409.15,0.8535783718770081,46690.200000000004,0,259871.89999999997,215175.3999999999,112537.7,6575,0.012490625,3054741350.949575,550206828.7771292,336996758.1607956,0,69.65,0,0
baseline,seed-2,EXISTING_AI,VAP,-1,-1,1,1,528545.85,395924.50000000006,0.7490826008755912,123911.84000000001,83753.82,169661.43,182187.02999999997,165923.79000000004,6929,0.002084375,2855469755.903972,512324777.2616662,318727528.0137187,0,66.074,0,0
baseline,seed-2,FACTORY_ACTIVATION_ON,MASS,21,31,0,0,669967.53,329536.16000000003,0.49186885221139004,296014.13,151081.08,425386.56000000006,167019.66,98348.83,13562,0.016028205128205124,3471517197.815231,449182805.47077835,91072917.85185435,37942688.11064238,55.541999999999994,5,0
baseline,seed-2,FACTORY_ACTIVATION_ON,BAL,24,26,1,1,730722.9499999998,730722.9499999998,1,0,0,432328.25,203433.61000000002,139102.55999999997,11696,0.013767567567567567,3937951661.1945515,707956664.8038979,332195909.44340664,0,81.204,0,0
baseline,seed-2,FACTORY_ACTIVATION_ON,JPQ,-1,-1,1,1,599231.4100000001,497208.2799999999,0.8297433540741794,91608.97000000002,59296.47,240339.68000000002,222913.76999999996,141904.9,7809,0.012303124999999998,3209639574.7114186,578499124.6477853,339251685.54018205,0,74.196,0,0
baseline,seed-2,FACTORY_ACTIVATION_ON,CONSV,-1,-1,1,1,576876.2700000001,492409.1100000001,0.8535783765208439,46690.16000000001,0,259871.88999999996,215175.3999999999,112537.64,6575,0.012490625,3055187853.5615067,548868408.5315031,335380447.8195893,0,69.65,0,0
baseline,seed-2,FACTORY_ACTIVATION_ON,VAP,-1,-1,1,1,528542.39,395921.06000000006,0.7490809961335363,123911.82,83753.78,169661.37,182187.02999999997,165923.79000000004,6929,0.002084375,2855971594.2137556,511410939.6392667,317489871.81030065,0,66.07000000000001,0,0
baseline,seed-3,EXISTING_AI,MASS,19,21,0,0,690285.7099999998,234494.78999999998,0.33970685848327936,417663.19999999995,385168.63999999996,343639.07,143537.45,87945.79000000002,6747,0.014668750000000005,2865519797.6411934,310705420.11178315,33114767.911877126,59066851.54427787,39.721999999999994,4,0
baseline,seed-3,EXISTING_AI,BAL,24,26,1,0,722846.5200000001,704326.0800000001,0.9743784614194448,9762.2,0,409853.26000000007,187394.2499999999,125676.12000000001,7265,0.0031843749999999997,3679665905.179174,627963631.547264,270425954.5984499,0,76.008,0,0
baseline,seed-3,EXISTING_AI,JPQ,28,30,1,1,557620.36,453942.2699999999,0.8140704726061292,96239.37,91684.41,189523.87999999998,222107.05,142097.18999999997,6937,0.008028125,2985554963.918422,538042222.1692754,293895173.88338155,0,73.61,0,0
baseline,seed-3,EXISTING_AI,CONSV,-1,-1,1,1,576559.1599999999,492572.2599999999,0.8543308201017914,46484.9,0,259834.35,215178.74999999988,112260.39000000001,6770,0.01170625,3040457252.6191425,542228725.3475926,331091264.8584804,0,69.44000000000001,0,0
baseline,seed-3,EXISTING_AI,VAP,-1,-1,1,1,526247.57,393449.8700000001,0.7476516613653915,123892.46999999999,84928.08,169869.92999999996,182265.72999999992,163873.90000000005,7006,0.002565625,2830613899.649372,499092399.8502362,310203946.3296713,0,65.772,0,0
baseline,seed-3,FACTORY_ACTIVATION_ON,MASS,19,29,0,1,703332.35,460900.44000000006,0.6553095986556001,203118.77999999994,49458.77,458313.76999999996,176160.15000000002,105000.34000000001,17661,0.02238636363636364,3720344654.775124,494010157.4011954,103790653.99049321,65100212.77706662,63.78399999999999,4,0
baseline,seed-3,FACTORY_ACTIVATION_ON,BAL,24,26,1,0,725289.25,725289.25,1,0,0,426618.7400000001,204607.13999999996,137929.71999999997,11100,0.01299189189189189,3889076822.8477397,679838107.8779647,320096030.3919558,0,80.16,0,0
baseline,seed-3,FACTORY_ACTIVATION_ON,JPQ,28,30,1,1,557434.76,453941.9099999999,0.8143408746164302,96054.13,89108.35,189511.87999999995,222107.81999999998,144636.02999999997,8661,0.013845454545454546,3004283951.7325454,540950478.3113662,284433403.61438286,0,73.588,0,0
baseline,seed-3,FACTORY_ACTIVATION_ON,CONSV,-1,-1,1,1,576554.47,492569.99999999994,0.8543338498442307,46480.61,0,259833.74000000002,215178.74999999988,112257.70000000001,6770,0.01170625,3040998133.754846,539203618.2580683,327986122.8513197,0,69.44200000000001,0,0
baseline,seed-3,FACTORY_ACTIVATION_ON,VAP,-1,-1,1,1,526205.38,393408.65000000014,0.7476332720125365,123891.49999999999,84927.06999999998,169867.65999999997,182265.72999999992,163873.90000000005,7006,0.002565625,2831329302.7049794,496990671.76565105,307934268.34824204,0,65.732,0,0
baseline,seed-4,EXISTING_AI,MASS,21,23,0,0,689766.0499999999,262193.85,0.3801199696621775,386247.29,375961.68,346196.81,153893.66999999995,90916.29000000002,7591,0.004896875,2951527955.8614073,341408750.3835522,27985716.263374127,31332960.066820715,43.178000000000004,4,0
baseline,seed-4,EXISTING_AI,BAL,26,29,1,1,715330.4,715330.4,1,0,0,396556.4299999999,195766.72999999998,131480.38999999998,7414,0.004518749999999999,3694905665.8654385,638915323.1126024,349438175.0655146,0,77.90799999999999,0,0
baseline,seed-4,EXISTING_AI,JPQ,28,30,1,1,557149.11,454006.70999999996,0.8148746930601756,94876.77,88885.81,189576.70000000004,222101.07000000004,141245.50999999998,6944,0.00838125,2970918448.5410895,532509535.24711317,291420188.2728356,0,73.56800000000001,0,0
baseline,seed-4,EXISTING_AI,CONSV,-1,-1,1,1,576829.84,493097.04,0.8548396872117434,47838.24,0,259785.46,214975.6699999999,112711.91,6577,0.012406250000000002,3032404005.838446,537982410.9805487,329769882.03316724,0,69.47,0,0
baseline,seed-4,EXISTING_AI,VAP,-1,-1,1,1,526211.62,393439.59,0.7476832039550932,125008.71,88420.53,169944.65999999997,182115.88999999993,162885.90000000002,7007,0.0026750000000000003,2814961663.994247,490228097.88251686,303380715.70647466,0,65.812,0,0
baseline,seed-4,FACTORY_ACTIVATION_ON,MASS,21,30,0,0,697955.5900000001,323107.11000000004,0.46293362304040003,311608.50999999995,122388.01000000001,418546.34,179483.5,106862.87000000002,16761,0.01686829268292683,3541737457.6400704,460852545.5188404,85321256.81546727,36572492.82574868,53.763999999999996,4,0
baseline,seed-4,FACTORY_ACTIVATION_ON,BAL,26,29,1,1,715237.3600000001,715237.3600000001,1,0,0,402975.3999999999,200879.25999999995,135331.28999999998,10394,0.013047058823529412,3782632731.410675,662023946.4389975,348494544.47063476,0,77.87,0,0
baseline,seed-4,FACTORY_ACTIVATION_ON,JPQ,28,30,1,1,557144.87,454006.5999999999,0.8148806970079432,94872.64,86337.28999999998,189576.83000000005,222101.84000000003,143784.31999999998,8673,0.014184848484848484,2989721753.92367,536955958.7506039,282958665.8056606,0,73.486,0,0
baseline,seed-4,FACTORY_ACTIVATION_ON,CONSV,-1,-1,1,1,576829.56,493096.74999999994,0.8548395994130396,47838.27999999999,0,259785.41999999998,214975.6699999999,112711.56999999998,6577,0.012406250000000002,3032754739.196361,536364007.5815153,327921086.5708344,0,69.468,0,0
baseline,seed-4,FACTORY_ACTIVATION_ON,VAP,-1,-1,1,1,526210.2,393437.21,0.7476806987017737,125009.67,88421.26999999999,169945.41999999995,182115.88999999993,162885.90000000002,7007,0.0026750000000000003,2815427990.3949327,489137908.5527328,302018030.7093315,0,65.814,0,0
baseline,seed-5,EXISTING_AI,MASS,21,23,0,1,658598.46,255837.03,0.388456769242977,363430.6500000001,387861.91000000003,328721.2200000001,147277.01000000004,89075.04999999997,7008,0.015224999999999999,2832230293.215586,308192772.25781864,23816591.1049025,56121993.18017478,41.39399999999999,4,0
baseline,seed-5,EXISTING_AI,BAL,25,27,1,1,691748.0600000002,688376.9200000002,0.9951266361339705,3296.6000000000004,0,379685.61999999994,190751.66,128278.8,7222,0.003490625,3590426036.0506387,631269719.3819094,289239910.64087814,0,80.04800000000002,0,0
baseline,seed-5,EXISTING_AI,JPQ,-1,-1,1,1,598700.43,499081.32999999996,0.8336077694148306,90277.18000000001,55703.28,240033.99000000005,223202.75999999998,142090.53999999998,7844,0.012406250000000002,3203039636.2104974,571020081.6531513,329531304.84580797,0,73.396,0,0
baseline,seed-5,EXISTING_AI,CONSV,-1,-1,1,1,573478.4999999999,497417.18999999994,0.8673685064043378,43360.67999999999,0,256730.08,215180.02999999988,112499.93999999999,6593,0.011371875000000002,3030620711.418141,543675254.253235,335497964.5919243,0,69.90800000000002,0,0
baseline,seed-5,EXISTING_AI,VAP,-1,-1,1,1,528063.05,395215.0000000001,0.7484238861249619,123912.76000000001,84803.50000000001,169848.91999999998,182211.37999999998,165947.95000000004,6934,0.0020937499999999997,2845480062.387061,503760909.4510947,313944628.86337334,0,65.94200000000001,0,0
baseline,seed-5,FACTORY_ACTIVATION_ON,MASS,21,30,0,0,661997.6000000001,372509.42000000004,0.5627050913779748,245738.4,145849.42,411322.1400000001,173304.67,99188.68,15871,0.02236341463414634,3431305380.04872,435159124.6348869,87575910.18101157,51086570.967905045,58.306000000000004,4,0
baseline,seed-5,FACTORY_ACTIVATION_ON,BAL,25,27,1,1,691636.8200000001,691636.8200000001,1,0,0,393834.80999999994,205300.57,138299.12,12163,0.013855555555555557,3754416218.8426037,667085798.8408216,306739346.45501137,0,80.942,0,0
baseline,seed-5,FACTORY_ACTIVATION_ON,JPQ,-1,-1,1,1,598606.29,499081.6899999999,0.833739468390818,90182.68000000001,55684.049999999996,240024.08000000005,223202.75999999998,142090.53999999998,7844,0.012403125000000003,3203447611.7311807,568958937.7520076,327248883.43523604,0,73.398,0,0
baseline,seed-5,FACTORY_ACTIVATION_ON,CONSV,-1,-1,1,1,573479.3199999998,497417.99999999994,0.8673686786125088,43360.72,0,256730.03,215180.02999999988,112500.65999999997,6593,0.011371875000000002,3031147447.2485886,542058447.1709807,333513557.56570995,0,69.91000000000001,0,0
baseline,seed-5,FACTORY_ACTIVATION_ON,VAP,-1,-1,1,1,528045.89,395213.6200000001,0.7484455943781706,123896.98000000001,84786.06,169836.29000000004,182211.37999999998,165947.95000000004,6934,0.002090625,2846100733.6327014,502797741.99438846,312571953.08571553,0,65.92800000000001,0,0
ecuador-early-expansion,seed-1,EXISTING_AI,MASS,24,26,0,0,629953.0499999999,275828.69,0.4378559481535966,352162.43999999994,703360.7100000001,321009.86999999994,153148.81000000003,89083.35000000002,7454,0.001346875,2683630298.7460656,247140497.8384028,26487624.053812426,56587671.533025056,52.620000000000005,5,0
ecuador-early-expansion,seed-1,EXISTING_AI,BAL,25,27,1,1,690479.5599999999,687574.45,0.99579261984236,2207.89,0,379527.49,191408.19999999995,127885.78000000001,7116,0.005274999999999999,3382514173.771854,518321072.68325317,222962872.75865805,0,79.71000000000001,0,0
ecuador-early-expansion,seed-1,EXISTING_AI,JPQ,30,32,1,1,564091.0900000001,460582.3300000001,0.8165034657789046,95808.02999999998,80573.73999999999,190045.58999999997,232299.28,141655.94999999995,7030,0.011696874999999999,2859614612.4567113,443616571.1506776,244305069.1334328,0,74.032,0,0
ecuador-early-expansion,seed-1,EXISTING_AI,CONSV,-1,-1,1,1,576612.2700000001,492725.2299999999,0.8545174212126978,47546.36,0,259781.86999999994,214975.6699999999,112563.57,6578,0.012400000000000001,2870869363.3617196,443328701.6085442,270084206.33684933,0,69.57000000000001,0,0
ecuador-early-expansion,seed-1,EXISTING_AI,VAP,-1,-1,1,1,526383.75,392991.85000000015,0.7465881118100628,124726.35,89481.45000000001,170294.06999999998,182219.98999999996,165955.70000000004,6943,0.002103125,2687334275.28004,402381209.0799854,246670194.39909592,0,65.608,0,0
ecuador-early-expansion,seed-1,FACTORY_ACTIVATION_ON,MASS,24,26,0,0,629953.0399999999,277031.01999999996,0.4397645576883001,351648.64,607049.99,356624.26999999996,160660.72000000003,94822.63000000002,11289,0.009324324324324324,2892357446.7083945,278671840.1522758,53509104.22169335,26046229.79101398,50.32,5,0
ecuador-early-expansion,seed-1,FACTORY_ACTIVATION_ON,BAL,25,27,1,1,690478.87,690478.87,1,0,0,391583.43000000005,204142.52999999997,137153.28000000003,11366,0.015177777777777781,3509658091.4432592,545029543.5020995,251539119.58824012,0,80.17599999999999,0,0
ecuador-early-expansion,seed-1,FACTORY_ACTIVATION_ON,JPQ,30,32,1,1,564092.1100000001,460582.3400000001,0.8165020070924233,95809.04,80574,190045.66999999995,232299.28,141655.94999999995,7030,0.011696874999999999,2859705918.3372827,443322354.530916,243915930.29390064,0,74.032,0,0
ecuador-early-expansion,seed-1,FACTORY_ACTIVATION_ON,CONSV,-1,-1,1,1,576612.2800000001,492725.23999999993,0.854517423735755,47546.369999999995,0,259781.86999999994,214975.6699999999,112563.59,6578,0.012400000000000001,2871145426.624417,443226822.6233027,269708525.6960077,0,69.57000000000001,0,0
ecuador-early-expansion,seed-1,FACTORY_ACTIVATION_ON,VAP,-1,-1,1,1,526383.31,392991.4300000001,0.7465879379800247,124726.33,89481.45000000001,170294.03999999998,182219.98999999996,165955.70000000004,6943,0.002103125,2687724410.0235715,402451585.33874583,246420017.90815774,0,65.608,0,0
ecuador-early-expansion,seed-2,EXISTING_AI,MASS,22,26,0,0,629861.51,266143.93,0.42254356834727047,334962.49000000005,270214.31000000006,357271.85,148742.79999999996,85750.39999999998,7237,0.008484374999999999,2801197948.159845,271499631.62870497,29323578.430395335,43689089.76377633,49.00999999999999,5,0
ecuador-early-expansion,seed-2,EXISTING_AI,BAL,25,27,1,1,695368.35,687387.03,0.9885221695810573,3178.1800000000003,0,383123.44999999995,191213.84,127835.68,7249,0.0035500000000000006,3402939970.527714,523582015.94649565,229298822.17995533,0,80.18,0,0
ecuador-early-expansion,seed-2,EXISTING_AI,JPQ,-1,-1,1,1,597090.1400000001,501159.7299999999,0.8393368043223756,85998.90000000001,45588.63,240169.68999999997,222674.96000000002,141904.81,7808,0.0122875,3021804228.3987107,470834062.2369416,271940261.8150701,0,74.826,0,0
ecuador-early-expansion,seed-2,EXISTING_AI,CONSV,-1,-1,1,1,576538.3,492412.14000000013,0.8540840044798413,46232.450000000004,0,259870.48999999996,215175.3999999999,112259.94999999997,6574,0.012481250000000001,2877299073.008074,448975903.02557623,272891093.32908887,0,69.658,0,0
ecuador-early-expansion,seed-2,EXISTING_AI,VAP,-1,-1,1,1,526799.76,393343.42000000016,0.7466659058462748,125032.97999999998,90038.98999999999,170282.59999999998,182185.83999999997,165922.61000000004,6940,0.002109375,2695055021.149029,407739924.42905056,249390326.70517167,0,65.53200000000001,0,0
ecuador-early-expansion,seed-2,FACTORY_ACTIVATION_ON,MASS,22,26,0,0,629861.48,285876.08999999997,0.45387136549452106,312470.91000000003,192929.96,395537.7700000001,156664.19999999998,91214.68,11971,0.01577567567567567,3023883247.233576,311984922.79398334,58059939.04897663,29662142.345435426,52.98,5,0
ecuador-early-expansion,seed-2,FACTORY_ACTIVATION_ON,BAL,25,27,1,1,695362.51,695362.51,1,0,0,396267.08,204844.18,137612.78,11519,0.013711111111111111,3543588277.3449335,556148120.2817014,250936800.97433892,0,81.198,0,0
ecuador-early-expansion,seed-2,FACTORY_ACTIVATION_ON,JPQ,-1,-1,1,1,597094.57,501159.7099999999,0.8393305435686678,86003.35,45589.02,240170.13999999998,222674.96000000002,141904.81,7808,0.0122875,3021864271.4836607,470321623.3487405,271288532.7572511,0,74.826,0,0
ecuador-early-expansion,seed-2,FACTORY_ACTIVATION_ON,CONSV,-1,-1,1,1,576538.27,492412.1300000001,0.85408403157695,46232.420000000006,0,259870.48999999996,215175.3999999999,112259.93999999997,6574,0.012481250000000001,2877520850.894122,448674341.14076966,272325636.6073454,0,69.658,0,0
ecuador-early-expansion,seed-2,FACTORY_ACTIVATION_ON,VAP,-1,-1,1,1,526799.46,393343.1600000002,0.7466658375086418,125032.93999999999,90038.98,170282.58,182185.83999999997,165922.61000000004,6940,0.002109375,2695342886.2562013,407609727.5034472,248967193.22477385,0,65.53200000000001,0,0
ecuador-early-expansion,seed-3,EXISTING_AI,MASS,21,23,0,0,664702.51,252549.0199999999,0.3799429311617913,371586.08999999997,346481.10000000003,334435.94999999995,147399.13,88046.06000000003,6794,0.015103124999999995,2699127334.120378,243323769.21446678,12871307.016873015,75475659.56422146,43.682,4,0
ecuador-early-expansion,seed-3,EXISTING_AI,BAL,25,27,1,0,692109.9999999998,689234.0699999998,0.9958446923176952,2472.7200000000003,0,381343.18,190658.41999999998,127503.76,7356,0.0038031250000000005,3375720616.715531,513590437.9188479,221352207.69278312,0,79.554,0,0
ecuador-early-expansion,seed-3,EXISTING_AI,JPQ,28,30,1,1,554361.42,453317.58999999997,0.817729325392088,91748.1,73952.42,189457.17,221451.10000000003,142097.12999999995,6938,0.007978124999999999,2814009656.452617,434830798.4643555,231277674.56824833,0,74.088,0,0
ecuador-early-expansion,seed-3,EXISTING_AI,CONSV,-1,-1,1,1,576333.96,492365.3,0.854305548817564,46467.62,0,259832.19000000006,215180.1299999999,112041.26000000002,6768,0.011365625,2864598723.257748,440410750.46592623,266463463.12384015,0,69.576,0,0
ecuador-early-expansion,seed-3,EXISTING_AI,VAP,-1,-1,1,1,524228.3,390880.0299999999,0.7456293946740379,124626.47000000002,89302.54,170286.61,182263.78999999992,163872.04000000004,7018,0.0030281250000000004,2670287776.7358418,396462635.52882284,241493928.95706314,0,65.47999999999999,0,0
ecuador-early-expansion,seed-3,FACTORY_ACTIVATION_ON,MASS,21,30,0,0,676357.0199999999,354842.3599999999,0.5246376536462947,258273.27,112568.66,418340.29000000004,173982.52000000002,100991.92000000004,14985,0.025353658536585364,3272865340.875152,352449667.45191395,46733977.74991579,76314029.09577727,57.15599999999999,4,0
ecuador-early-expansion,seed-3,FACTORY_ACTIVATION_ON,BAL,25,27,1,1,692033.3399999999,692033.3399999999,1,0,0,396021.31999999995,204530.96,137134.16999999998,12147,0.013980555555555559,3517356952.8825974,541710042.9961072,228489247.1158617,0,80.244,0,0
ecuador-early-expansion,seed-3,FACTORY_ACTIVATION_ON,JPQ,28,30,1,1,554288.37,453317,0.8178360300072686,91675.64,71378.62000000001,189452.09999999998,221451.87000000002,144635.96999999994,8661,0.013793939393939391,2829994607.5525365,437219253.4340815,223127388.32187554,0,74.094,0,0
ecuador-early-expansion,seed-3,FACTORY_ACTIVATION_ON,CONSV,-1,-1,1,1,576332.0299999999,492365.05000000005,0.8543079759075687,46463.26,0,259831.97000000006,215180.1299999999,112040.88,6768,0.011365625,2864896010.8112597,438713899.56084186,264469268.95328358,0,69.59399999999998,0,0
ecuador-early-expansion,seed-3,FACTORY_ACTIVATION_ON,VAP,-1,-1,1,1,524159.01,390811.81999999995,0.7455978291778289,124625.39000000001,89301.03,170281.43,182263.78999999992,163872.04000000004,7018,0.0030281250000000004,2669700759.1189594,394873182.5335465,239685135.94368055,0,65.48799999999999,0,0
ecuador-early-expansion,seed-4,EXISTING_AI,MASS,22,24,0,0,617082,266507.41000000003,0.4318832991401467,301067.29000000004,408844.48000000004,306712.69,150032.83000000002,89950.21999999999,7021,0.011371874999999998,2598426965.4640765,224449221.8391123,13311113.99829578,63355617.66691102,46.622,4,0
ecuador-early-expansion,seed-4,EXISTING_AI,BAL,24,26,1,0,728033.51,710121.18,0.9753962836133738,9822.800000000001,0,415673.64000000013,186953.03999999995,125616.06000000001,7267,0.0033843750000000002,3477540378.988415,512163516.59863627,210078427.59052908,0,74.122,0,0
ecuador-early-expansion,seed-4,EXISTING_AI,JPQ,28,30,1,1,554660.7300000001,457828.44000000006,0.8254206855423134,90038.81999999999,74810.90999999999,189445.49999999997,221494.30000000005,142097.41999999995,6936,0.0079625,2805720620.6769996,430924099.1713085,229807622.46901354,0,74.12,0,0
ecuador-early-expansion,seed-4,EXISTING_AI,CONSV,-1,-1,1,1,576697.9,492700.19,0.854347120043267,48060.82,0,259781.40999999997,214975.6699999999,112596.74999999999,6577,0.01239375,2857216752.382029,436971731.2831059,266077102.1707892,0,69.588,0,0
ecuador-early-expansion,seed-4,EXISTING_AI,VAP,-1,-1,1,1,524334.33,391113.18000000005,0.7459232738012788,125552.19,91018.34,170277.87000000005,182114.04999999993,162884.09000000003,7013,0.0030281250000000004,2656046475.3318057,385673607.7770873,235032310.07338035,0,65.414,0,0
ecuador-early-expansion,seed-4,FACTORY_ACTIVATION_ON,MASS,22,31,0,0,627424.22,305301.42,0.4865948910929833,278432.6700000001,213254.62,369130.01,165602.25999999995,99077.92999999998,11929,0.018902564102564103,3000803283.100409,298781221.8536741,70842870.43845646,47829264.22945413,54.910000000000004,4,0
ecuador-early-expansion,seed-4,FACTORY_ACTIVATION_ON,BAL,24,26,1,0,731931.5100000001,731931.5100000001,1,0,0,434229.3200000002,204647.55999999997,137825.99000000002,11473,0.013254054054054054,3665853288.452069,562159836.0058728,247897888.65300882,0,77.828,0,0
ecuador-early-expansion,seed-4,FACTORY_ACTIVATION_ON,JPQ,28,30,1,1,554444.8600000001,457827.68000000005,0.8257406877214083,89823.70999999999,72196.45999999999,189429.06,221495.07000000004,144636.25999999995,8660,0.013781818181818183,2821679182.0751944,434088577.06150204,222396371.0789486,0,74.13399999999999,0,0
ecuador-early-expansion,seed-4,FACTORY_ACTIVATION_ON,CONSV,-1,-1,1,1,576689.0000000001,492693.82999999996,0.8543492766465112,48055.53,0,259780.28999999998,214975.6699999999,112589.12,6577,0.012387500000000001,2857616802.059335,436027039.7255379,264849677.53365707,0,69.612,0,0
ecuador-early-expansion,seed-4,FACTORY_ACTIVATION_ON,VAP,-1,-1,1,1,524057.7499999999,390838.72000000003,0.7457932260328182,125550.06999999999,91016.02999999998,170260.04000000004,182114.04999999993,162884.09000000003,7013,0.0030281250000000004,2656685984.5897784,385200954.77780414,234247287.22036046,0,65.426,0,0
ecuador-early-expansion,seed-5,EXISTING_AI,MASS,22,24,0,1,664894.33,274837.7,0.4133554575506758,348541,467290.13000000006,342348.43,157640.82000000004,92227.93,7441,0.003584375,2814147525.7390394,279202005.8700216,13151622.380366063,37154304.96049255,44.556,4,0
ecuador-early-expansion,seed-5,EXISTING_AI,BAL,25,27,1,1,687998.98,684996.35,0.9956357057389823,1139.81,0,379178.97,191012.26999999996,128068.3,7128,0.00364375,3378739083.502327,519037462.22953635,227346243.34211147,0,80.054,0,0
ecuador-early-expansion,seed-5,EXISTING_AI,JPQ,-1,-1,1,1,596511.5299999999,501823.46,0.8412636382736811,84973.99,43361.72,239946.49999999997,223197.33,142089.52999999997,7842,0.012725000000000002,3017544691.5437903,463391857.5541428,260913482.2848922,0,73.9,0,0
ecuador-early-expansion,seed-5,EXISTING_AI,CONSV,-1,-1,1,1,573142.01,491854.68000000005,0.8581724449059318,42833.060000000005,0,256724.38999999998,215181.33999999988,112239.10000000002,6593,0.011012500000000001,2854731846.976243,441478819.97848713,270049744.2661773,0,69.896,0,0
ecuador-early-expansion,seed-5,EXISTING_AI,VAP,-1,-1,1,1,525880.88,392418.53,0.7462118227230471,124754.24999999999,89732.65000000001,170247.03999999998,182210.17999999996,165946.75000000006,6940,0.0020999999999999994,2679836223.808425,401159970.30482084,245928867.2652497,0,65.614,0,0
ecuador-early-expansion,seed-5,FACTORY_ACTIVATION_ON,MASS,22,31,0,1,665510.5599999997,310215.56,0.46613168692620016,318286.06,273281.58999999997,403595.87999999995,170441.44000000003,99607.32999999996,11746,0.009320512820512822,3178461373.370636,342562417.77786875,72901867.83375554,21000667.987871416,52.410000000000004,4,0
ecuador-early-expansion,seed-5,FACTORY_ACTIVATION_ON,BAL,25,27,1,1,688058.7599999998,688058.7599999998,1,0,0,391292.37,204016.27,136838.63999999998,11347,0.013866666666666666,3503165416.252958,541904959.2104915,246968695.88261855,0,80.96000000000001,0,0
ecuador-early-expansion,seed-5,FACTORY_ACTIVATION_ON,JPQ,-1,-1,1,1,596593.3699999999,501823.51000000007,0.8411483184937174,85055.78000000001,43360.55,239954.44999999995,223197.33,142089.52999999997,7842,0.012725000000000002,3017802289.568576,462537817.755626,259787054.51268494,0,73.894,0,0
ecuador-early-expansion,seed-5,FACTORY_ACTIVATION_ON,CONSV,-1,-1,1,1,573141.9299999999,491854.61000000004,0.8581724425571169,42833.01,0,256724.38999999998,215181.33999999988,112239.02,6593,0.011012500000000001,2855251852.415503,441028480.5109873,269215841.1929891,0,69.896,0,0
ecuador-early-expansion,seed-5,FACTORY_ACTIVATION_ON,VAP,-1,-1,1,1,525960.24,392497.85000000003,0.7462500397368441,124754.29,89732.64,170252.53999999998,182210.17999999996,165946.75000000006,6940,0.0021031249999999995,2681441464.575474,401323455.3353415,245819692.79555792,0,65.614,0,0
ecuador-delayed-expansion,seed-1,EXISTING_AI,MASS,23,25,0,0,645950.4299999999,245668.39,0.3803208088273895,387839.7200000001,571094.56,333238.47,145469.89,85765.22,6847,0.011250000000000001,2865535823.0708766,336301524.65946496,32295489.956034943,26044809.021589004,45.138,5,0
ecuador-delayed-expansion,seed-1,EXISTING_AI,BAL,25,27,1,1,695675.9800000001,680359.6100000001,0.9779834715581239,4473.5199999999995,0,379968.98000000004,191187.25,128248.51999999999,7206,0.0034843749999999996,3628047898.8344073,644399962.1862608,312672703.881574,0,77.158,0,0
ecuador-delayed-expansion,seed-1,EXISTING_AI,JPQ,30,32,1,1,566097.65,460599.8399999999,0.8136402615343835,100903.16999999998,101303.84999999999,190019.84999999998,232315.46999999997,141657.83999999997,7032,0.011025,3070615424.7870045,576327501.750007,343893160.8812461,0,73.432,0,0
ecuador-delayed-expansion,seed-1,EXISTING_AI,CONSV,-1,-1,1,1,576998.2100000001,492987,0.8543995309794807,48269.97,0,259780.17,214975.6699999999,112867.17,6578,0.012403125000000001,3079823791.8228602,563659573.5031972,360081766.7216587,0,69.578,0,0
ecuador-delayed-expansion,seed-1,EXISTING_AI,VAP,-1,-1,1,1,528409.45,396159.0900000001,0.7497199189000123,123181.26000000001,80862.44,169435.24999999997,182219.98999999996,165955.70000000004,6925,0.002075,2885306696.807004,531708682.7621107,342945846.5816545,0,66.046,0,0
ecuador-delayed-expansion,seed-1,FACTORY_ACTIVATION_ON,MASS,23,32,0,1,645961.53,278096.04000000004,0.4305148636328235,359066.16000000003,415466.25000000006,389242.29,161705.37000000005,96426.95,13275,0.016865789473684212,3264567254.7250896,409554977.0755515,90240261.30492565,38101547.2854717,47.5,5,0
ecuador-delayed-expansion,seed-1,FACTORY_ACTIVATION_ON,BAL,25,27,1,1,695746.7000000001,695746.7000000001,1,0,0,397098.04000000004,206373.19,138983.17999999996,12388,0.013972222222222223,3797913415.666374,681072147.7675403,326229696.03422165,0,80.268,0,0
ecuador-delayed-expansion,seed-1,FACTORY_ACTIVATION_ON,JPQ,30,32,1,1,566094.63,460599.82999999996,0.8136445844752139,100900.16,101304.26,190019.63,232315.46999999997,141657.83999999997,7032,0.011025,3070678432.625289,575072657.3222187,342571636.9827932,0,73.432,0,0
ecuador-delayed-expansion,seed-1,FACTORY_ACTIVATION_ON,CONSV,-1,-1,1,1,576998.2000000001,492986.99,0.8543995284560678,48269.97,0,259780.17,214975.6699999999,112867.17000000001,6578,0.012403125000000001,3080028152.044774,562532735.1757796,358675793.6004118,0,69.578,0,0
ecuador-delayed-expansion,seed-1,FACTORY_ACTIVATION_ON,VAP,-1,-1,1,1,528406.21,396155.87000000005,0.7497184221207395,123181.24000000002,80862.43,169435.16999999998,182219.98999999996,165955.70000000004,6925,0.002075,2885516869.38452,530859170.61107075,341834575.51056,0,66.04599999999999,0,0
ecuador-delayed-expansion,seed-2,EXISTING_AI,MASS,20,22,0,0,687065.9,232845.91,0.33889894695690764,417011.16000000003,394213.37,345264.73000000004,152556.9,89909.15,7528,0.008759375,3001642455.2543664,361443572.03212893,42037946.27764258,15706006.731835082,40.294,5,0
ecuador-delayed-expansion,seed-2,EXISTING_AI,BAL,24,26,1,1,727540.7400000001,710294.92,0.9762957329372373,9100.759999999998,0,416147.2799999999,187673.95000000004,126055.37999999996,7257,0.004071875000000001,3768454060.902804,664233567.6774613,322974537.0379712,0,77.238,0,0
ecuador-delayed-expansion,seed-2,EXISTING_AI,JPQ,-1,-1,1,1,599136.8500000001,497419.9699999999,0.8302276349718763,93144.52,63602.119999999995,240303.72,222935.47,141904.81,7808,0.012299999999999998,3246543838.5639396,602423270.4897383,370657792.37109274,0,74.242,0,0
ecuador-delayed-expansion,seed-2,EXISTING_AI,CONSV,-1,-1,1,1,576889.6299999999,492666.8400000001,0.8540053666764649,46556.579999999994,0,259863.46999999997,215176.9599999999,112594.15999999999,6574,0.012150000000000001,3085936388.704976,568390547.7153456,362159569.04998267,0,69.792,0,0
ecuador-delayed-expansion,seed-2,EXISTING_AI,VAP,-1,-1,1,1,528284.3099999999,395786.51,0.7491922483936728,123567.51999999999,81834.48000000001,169539.08000000002,182185.83999999997,165922.61000000004,6927,0.002078125,2891347957.4672422,536376645.0906208,346636189.5444432,0,66.054,0,0
ecuador-delayed-expansion,seed-2,FACTORY_ACTIVATION_ON,MASS,20,29,0,0,690460.58,360478.54000000004,0.5220841716988391,283155.14,104670.21,442763.59,173287.25999999998,105152.70999999999,16917,0.02024186046511628,3650500548.4539447,486030942.2793946,83661786.94205858,24153790.664432853,57.41799999999999,5,0
ecuador-delayed-expansion,seed-2,FACTORY_ACTIVATION_ON,BAL,24,26,1,1,737296.57,737296.57,1,0,0,438365.62,207871.77000000002,139140.91999999998,12337,0.014040540540540542,3995838253.951249,721655403.8991652,351031533.43308675,0,81.088,0,0
ecuador-delayed-expansion,seed-2,FACTORY_ACTIVATION_ON,JPQ,-1,-1,1,1,598955.0700000001,497418.3999999999,0.8304769838579041,92964.31,63613.92999999999,240286.57,222935.47,141904.81,7808,0.012296874999999999,3246936668.3668156,598816027.6594081,367128949.5821181,0,74.24199999999999,0,0
ecuador-delayed-expansion,seed-2,FACTORY_ACTIVATION_ON,CONSV,-1,-1,1,1,576887.1000000001,492665.5200000001,0.8540068238655363,46553.72,0,259863.14999999997,215176.9599999999,112592.52,6574,0.01214375,3086419803.5641756,566022507.4545382,359601844.18058014,0,69.792,0,0
ecuador-delayed-expansion,seed-2,FACTORY_ACTIVATION_ON,VAP,-1,-1,1,1,528068.3099999999,395568.8300000001,0.749086477088542,123569.2,81835.72,169537.46,182185.83999999997,165922.61000000004,6927,0.002078125,2892015833.476274,534718509.4828033,344748747.44524044,0,66.03200000000001,0,0
ecuador-delayed-expansion,seed-3,EXISTING_AI,MASS,19,21,0,0,640556.7999999998,245387.07000000007,0.383084013783009,352483.69,254538.91999999998,341094.63,144655.09,87070.42999999996,6713,0.015646874999999998,2906813680.298153,335035880.8583243,36823257.554490075,32708956.310569666,40.378,5,0
ecuador-delayed-expansion,seed-3,EXISTING_AI,BAL,24,26,1,0,722880.7699999999,703451.99,0.9731231195982708,9260.77,0,409284.6200000001,187695.73999999993,125977.52,7264,0.0035468749999999997,3721528361.4637294,647595873.3811748,304544672.3908234,0,76.19800000000001,0,0
ecuador-delayed-expansion,seed-3,EXISTING_AI,JPQ,28,30,1,1,558456.5999999999,452674.1699999998,0.8105807505901084,98405.68000000001,100980.45,189681.21,222116.82,142097.12999999995,6938,0.008028124999999999,3024416721.575547,563614143.5291148,324124531.84185576,0,73.348,0,0
ecuador-delayed-expansion,seed-3,EXISTING_AI,CONSV,-1,-1,1,1,576990.27,497984.62,0.8630728209680208,46692.96,0,259835.40000000002,215179.46999999988,112651.95,6768,0.011368750000000004,3075272382.3639255,560338987.528206,356113924.1298776,0,69.5,0,0
ecuador-delayed-expansion,seed-3,EXISTING_AI,VAP,-1,-1,1,1,526880.47,394625.57999999996,0.748985021213635,123122.52,80817.92,169430.9,182266.18999999994,163873.66000000003,7000,0.00204375,2866676636.550752,523582823.5447585,338444543.97541875,0,65.976,0,0
ecuador-delayed-expansion,seed-3,FACTORY_ACTIVATION_ON,MASS,19,29,0,0,688704.9399999997,458939.96,0.6663811065446985,188659.43999999997,42693.81999999999,447061.91000000015,175417.53,105727.31999999998,16862,0.024134090909090907,3659699464.684486,483411215.55716,100423441.54679768,34768057.58483215,64.32000000000001,5,0
ecuador-delayed-expansion,seed-3,FACTORY_ACTIVATION_ON,BAL,24,26,1,1,728034.1999999998,728034.1999999998,1,0,0,430635.99000000017,207056.02,138324.77000000002,12220,0.013513513513513514,3937801747.507395,701125388.1037449,329322428.5903304,0,80.266,0,0
ecuador-delayed-expansion,seed-3,FACTORY_ACTIVATION_ON,JPQ,28,30,1,1,557987.22,452670.04999999993,0.8112552291072186,97940.42,98121.12,189643.21,222117.59,144635.96999999994,8674,0.013845454545454544,3042650030.6265674,566761103.5075204,314915484.00931114,0,73.352,0,0
ecuador-delayed-expansion,seed-3,FACTORY_ACTIVATION_ON,CONSV,-1,-1,1,1,576986,497980.29999999993,0.863071720977632,46693.22,0,259834.94,215179.46999999988,112647.03999999998,6768,0.011368750000000004,3075843206.111025,557460002.196658,353153233.8485102,0,69.48999999999998,0,0
ecuador-delayed-expansion,seed-3,FACTORY_ACTIVATION_ON,VAP,-1,-1,1,1,526463.66,394158.21999999986,0.748690270473749,123173.07,80855.09,169460.11000000002,182266.18999999994,163873.66000000003,7001,0.00204375,2867597618.490227,521539630.2762721,336260571.84872717,0,65.884,0,0
ecuador-delayed-expansion,seed-4,EXISTING_AI,MASS,19,21,0,0,704680.02,245549.74000000002,0.348455657931099,420294.47,425493.49,353155.0200000001,152170,91893.19000000002,7488,0.005628124999999999,3034382509.5730743,364686641.59697986,44370223.29861894,13154367.419200037,40.084,4,0
ecuador-delayed-expansion,seed-4,EXISTING_AI,BAL,24,26,1,0,729197.5500000002,699639.3000000002,0.9594646882727459,13251.92,0,415930.3000000001,186742.33999999994,125894.25000000001,7274,0.0037343749999999994,3732979690.5830855,641078916.4689345,301041276.21891254,0,71.84400000000001,0,0
ecuador-delayed-expansion,seed-4,EXISTING_AI,JPQ,28,30,1,1,556956.1399999999,454018.98999999993,0.8151790731672336,94758.66999999998,93653.65000000001,189538.68,222108.01000000004,141245.43999999997,6943,0.008371875000000003,3007315719.61818,556521371.1996682,321998232.86524135,0,73.628,0,0
ecuador-delayed-expansion,seed-4,EXISTING_AI,CONSV,-1,-1,1,1,577027.68,492940.66,0.8542755869181179,48334.78,0,259785.17,214975.6699999999,112875.22,6577,0.012418750000000001,3064222529.2574997,554278307.0948813,353463914.4382761,0,69.45599999999999,0,0
ecuador-delayed-expansion,seed-4,EXISTING_AI,VAP,-1,-1,1,1,526409.48,391947.44000000006,0.7445675940334511,124443.87,83905.13999999998,169609.56,182116.44999999995,162885.71000000002,7004,0.0020375000000000002,2849984248.5544653,511315455.18121713,328893809.129225,0,65.568,0,0
ecuador-delayed-expansion,seed-4,FACTORY_ACTIVATION_ON,MASS,19,29,0,0,733111.19,379229.1,0.517287288985454,267003.85,59364.27000000001,455106.38,184115.49000000002,110118.02000000003,17588,0.018224999999999998,3783665374.966278,506468388.6460633,95764117.16796833,15011242.479725376,56.866,4,0
ecuador-delayed-expansion,seed-4,FACTORY_ACTIVATION_ON,BAL,24,26,1,0,729244.8999999999,729244.8999999999,1,0,0,431692.6100000001,202625.11999999997,138183.50000000003,10859,0.013283783783783783,3917590162.640687,687694853.4352635,344858402.51073176,0,77.864,0,0
ecuador-delayed-expansion,seed-4,FACTORY_ACTIVATION_ON,JPQ,28,30,1,1,556675.95,454018.1099999999,0.8155877939400831,94479.36,90715.35999999999,189518.83000000002,222108.78000000003,143784.24999999997,8672,0.014175757575757578,3025538424.9143577,560035728.1911129,312961683.35448724,0,73.57199999999999,0,0
ecuador-delayed-expansion,seed-4,FACTORY_ACTIVATION_ON,CONSV,-1,-1,1,1,577023.8800000001,492939.69999999995,0.8542795490543647,48329.15,0,259784.68,214975.6699999999,112873.92000000003,6577,0.012418750000000001,3064757870.487098,551600898.7607818,350754311.32571465,0,69.47,0,0
ecuador-delayed-expansion,seed-4,FACTORY_ACTIVATION_ON,VAP,-1,-1,1,1,526230.72,391741.58,0.7444293256007556,124470.97,83935.26000000001,169626.12,182115.06999999995,162885.14,7005,0.00235,2850684531.7601523,509177734.768952,326723516.3230762,0,65.522,0,0
ecuador-delayed-expansion,seed-5,EXISTING_AI,MASS,19,21,0,0,681213.8600000001,235932.30000000005,0.3463410154338316,405176.77,401387.81,340005.8,145324.09,87164.22000000002,6805,0.016378124999999997,2911226716.4286966,327873436.4576545,28310381.387707043,28767038.839895472,37.122,4,0
ecuador-delayed-expansion,seed-5,EXISTING_AI,BAL,25,27,1,1,688496.2600000001,685129.18,0.9951095159180675,1290.96,0,379157.48999999993,191023.34999999998,128532.73999999996,7226,0.003475,3623587376.5732784,646083194.8661556,318149076.62657666,0,80.05,0,0
ecuador-delayed-expansion,seed-5,EXISTING_AI,JPQ,-1,-1,1,1,598826.03,497641.56999999995,0.8310286211172215,92027.40000000001,62129.38000000002,239972.43999999994,223198.97999999998,142090.46999999997,7845,0.0123875,3240465074.427051,594663272.7028215,358949492.7432535,0,73.248,0,0
ecuador-delayed-expansion,seed-5,EXISTING_AI,CONSV,-1,-1,1,1,573506.32,497121.91000000003,0.8668115636458898,43228.72,0,256719.49000000005,215180.02999999988,112570.23999999999,6598,0.0114,3062947497.0365796,561393786.0876054,359879711.180764,0,70.02799999999999,0,0
ecuador-delayed-expansion,seed-5,EXISTING_AI,VAP,-1,-1,1,1,527884.4099999999,395354.0899999999,0.7489406440322797,123447.40000000001,81273.48999999999,169582.44999999998,182210.17999999996,165946.75000000006,6926,0.002084375,2881923589.388533,530360502.22415006,343543010.0053797,0,66.018,0,0
ecuador-delayed-expansion,seed-5,FACTORY_ACTIVATION_ON,MASS,19,29,0,0,706242.2100000001,452759.91000000003,0.641083049963836,208602.07,65376.2,451182.66000000015,177689.48,106398.28,17456,0.02391363636363636,3717675700.5437655,492054068.5217222,95930174.28038101,20810216.27809292,61.64,4,0
ecuador-delayed-expansion,seed-5,FACTORY_ACTIVATION_ON,BAL,25,27,1,1,688382.79,688382.79,1,0,0,389951.5,203369.06999999998,136983.11,11100,0.01346388888888889,3743103588.7999587,665339238.7556454,346795333.18886924,0,80.994,0,0
ecuador-delayed-expansion,seed-5,FACTORY_ACTIVATION_ON,JPQ,-1,-1,1,1,598634.2500000001,497637.80999999994,0.8312885706088481,91839.37999999999,62028.590000000004,239952.41999999998,223198.97999999998,142090.46999999997,7845,0.012384374999999998,3240865954.0207767,591584280.4850538,356010720.3911947,0,73.27,0,0
ecuador-delayed-expansion,seed-5,FACTORY_ACTIVATION_ON,CONSV,-1,-1,1,1,573500.48,497118.77,0.8668149153074816,43222.26,0,256718.75999999998,215180.02999999988,112566.50000000001,6598,0.0114,3063427068.8181467,558750405.9900509,357185507.56151485,0,70.02799999999999,0,0
ecuador-delayed-expansion,seed-5,FACTORY_ACTIVATION_ON,VAP,-1,-1,1,1,527602.45,395065.47,0.7487938503697245,123454.06000000001,81280.76999999999,169567.96,182210.17999999996,165946.75000000006,6926,0.002078125,2882472826.016529,528387916.49219996,341594226.5296296,0,65.994,0,0
global-demand-boom,seed-1,EXISTING_AI,MASS,22,28,0,0,632407,224078.08999999997,0.35432575857003473,390927.65,715765.6,327199.85,144385.85000000003,84425.7,7401,0.00248125,3212197769.1119633,490571958.0840243,28847816.45736882,62741354.53203157,44.928,5,0
global-demand-boom,seed-1,EXISTING_AI,BAL,25,27,1,1,693419.91,688074.99,0.9922919432757562,3807.61,0,379961.74999999994,191169.26,128605.24999999997,7216,0.003425,4153879583.865202,909572870.9297742,489048136.99834985,0,79.734,0,0
global-demand-boom,seed-1,EXISTING_AI,JPQ,30,32,1,1,570201.4500000001,453633.12000000005,0.7955664090296508,109249.84,134665.78,190140.81000000003,232326.8,141656.34999999998,7031,0.011359375,3516790365.860837,839604732.551433,532241090.70353097,0,71.76,0,0
global-demand-boom,seed-1,EXISTING_AI,CONSV,-1,-1,1,1,577588.8,496634.7400000001,0.8598413611898292,48337.880000000005,0,259787.59,214979.8099999999,113440.32999999996,6615,0.011053124999999999,3525822456.77119,809809674.0797558,536655288.82094324,0,70.23599999999999,0,0
global-demand-boom,seed-1,EXISTING_AI,VAP,-1,-1,1,1,531272.8500000001,356376.22999999986,0.6707969925434732,146246.91000000003,71510.74,168350.93000000002,182198.87999999995,165935.27000000005,6912,0.0020125,3309145772.799204,795019899.4972261,532497460.36465263,0,57.9,0,0
global-demand-boom,seed-1,FACTORY_ACTIVATION_ON,MASS,22,28,0,0,633681.1000000001,294689.86999999994,0.46504443638921833,324645.57,523711.25,412810.16,160724.07000000004,95710.01,16185,0.016004761904761904,3838850268.84308,627740286.6067,151018170.49846476,17727682.04746364,53.678,5,0
global-demand-boom,seed-1,FACTORY_ACTIVATION_ON,BAL,25,27,1,1,693614.37,693614.37,1,0,0,392639.75999999995,205344.15,138648.38999999998,11597,0.013575,4317532013.328968,950303604.0829794,524706424.13638335,0,80.346,0,0
global-demand-boom,seed-1,FACTORY_ACTIVATION_ON,JPQ,30,32,1,1,570201.4000000001,453633.12000000005,0.7955664787915286,109249.79000000002,134664.53,190140.77000000002,232326.8,141656.34999999998,7031,0.011359375,3517000959.451018,838403732.4759915,530944326.7847593,0,71.76,0,0
global-demand-boom,seed-1,FACTORY_ACTIVATION_ON,CONSV,-1,-1,1,1,577588.8,496634.7300000001,0.8598413438764742,48337.89,0,259787.59,214979.8099999999,113440.30999999998,6615,0.011053124999999999,3526578233.3256073,809126206.0904778,535462677.21014017,0,70.23599999999999,0,0
global-demand-boom,seed-1,FACTORY_ACTIVATION_ON,VAP,-1,-1,1,1,531272.1200000001,356376.3699999999,0.6707981777775197,146244.96,71510.75,168350.98,182198.87999999995,165935.27000000005,6912,0.0020125,3309715443.178453,794460707.812596,531468379.8859116,0,57.9,0,0
global-demand-boom,seed-2,EXISTING_AI,MASS,19,26,0,0,716661.2000000001,232078.28,0.3238326283046996,473325.67999999993,523396.42000000004,363931.29000000004,149535.11000000002,88880.66,7505,0.0030093749999999995,3495516815.617474,561050154.6541615,32399593.87371535,51177489.188565485,40.972,4,0
global-demand-boom,seed-2,EXISTING_AI,BAL,24,26,0,1,729162.64,709739.5299999999,0.9733624448998098,11086.11,0,415897.51,187616.86000000002,126468.28999999998,7275,0.004440625,4314713135.252851,931404927.8873572,500760936.3598406,0,77.312,0,0
global-demand-boom,seed-2,EXISTING_AI,JPQ,-1,-1,1,1,602578.8300000001,493931.4099999999,0.8196959226065075,103804.17,93636.08,240261.31,222819.93999999997,141905.55000000002,7811,0.01231875,3717030877.0015006,869092688.8045975,558150808.5452087,0,72.74000000000001,0,0
global-demand-boom,seed-2,EXISTING_AI,CONSV,-1,-1,1,1,577425.07,500903,0.8674770563737387,46682.950000000004,0,259873.69,215180.1999999999,113090.86,6616,0.011121875,3531666545.662494,813223727.7885976,536981576.7015631,0,70.484,0,0
global-demand-boom,seed-2,EXISTING_AI,VAP,-1,-1,1,1,531250.91,355776.92,0.6696965846138503,147365.97,72716.44,168378.24000000002,182133.18999999994,165870.13000000003,6914,0.0020125,3314981681.956159,801218991.3713306,537179741.8038332,0,58.31,0,0
global-demand-boom,seed-2,FACTORY_ACTIVATION_ON,MASS,19,26,0,0,723817.73,390875.48000000004,0.5400192117427133,316445.02999999997,175836.03,487961.96,183045.21000000002,110752.13999999997,18518,0.015715217391304347,4426379106.151068,777480532.1138023,216468285.86231118,0,58.406000000000006,4,0
global-demand-boom,seed-2,FACTORY_ACTIVATION_ON,BAL,24,26,0,1,730334.26,730334.26,1,0,0,431404.63000000006,203197.65000000002,138383.09999999998,10732,0.013902702702702701,4512190977.621219,987507405.3047287,562953357.6934165,0,81.30000000000001,0,0
global-demand-boom,seed-2,FACTORY_ACTIVATION_ON,JPQ,-1,-1,1,1,602573.06,493931.4299999999,0.8197038048796935,103798.37999999998,93630.16,240260.63000000003,222819.93999999997,141905.55000000002,7811,0.01231875,3717593347.8482323,866439263.0807183,555396760.1707813,0,72.744,0,0
global-demand-boom,seed-2,FACTORY_ACTIVATION_ON,CONSV,-1,-1,1,1,577423.5099999999,500901.4299999999,0.8674766810239506,46682.95999999999,0,259873.48000000004,215180.1999999999,113088.73,6616,0.011121875,3532756361.6607833,811308284.2761939,534772309.87224436,0,70.482,0,0
global-demand-boom,seed-2,FACTORY_ACTIVATION_ON,VAP,-1,-1,1,1,531247.84,355776.41000000003,0.6696994946840632,147359.27000000002,72716.6,168378.36000000002,182133.18999999994,165870.13000000003,6914,0.0020125,3316062057.623782,799954759.5284896,535514639.4757097,0,58.315999999999995,0,0
global-demand-boom,seed-3,EXISTING_AI,MASS,19,25,0,0,777870.34,231057.57,0.2970386684238404,534584.2099999998,596215.64,410194.23999999993,151101.53000000003,88579.69000000002,8044,0.001078125,3740213339.1340313,609176942.5874734,37460770.42804331,39622183.345756546,39.553999999999995,4,0
global-demand-boom,seed-3,EXISTING_AI,BAL,24,26,1,0,726322.2199999999,711215.4999999999,0.9792010768994511,9075.31,0,414779.2600000001,187526.69999999992,126385.86,7284,0.004121875,4291348012.23598,913431965.5221429,481030375.8908552,0,76.54599999999999,0,0
global-demand-boom,seed-3,EXISTING_AI,JPQ,28,30,1,1,562551.54,449649.68999999994,0.7993039891064914,107984.76,136330.02000000002,189316.85999999996,221991.68,142096.54999999996,6942,0.008021875,3462035006.5066977,827434941.33285,514050063.8900524,0,71.506,0,0
global-demand-boom,seed-3,EXISTING_AI,CONSV,-1,-1,1,1,577402.4700000001,500612.3900000001,0.8670077043487535,46681.71,0,259840.17,215180.1299999999,113070.62000000001,6771,0.011387500000000002,3521195868.669222,805297191.905757,531171205.43008167,0,70.46400000000001,0,0
global-demand-boom,seed-3,EXISTING_AI,VAP,-1,-1,1,1,529759.1800000002,360069.32999999996,0.6796849277817136,144604.66,69739.53,168270.44999999998,182245.49999999994,164491.88000000003,6958,0.001675,3293643880.2437897,788438784.9578054,529547959.6221322,0,60.763999999999996,0,0
global-demand-boom,seed-3,FACTORY_ACTIVATION_ON,MASS,19,25,0,0,788793.61,432470.91,0.5482687797128579,339709.87,143216.71999999997,542389.9900000001,190258.45,113723.98,16239,0.016575000000000003,4775220167.31361,834626472.2791681,298121570.09209126,30920773.71185088,60.391999999999996,4,0
global-demand-boom,seed-3,FACTORY_ACTIVATION_ON,BAL,24,26,1,0,735992.97,735992.97,1,0,0,435616.16000000015,206605.91999999993,140869.43,12411,0.014118918918918918,4560771797.085233,982889482.514106,527530128.01139206,0,80.33200000000001,0,0
global-demand-boom,seed-3,FACTORY_ACTIVATION_ON,JPQ,28,30,1,1,562524.2100000001,449649.69,0.7993428229515668,107957.43000000001,133777.99,189315.24999999997,221990.5,144635.38999999996,8633,0.013836363636363636,3483606509.139362,832822283.4432082,504450101.0239674,0,71.526,0,0
global-demand-boom,seed-3,FACTORY_ACTIVATION_ON,CONSV,-1,-1,1,1,577402.48,500612.3800000001,0.8670076720141557,46681.7,0,259840.18000000005,215180.1299999999,113070.61,6771,0.011387500000000002,3522290895.596436,802462807.9928434,528369889.0279013,0,70.46400000000001,0,0
global-demand-boom,seed-3,FACTORY_ACTIVATION_ON,VAP,-1,-1,1,1,529751.11,360067.6699999999,0.6796921482618506,144588.15,69739.41,168270.6,182245.49999999994,164491.88000000003,6958,0.001675,3294784269.2491803,786536465.7840257,527539385.5317091,0,60.774,0,0
global-demand-boom,seed-4,EXISTING_AI,MASS,18,24,0,0,756506.56,226785.91,0.29978049364172066,494562.62,557428.56,383531.52999999997,153117.75000000003,89758.81999999998,7483,0.0049093750000000005,3614877150.284478,579208522.2754297,25557062.553511474,57965740.110914215,40.245999999999995,5,0
global-demand-boom,seed-4,EXISTING_AI,BAL,24,26,1,0,731440.4299999999,706805.74,0.9663203058108233,16070.539999999999,0,415320.3800000001,186939.95999999996,126399.05000000003,7264,0.004212499999999999,4277955352.8813696,905565413.0719607,474856759.72583497,0,73.42800000000001,0,0
global-demand-boom,seed-4,EXISTING_AI,JPQ,28,30,1,1,561191.6599999999,449578.33999999997,0.801113722894599,106213.01000000001,128866.49,190044.89,222170.46000000002,141245.12999999998,6944,0.008381250000000002,3447527963.9988623,816832860.086724,502078385.9644194,0,71.806,0,0
global-demand-boom,seed-4,EXISTING_AI,CONSV,-1,-1,1,1,573978.85,500649.07000000007,0.8722430626145895,43391.90000000001,0,256733.67000000004,215175.52999999988,113005.7,6593,0.012471875000000002,3492411774.252937,796268825.9714864,526224379.7211766,0,70.626,0,0
global-demand-boom,seed-4,EXISTING_AI,VAP,-1,-1,1,1,528585.0299999999,360003.2900000001,0.6810697798233146,139569.59,61248.90000000001,167531.95000000004,182096.07999999996,164992.52000000005,6913,0.002015625,3284269714.729214,777389764.6135249,519793804.1455406,0,57.8,0,0
global-demand-boom,seed-4,FACTORY_ACTIVATION_ON,MASS,18,24,0,1,785245.1499999999,497825.92000000004,0.6339751604960567,251537.33000000002,75026.89,524297.7300000001,198347.22999999998,119725.43000000002,15600,0.015138,4779225816.986225,829372798.7625645,290545321.7449805,0,63.44599999999999,5,0
global-demand-boom,seed-4,FACTORY_ACTIVATION_ON,BAL,24,26,1,0,734421.16,734421.16,1,0,0,434408.14000000013,205986.13,140406.56000000006,11791,0.014072972972972974,4532261090.038191,968633419.0428835,526256455.5189839,0,77.85400000000001,0,0
global-demand-boom,seed-4,FACTORY_ACTIVATION_ON,JPQ,28,30,1,1,561164.2599999999,449578.30999999994,0.8011527854607134,106185.64000000001,126295.38999999998,190065.93,222193.43000000002,143776.75999999995,8708,0.014184848484848488,3469875480.8715277,822599434.095742,492160973.52384025,0,71.798,0,0
global-demand-boom,seed-4,FACTORY_ACTIVATION_ON,CONSV,-1,-1,1,1,573978.9400000001,500649.12000000005,0.8722430129579318,43391.899999999994,0,256733.71000000002,215175.52999999988,113005.76999999996,6593,0.012471875000000002,3493796092.69396,793416917.2935486,523332117.23859054,0,70.626,0,0
global-demand-boom,seed-4,FACTORY_ACTIVATION_ON,VAP,-1,-1,1,1,528578.12,359999.23000000004,0.6810710023335813,139536.47,61251.29,167533.29000000007,182096.07999999996,164992.52000000005,6913,0.002015625,3285829079.6348376,775665593.3634317,517833681.89846915,0,57.80400000000001,0,0
global-demand-boom,seed-5,EXISTING_AI,MASS,18,24,0,1,705724.4800000001,211321.88000000003,0.2994396340056108,454718.33,367091.48,367393.69000000006,142470.05000000002,85581.70999999999,6753,0.014587499999999998,3433967375.4229903,529251998.9079836,28480792.60453169,99845667.4937065,35.762,5,0
global-demand-boom,seed-5,EXISTING_AI,BAL,24,26,1,1,722736.2399999999,703067.5099999999,0.9727857426936278,10803.019999999999,0,411085.64999999997,186980.5,126417.27999999998,7251,0.00328125,4276038802.0122094,920209709.7285686,491918536.6650417,0,76.596,0,0
global-demand-boom,seed-5,EXISTING_AI,JPQ,-1,-1,1,1,602941.82,494256.83999999997,0.8197421767824962,104093.49999999999,95908.23000000001,239992.79,223194.12999999995,142090.08,7839,0.012759375,3710934243.359469,859469409.3680512,547344656.3475695,0,71.68,0,0
global-demand-boom,seed-5,EXISTING_AI,CONSV,-1,-1,1,1,574023.66,500048.3000000001,0.871128378227476,43387.1,0,256733.20999999996,215177.08999999988,113050.32999999999,6595,0.012159375000000002,3505470339.821901,805074347.4589185,534785222.90064627,0,70.78,0,0
global-demand-boom,seed-5,EXISTING_AI,VAP,-1,-1,1,1,531328.3699999999,349921.07,0.658577801896782,149150.19000000003,70836.35,168305.93,182189.98999999996,165926.73000000004,6913,0.0020125,3305188356.94545,795563745.0367998,534255696.9527974,0,56.855999999999995,0,0
global-demand-boom,seed-5,FACTORY_ACTIVATION_ON,MASS,18,24,0,1,728035.43,503099.19000000006,0.6910366848492525,191208.61000000002,38421.13,480537.54000000004,184739.7,113401.95000000001,14164,0.01759,4437592288.081188,768997728.7526203,300085573.1055211,0,66.212,5,0
global-demand-boom,seed-5,FACTORY_ACTIVATION_ON,BAL,24,26,1,2,733462.8599999999,733462.8599999999,1,0,0,433101.97,208185.76,141203.19,12711,0.013697297297297299,4557039944.892713,991215564.1900907,531241458.0119525,0,78.78399999999999,0,0
global-demand-boom,seed-5,FACTORY_ACTIVATION_ON,JPQ,-1,-1,1,1,602910.96,494256.77999999997,0.8197840357720483,104062.7,95846.45000000001,239989.92,223194.12999999995,142090.08,7839,0.012759375,3712101893.805687,856843743.6994624,544584311.6465149,0,71.71000000000001,0,0
global-demand-boom,seed-5,FACTORY_ACTIVATION_ON,CONSV,-1,-1,1,1,574019.88,500044.45000000007,0.8711274076430943,43387.21,0,256732.65999999997,215177.08999999988,113044.96999999999,6595,0.01215625,3507082873.0166035,803476594.7277061,532816703.45735747,0,70.77799999999999,0,0
global-demand-boom,seed-5,FACTORY_ACTIVATION_ON,VAP,-1,-1,1,1,531311.2499999999,349920.9099999999,0.6585987215591614,149094.58999999997,70838.17000000001,168307.54999999996,182189.98999999996,165926.73000000004,6913,0.0020125,3307054914.081213,794754318.4484781,532867530.6337083,0,56.886,0,0
global-disease-crisis,seed-1,EXISTING_AI,MASS,23,25,0,0,604844.35,245908.71000000002,0.40656527584328106,349331.92,514247.43999999994,328044.52,140301.28,82674.81999999999,6907,0.006481249999999999,2990265501.970874,394757414.1103819,55240885.6622747,11152071.61961767,48.386,5,0
global-disease-crisis,seed-1,EXISTING_AI,BAL,24,26,1,1,731900.65,711617.1,0.972286470848195,10832.18,0,416878.9099999998,190642.58000000002,124692.75999999998,7383,0.005318749999999999,4065969826.135516,778636103.5701587,389970361.62996054,0,76.35999999999999,0,0
global-disease-crisis,seed-1,EXISTING_AI,JPQ,30,32,1,1,566273.6100000001,457790.98000000004,0.8084271841663254,102489.45999999998,106903.63999999998,190059.36999999997,232391.06999999995,140811.09999999998,7071,0.009406250000000001,3306074051.2513647,707406407.6957538,441255004.53789407,0,72.97200000000001,0,0
global-disease-crisis,seed-1,EXISTING_AI,CONSV,-1,-1,1,1,573777.81,500838.76,0.8728792770846261,44903.28,0,256642.55,214980.2299999999,112977.69999999998,6735,0.011734375,3304151394.771931,678750076.817748,441145636.5733083,0,70.602,0,0
global-disease-crisis,seed-1,EXISTING_AI,VAP,-1,-1,1,1,527560.76,395572.24,0.7498136138859152,123025.57999999999,81214.52,169390.21,182220.51999999993,164467.67,6972,0.0020343749999999997,3104592546.2417464,660423015.5503497,438743701.6491662,0,66.454,0,0
global-disease-crisis,seed-1,FACTORY_ACTIVATION_ON,MASS,23,32,0,1,606402.3599999999,293489.75,0.4839851711658907,305385.69999999995,400162.13999999996,381107.06999999995,153102.28,90646.42,13267,0.011992105263157894,3368475067.8000617,469529927.8690134,99592670.82427992,12329215.993031338,53.645999999999994,5,0
global-disease-crisis,seed-1,FACTORY_ACTIVATION_ON,BAL,24,26,1,1,732133.9500000001,732133.9500000001,1,0,0,430652.1199999998,205480.76,136111.05,10241,0.014556756756756755,4241053221.7642884,823073162.3094319,464122550.20745414,0,80.146,0,0
global-disease-crisis,seed-1,FACTORY_ACTIVATION_ON,JPQ,30,32,1,1,566279.3999999999,457791.13,0.8084191831805997,102495.1,106910.29999999999,190059.97999999995,232391.06999999995,140811.09999999998,7071,0.009406250000000001,3306195657.589383,706448060.0349596,440221471.73758584,0,72.97200000000001,0,0
global-disease-crisis,seed-1,FACTORY_ACTIVATION_ON,CONSV,-1,-1,1,1,573777.9100000001,500838.86,0.8728792992396655,44903.28,0,256642.56,214980.2299999999,112977.82,6735,0.011734375,3304670345.011804,678152333.4067237,440194531.6851816,0,70.604,0,0
global-disease-crisis,seed-1,FACTORY_ACTIVATION_ON,VAP,-1,-1,1,1,527565.2,395577.1699999999,0.7498166482550402,123025.08999999998,81214.53,169390.00999999998,182220.51999999993,164467.67,6972,0.0020343749999999997,3105133617.095016,660083030.3557397,437989485.3113481,0,66.45199999999998,0,0
global-disease-crisis,seed-2,EXISTING_AI,MASS,17,19,0,0,646563.5499999999,214593.84999999998,0.33189908401115403,399705.33999999997,330328.35,337495.25000000006,145442.52999999997,88364.23999999999,6819,0.013331249999999998,3141102340.6505284,410848333.83134955,48519910.383907475,0,38.124,5,0
global-disease-crisis,seed-2,EXISTING_AI,BAL,24,26,1,1,735136.06,709783.4700000001,0.9655130643434904,16101.8,0,416474.29,187561.83000000005,126267.80999999997,7288,0.0043125,4066084977.464849,787734015.8176557,403240371.5515755,0,76.97200000000001,0,0
global-disease-crisis,seed-2,EXISTING_AI,JPQ,-1,-1,1,1,598777.4900000001,494541.5800000001,0.8259187899665367,96846.18999999999,65994.27,240325.24000000005,222913.35,141055.33,7838,0.0121375,3493414275.3958755,728250927.1302084,461467155.01618725,0,73.83000000000001,0,0
global-disease-crisis,seed-2,EXISTING_AI,CONSV,-1,-1,1,1,573574.02,499530.66,0.8709087974382103,43390.090000000004,0,256728.68,215176.30999999988,112590.2,6593,0.012425,3309029708.589728,682127437.2065669,442021572.3716808,0,70.72599999999998,0,0
global-disease-crisis,seed-2,EXISTING_AI,VAP,-1,-1,1,1,527280.78,394646.93,0.7484568847739907,123371.59,82698.78,169613.17,182186.27999999994,164434.48000000004,6976,0.0020625,3110536677.6744494,664470173.0970653,441926051.9053702,0,66.34599999999999,0,0
global-disease-crisis,seed-2,FACTORY_ACTIVATION_ON,MASS,17,30,0,0,704254.1900000001,480401.88999999996,0.6821427501908082,194680.19,44696.39,458156.24,173284.67,105255.70000000001,14947,0.020693333333333334,3998030683.640949,598296027.9248669,151541325.4919564,0,65.412,5,0
global-disease-crisis,seed-2,FACTORY_ACTIVATION_ON,BAL,24,26,1,1,736708.98,736708.98,1,0,0,435880.00000000006,206565.30000000005,139535.84999999998,11587,0.014156756756756756,4297562063.804498,849023263.9534296,450789597.03240037,0,81.25200000000001,0,0
global-disease-crisis,seed-2,FACTORY_ACTIVATION_ON,JPQ,-1,-1,1,1,598394.67,494538.45,0.8264419367238013,96466.49999999997,65543.78,240285.80999999997,222913.09,141055.33,7838,0.0121375,3494461121.6574397,725356224.8351722,459893951.0789372,0,73.90599999999999,0,0
global-disease-crisis,seed-2,FACTORY_ACTIVATION_ON,CONSV,-1,-1,1,1,573550.52,499518.56999999995,0.8709234018304088,43355.56,0,256726.26,215176.30999999988,112576.56,6593,0.012421875,3310022902.5749598,679271375.6179454,439085775.55820423,0,70.72999999999999,0,0
global-disease-crisis,seed-2,FACTORY_ACTIVATION_ON,VAP,-1,-1,1,1,527103.85,394412.98000000004,0.7482642746775613,123428.61,82785.43000000001,169652.76,182186.27999999994,164434.48000000004,6977,0.00206875,3112139548.398366,662835633.5910084,439921794.0952785,0,66.246,0,0
global-disease-crisis,seed-3,EXISTING_AI,MASS,14,16,0,0,638947.6600000001,204107.85,0.31944377102813076,387516.78,218013.76,352688.6699999999,146756.53,89059.23,6761,0.014487499999999997,3218853830.1188784,398871948.83737946,43288689.6449135,12244471.494105227,37.062,5,0
global-disease-crisis,seed-3,EXISTING_AI,BAL,24,26,1,0,732552.84,707521.7400000001,0.9658303147114959,15319.63,0,415102.16000000015,187519.06999999992,126063.26000000001,7287,0.003790625,4040015322.7658825,771728823.2307556,385577731.5017108,0,75.66400000000002,0,0
global-disease-crisis,seed-3,EXISTING_AI,JPQ,28,30,1,1,557871.2999999999,451759.58999999985,0.8097917745544535,100924.26000000001,98668.3,189843.07,221574.71000000002,141246.58,6941,0.008093749999999999,3251919853.722626,691685044.5435729,417464036.2539972,0,72.958,0,0
global-disease-crisis,seed-3,EXISTING_AI,CONSV,-1,-1,1,1,572193.33,498678,0.8715201206557232,45475.48,0,256985.31000000003,213389.96999999988,112612.27999999998,6725,0.012287500000000002,3287727365.99395,670961049.8669686,434411355.2137112,0,70.49199999999999,0,0
global-disease-crisis,seed-3,EXISTING_AI,VAP,-1,-1,1,1,524708.3300000001,395716.25,0.7541642230074753,121473.59,82792.67,169674.75000000003,178991.69999999992,164514.36000000004,6933,0.0016062499999999998,3080091058.137441,652747795.07234,434771035.7819215,0,66.66,0,0
global-disease-crisis,seed-3,FACTORY_ACTIVATION_ON,MASS,14,30,0,0,737116.1499999999,561039.9500000001,0.7611282835140706,140071.69999999998,3334.73,490811.1099999999,179273.68999999997,109052.76999999997,14995,0.019587500000000004,4175394251.845172,624908230.0393015,189687677.42230448,0,70.804,5,0
global-disease-crisis,seed-3,FACTORY_ACTIVATION_ON,BAL,24,26,1,0,735193.4899999999,735193.4899999999,1,0,0,435542.1300000001,206462.90999999992,139839.77000000002,11815,0.013740540540540542,4284699568.7816987,833052904.3815887,425552607.5003936,0,80.268,0,0
global-disease-crisis,seed-3,FACTORY_ACTIVATION_ON,JPQ,28,30,1,1,556901.2199999999,451759.5499999997,0.8112022990360837,99954.22000000003,94111.98000000001,189760.06,221575.48,143785.38999999998,8676,0.013906060606060604,3272199957.9087887,695417440.0795109,408701105.3266108,0,73.12,0,0
global-disease-crisis,seed-3,FACTORY_ACTIVATION_ON,CONSV,-1,-1,1,1,572158.4800000001,498642.8999999999,0.8715118580432467,45475.49,0,256983.16,213389.96999999988,112579.35000000002,6723,0.012278125,3289081762.8529844,667687715.9319252,431144143.7505594,0,70.466,0,0
global-disease-crisis,seed-3,FACTORY_ACTIVATION_ON,VAP,-1,-1,1,1,524162.04999999993,394965.84,0.7535185731206601,121677.71999999999,83242.06999999999,169820.56,178991.69999999992,164514.36000000004,6939,0.0016187499999999997,3082910766.627249,651232055.9232975,432805651.9210859,0,66.43,0,0
global-disease-crisis,seed-4,EXISTING_AI,MASS,18,20,0,0,673313.7399999999,254613.11000000002,0.37814928594803376,310314.64999999997,68879.61,395856.06000000006,135185.31,82877.81999999999,6724,0.010671874999999999,3301857463.6965337,436144485.1320746,75418974.25953849,0,39.902,5,0
global-disease-crisis,seed-4,EXISTING_AI,BAL,24,26,1,0,747628.7699999999,718784.07,0.961418418930026,17825.93,0,425238.7299999998,189311.7199999999,127989.07999999994,7359,0.0045125,4101062720.9808393,778698309.5447327,394652918.82246417,0,71.73600000000002,0,0
global-disease-crisis,seed-4,EXISTING_AI,JPQ,28,30,1,1,557268.1200000001,451796.3099999999,0.8107341758577536,100377.51999999999,96494.01000000001,189497.84,221573.18000000002,141246.40999999997,6943,0.008090625,3243506093.849082,688258160.8734057,418554708.3272153,0,73.06,0,0
global-disease-crisis,seed-4,EXISTING_AI,CONSV,-1,-1,1,1,570763.39,493984.17,0.8654797743772599,47378.68,0,256932.1,211699.9299999999,112938.98000000001,6700,0.011971874999999996,3272147899.4951916,667805045.3657905,433873635.6938527,0,70.554,0,0
global-disease-crisis,seed-4,EXISTING_AI,VAP,-1,-1,1,1,523407.48000000004,393779.47000000003,0.7523382546997609,122706.19,84772.87999999999,169783.13,178841.2099999999,162886.99000000002,6978,0.001971875,3061565219.6781883,642334730.5145805,426387291.4397592,0,66.378,0,0
global-disease-crisis,seed-4,FACTORY_ACTIVATION_ON,MASS,18,20,0,0,706052.3499999999,524724.89,0.7431812811047228,113515.20000000001,0,487496.06000000006,166397.84000000003,102035.66,12671,0.014030232558139533,3992722725.805869,601445944.8896351,200851681.87482366,0,68.574,5,0
global-disease-crisis,seed-4,FACTORY_ACTIVATION_ON,BAL,24,26,1,0,747539.5200000001,747539.5200000001,1,0,0,442088.12999999983,206807.17999999993,140147.4699999999,10942,0.014200000000000003,4303559679.779129,828951081.337774,461474109.44812685,0,77.724,0,0
global-disease-crisis,seed-4,FACTORY_ACTIVATION_ON,JPQ,28,30,1,1,557091.4,451794.1799999999,0.8109875327459728,100202.93,93699.26000000001,189423.93999999997,221509.63,143785.21999999997,8648,0.013903030303030302,3262683934.0316763,692844148.700364,410840368.118391,0,73.07400000000001,0,0
global-disease-crisis,seed-4,FACTORY_ACTIVATION_ON,CONSV,-1,-1,1,1,570755.3399999999,493976.1400000001,0.8654779121295654,47372.63,0,256930.88000000003,211701.4199999999,112931.36,6699,0.011656249999999996,3273047748.2120323,665861582.1300523,431913052.5355807,0,70.56,0,0
global-disease-crisis,seed-4,FACTORY_ACTIVATION_ON,VAP,-1,-1,1,1,523223.30000000005,393546.14,0.7521571382620001,122755.34,84810.45999999999,169815.84,178841.2099999999,162886.99000000002,6979,0.00196875,3062927114.6479073,641122625.7637049,425000250.9324218,0,66.312,0,0
global-disease-crisis,seed-5,EXISTING_AI,MASS,19,21,0,1,716630.2200000001,240561.30999999994,0.3356840156698945,440965.01,381341.13999999996,361897.54000000004,148638.54,86018.93000000001,6706,0.011878125000000002,3249373791.2724977,447035940.30188125,78593431.62179185,0,37.458,4,0
global-disease-crisis,seed-5,EXISTING_AI,BAL,25,27,1,1,687504.41,683047.28,0.9935169434040431,343.09999999999997,0,378293.71,191355.21,128926.53999999995,7232,0.003146875,3903449319.168107,771540297.2138258,399653258.7372387,0,80.072,0,0
global-disease-crisis,seed-5,EXISTING_AI,JPQ,-1,-1,1,1,598300.1699999999,497119.36,0.8308862088406227,94299.33,61918.100000000006,240012.92000000007,223196.99999999997,141241.06,7848,0.011840624999999999,3487028630.8079896,717744322.9673567,448794527.2980925,0,73.08,0,0
global-disease-crisis,seed-5,EXISTING_AI,CONSV,-1,-1,1,1,572271.14,499584.18999999994,0.8729851203050357,45312.899999999994,0,257016.23000000004,213390.85999999987,112717.35,6722,0.012184375,3291604032.744082,673751801.863728,440180283.9055046,0,70.79400000000001,0,0
global-disease-crisis,seed-5,EXISTING_AI,VAP,-1,-1,1,1,526725.28,393976.54999999993,0.7479734976836501,123446.36000000002,83328.36000000002,169759.05999999997,182208.82999999996,164457.56000000003,6988,0.002740625,3100874700.9415536,655437797.1604732,436467107.4715469,0,66.14200000000001,0,0
global-disease-crisis,seed-5,FACTORY_ACTIVATION_ON,MASS,19,30,0,1,730683.9000000001,486831.20999999996,0.6662678758899708,196272.87,41593.53,472749.70999999996,175999.53999999998,105994.25999999998,15495,0.018246511627906976,4083158246.22486,635259677.6907696,190777138.34502423,0,62.91600000000001,4,0
global-disease-crisis,seed-5,FACTORY_ACTIVATION_ON,BAL,25,27,1,1,687583.62,687583.62,1,0,0,387725.5,202316.27,136806.44999999995,10376,0.012975,4015478859.7222915,792796301.1291709,444875826.6884787,0,79.248,0,0
global-disease-crisis,seed-5,FACTORY_ACTIVATION_ON,JPQ,-1,-1,1,1,598126.9500000001,497119.1,0.8311264021793365,94126.37,61941.55,239992.85000000003,223196.99999999997,141241.06,7848,0.011840624999999999,3487525865.419981,715193683.5356654,446284813.818114,0,73.10799999999999,0,0
global-disease-crisis,seed-5,FACTORY_ACTIVATION_ON,CONSV,-1,-1,1,1,572266.43,499580.00999999995,0.8729850010597335,45311.45,0,257015.61000000002,213390.85999999987,112713.20000000001,6721,0.012184375,3292222073.4396276,671418780.6972702,437735398.10459083,0,70.78800000000001,0,0
global-disease-crisis,seed-5,FACTORY_ACTIVATION_ON,VAP,-1,-1,1,1,526720.21,393977.3799999999,0.7479822731692788,123440.45999999999,83312.54,169754.05000000002,182208.82999999996,164457.56000000003,6988,0.002740625,3101725190.8600674,653868735.1783313,434634412.8366968,0,66.102,0,0
