scenario,seed,companyId,capexPaid_hosoLineExpansion,capexPaid_pdLineExpansion,capexPaid_vapLineExpansion,capexPaid_commonProcessingExpansion,capexPaid_freezingPackagingExpansion,capexPaid_coldStorageExpansion,capexPaid_qualityControlEquipment,capexPaid_environmentalEquipment,capexPaid_newFactoryConstruction,capexPaid_pdMechanization,growthCapexUsd,productivityCapexUsd,qualityCapexUsd,totalCapexUsd,vapDevSpendCumulativeUsd,totalInvestmentUsd,growthCapexPercent,productivityCapexPercent,qualityCapexPercent,vapProductDevelopmentPercent,capexRevenueRatio,startingRegularWorkers,endingRegularWorkers,peakRegularWorkers,avgTemporaryHeadcount,avgOvertimeRate,startingSalesHeadcount,endingSalesHeadcount,peakSalesHeadcount,newContractedCumulative,hosoProductionCumulative,pdProductionCumulative,vapProductionCumulative,onTimeRatio,avgFactoryUtilization,startingRevenueUsd,endingRevenueUsd,cumulativeRevenueUsd,startingOperatingProfitUsd,endingOperatingProfitUsd,cumulativeOperatingProfitUsd,operatingProfitNegativeQuarters,endingCashUsd,endingDebtUsd,endingTrustAvg,liquidityStressQuarters,severeDistressQuarters,factoryCount
baseline,seed-1,MASS,16000000,8000000,0,0,0,0,1200000,0,36300000,0,60300000,0,1200000,61500000,5500000,67000000,90,0,1.791044776119403,8.208955223880597,0.01968574760771065,9000,12547,12989,124.26315789473684,0.015818421052631582,60,133,133,648838.6299999999,369371.17999999993,159056.5,95517.96000000004,0.4411188002047272,0.7878439698213867,81522953.13920687,193685782.35796648,3124087600.1026883,3832176.6155301034,29572497.80510488,362720738.70675874,5,76977799.21658245,43564432.431216,49.956,5,0,2
baseline,seed-1,BAL,24000000,8000000,0,20000000,0,0,1200000,0,22000000,2500000,74000000,2500000,1200000,77700000,13500000,91200000,81.14035087719299,2.7412280701754383,1.3157894736842104,14.802631578947366,0.019540195728807063,6000,11659,12343,94.10810810810811,0.014491891891891892,60,189,189,772526.16,440809.45999999985,208910.45000000004,137910.20999999996,1,0.8317940103283451,80208913.23280166,186230474.2986113,3976418715.4712605,14235186.785242394,34555784.24891856,696037242.6801347,0,326312325.07741934,0,80.07000000000001,0,0,2
baseline,seed-1,JPQ,0,25200000,25500000,0,0,0,1200000,0,22000000,2500000,72700000,2500000,1200000,76400000,12100000,88500000,82.14689265536722,2.824858757062147,1.3559322033898304,13.67231638418079,0.02519595936401576,5500,7031,7031,121.875,0.011375,60,160,160,585411.53,190066.41999999998,232309.48,141656.86,0.814137074625507,0.9052915417447053,74395553.70626162,116531095.04178508,3032232228.041794,12639635.509979643,22335832.281556442,548979789.3888662,0,312793957.2389765,0,73.526,0,0,1
baseline,seed-1,CONSV,8000000,29200000,12000000,0,0,0,1200000,0,0,2500000,49200000,2500000,1200000,52900000,13000000,65900000,74.65857359635811,3.793626707132018,1.8209408194233687,19.726858877086496,0.017357838843578742,4500,6578,6578,115.5,0.012403125000000001,60,141,141,597133.5900000001,259781.25999999995,214975.6699999999,112756.24,0.8546815982714603,0.8966360030827003,77692369.76935408,117214803.18374813,3047614422.3201795,12521992.71849078,22718429.736394122,545019327.8948268,0,334390213.3652875,0,69.59,0,0,1
baseline,seed-1,VAP,0,25200000,25500000,0,0,0,1200000,0,0,2500000,50700000,2500000,1200000,54400000,12500000,66900000,75.7847533632287,3.7369207772795217,1.7937219730941705,18.684603886397607,0.01909300202746738,6500,6931,6931,24.375,0.002084375,60,172,172,546228.47,169703.86999999997,182221.26999999996,165956.98000000004,0.7492093645152802,0.8706828199617377,60882078.80120419,108474283.83601023,2849211450.4434466,11495813.261305563,21126421.623553276,505402356.45378405,0,313008639.46027476,0,66.05599999999998,0,0,1
baseline,seed-2,MASS,32000000,12000000,6000000,0,0,0,720000,0,44000000,0,94000000,0,720000,94720000,7500000,102220000,91.95852083740951,0,0.7043631383290941,7.337116024261397,0.02728490011791133,9000,13562,14020,129.97435897435898,0.016028205128205124,60,178,178,701993.4299999999,425386.56000000006,167019.66,98348.83,0.49186885221139004,0.8049375564723238,85835574.6305494,215083242.60068142,3471517197.815231,8045067.654837653,36492264.909561366,449182805.47077835,4,91072917.85185435,37942688.11064238,55.541999999999994,5,0,2
baseline,seed-2,BAL,24000000,8000000,6000000,10000000,0,0,1200000,0,22000000,2500000,70000000,2500000,1200000,73700000,13500000,87200000,80.27522935779817,2.86697247706422,1.3761467889908259,15.481651376146788,0.018715313528669265,6000,11696,11696,84.24324324324324,0.013767567567567567,60,197,197,761631.5099999998,432328.25,203433.61000000002,139102.55999999997,1,0.8311346957402833,80208913.23280166,191737001.85818115,3937951661.1945515,14235186.785242394,45927349.135442734,707956664.8038979,0,332195909.44340664,0,81.204,0,0,2
baseline,seed-2,JPQ,8000000,13200000,25500000,0,0,0,1200000,0,0,2500000,46700000,2500000,1200000,50400000,12000000,62400000,74.83974358974359,4.006410256410256,1.9230769230769231,19.230769230769234,0.01570269771007902,5500,7809,7809,133.28125,0.012303124999999998,60,166,166,620762.2300000001,240339.68000000002,222913.76999999996,141904.9,0.8297433540741794,0.8854194428339779,74395553.70626162,126821619.0589864,3209639574.7114186,12639635.509979643,25937953.32897675,578499124.6477853,0,339251685.54018205,0,74.196,0,0,1
baseline,seed-2,CONSV,8000000,29200000,12000000,0,0,0,1200000,0,0,2500000,49200000,2500000,1200000,52900000,13000000,65900000,74.65857359635811,3.793626707132018,1.8209408194233687,19.726858877086496,0.017314810916891143,4500,6575,6575,116.28125,0.012490625,60,146,146,597152.4800000001,259871.88999999996,215175.3999999999,112537.64,0.8535783765208439,0.8976748169551578,77692369.76935408,118417763.89211236,3055187853.5615067,12521992.71849078,24764107.285654575,548868408.5315031,0,335380447.8195893,0,69.65,0,0,1
baseline,seed-2,VAP,0,25200000,25500000,0,0,0,1200000,0,0,2500000,50700000,2500000,1200000,54400000,12500000,66900000,75.7847533632287,3.7369207772795217,1.7937219730941705,18.684603886397607,0.019047808497190684,6500,6929,6929,24.4375,0.002084375,60,180,180,546565.26,169661.37,182187.02999999997,165923.79000000004,0.7490809961335363,0.8702815153343697,60882078.80120419,108228465.99270774,2855971594.2137556,11495813.261305563,21550008.978167728,511410939.6392667,0,317489871.81030065,0,66.07000000000001,0,0,1
baseline,seed-3,MASS,24000000,4000000,0,0,0,0,1200000,0,44000000,0,72000000,0,1200000,73200000,7000000,80200000,89.77556109725685,0,1.4962593516209477,8.728179551122196,0.019675596427886483,9000,17661,17661,165.36363636363637,0.02238636363636364,60,256,256,740455.47,458313.76999999996,176160.15000000002,105000.34000000001,0.6553095986556001,0.769375693107386,85835574.6305494,251936760.53801337,3720344654.775124,8045067.654837653,40547171.927992195,494010157.4011954,4,103790653.99049321,65100212.77706662,63.78399999999999,4,0,3
baseline,seed-3,BAL,24000000,8000000,6000000,15000000,0,0,0,0,22000000,2500000,75000000,2500000,0,77500000,13500000,91000000,82.41758241758241,2.7472527472527473,0,14.835164835164836,0.019927608409455733,6000,11100,11562,76.35135135135135,0.01299189189189189,60,184,184,755078.65,426618.7400000001,204607.13999999996,137929.71999999997,1,0.8293849116118841,80208913.23280166,184665569.34324715,3889076822.8477397,14235186.785242394,35441099.81272012,679838107.8779647,0,320096030.3919558,0,80.16,0,0,2
baseline,seed-3,JPQ,0,16000000,24000000,0,0,0,1200000,0,22000000,2500000,62000000,2500000,1200000,65700000,12000000,77700000,79.79407979407979,3.2175032175032174,1.5444015444015444,15.444015444015443,0.021868771745796985,5500,8661,8661,99.63636363636364,0.013845454545454546,60,160,160,579755.45,189511.87999999995,222107.81999999998,144636.02999999997,0.8143408746164302,0.8805711697958445,74395553.70626162,137733595.16135842,3004283951.7325454,12639635.509979643,24997950.597759023,540950478.3113662,0,284433403.61438286,0,73.588,0,0,2
baseline,seed-3,CONSV,8000000,29200000,12000000,0,0,0,1200000,0,0,2500000,49200000,2500000,1200000,52900000,13000000,65900000,74.65857359635811,3.793626707132018,1.8209408194233687,19.726858877086496,0.017395604230339392,4500,6770,6770,107.15625,0.01170625,60,138,138,596828.41,259833.74000000002,215178.74999999988,112257.70000000001,0.8543338498442307,0.8981940985900563,77692369.76935408,118223828.5723687,3040998133.754846,12521992.71849078,23790566.82505624,539203618.2580683,0,327986122.8513197,0,69.44200000000001,0,0,1
baseline,seed-3,VAP,0,25200000,24000000,0,0,0,1200000,0,0,2500000,49200000,2500000,1200000,52900000,12250000,65150000,75.51803530314658,3.837298541826554,1.841903300076746,18.802762854950114,0.018683803381493173,6500,7006,7006,29.6875,0.002565625,60,154,154,543879.96,169867.65999999997,182265.72999999992,163873.90000000005,0.7476332720125365,0.8727097219941449,60882078.80120419,106904634.28039746,2831329302.7049794,11495813.261305563,20815937.58235307,496990671.76565105,0,307934268.34824204,0,65.732,0,0,1
baseline,seed-4,MASS,24000000,8000000,0,0,0,0,0,0,44000000,0,76000000,0,0,76000000,9000000,85000000,89.41176470588236,0,0,10.588235294117647,0.02145839461817147,9000,16761,16761,112.8780487804878,0.01686829268292683,60,273,273,735297.6500000001,418546.34,179483.5,106862.87000000002,0.46293362304040003,0.8007553258351704,85835574.6305494,225603317.71634528,3541737457.6400704,8045067.654837653,34931266.106782615,460852545.5188404,4,85321256.81546727,36572492.82574868,53.763999999999996,4,0,3
baseline,seed-4,BAL,24000000,12000000,12000000,0,0,0,1200000,0,22000000,2500000,70000000,2500000,1200000,73700000,13000000,86700000,80.73817762399077,2.883506343713956,1.384083044982699,14.994232987312571,0.019483784240537334,6000,10394,10394,78.88235294117646,0.013047058823529412,60,180,180,744847.8200000001,402975.3999999999,200879.25999999995,135331.28999999998,1,0.8704140433815981,80208913.23280166,190449750.55069715,3782632731.410675,14235186.785242394,38324491.38966572,662023946.4389975,0,348494544.47063476,0,77.87,0,0,2
baseline,seed-4,JPQ,0,16000000,24000000,0,0,0,1200000,0,22000000,2500000,62000000,2500000,1200000,65700000,12000000,77700000,79.79407979407979,3.2175032175032174,1.5444015444015444,15.444015444015443,0.021975289143137223,5500,8673,8673,103.6969696969697,0.014184848484848484,60,157,157,579542.3499999999,189576.83000000005,222101.84000000003,143784.31999999998,0.8148806970079432,0.8808512062826346,74395553.70626162,135827188.65043625,2989721753.92367,12639635.509979643,24193433.631607115,536955958.7506039,0,282958665.8056606,0,73.486,0,0,2
baseline,seed-4,CONSV,8000000,29200000,12000000,0,0,0,1200000,0,0,2500000,49200000,2500000,1200000,52900000,13000000,65900000,74.65857359635811,3.793626707132018,1.8209408194233687,19.726858877086496,0.017442887588733202,4500,6577,6577,115.59375,0.012406250000000002,60,143,143,597104.3899999999,259785.41999999998,214975.6699999999,112711.56999999998,0.8548395994130396,0.8965647492187756,77692369.76935408,116259898.01670879,3032754739.196361,12521992.71849078,21948030.279022545,536364007.5815153,0,327921086.5708344,0,69.468,0,0,1
baseline,seed-4,VAP,0,25200000,24000000,0,0,0,1200000,0,0,2500000,49200000,2500000,1200000,52900000,12250000,65150000,75.51803530314658,3.837298541826554,1.841903300076746,18.802762854950114,0.01878932800997673,6500,7007,7007,31.03125,0.0026750000000000003,60,170,170,543789.6299999999,169945.41999999995,182115.88999999993,162885.90000000002,0.7476806987017737,0.8711749959105988,60882078.80120419,106373672.69728483,2815427990.3949327,11495813.261305563,20385705.30865702,489137908.5527328,0,302018030.7093315,0,65.814,0,0,1
baseline,seed-5,MASS,24000000,4000000,6000000,0,0,0,0,0,44000000,0,78000000,0,0,78000000,9000000,87000000,89.65517241379311,0,0,10.344827586206897,0.022731873546881012,9000,15871,15871,170.5121951219512,0.02236341463414634,60,243,243,697093.6600000001,411322.1400000001,173304.67,99188.68,0.5627050913779748,0.7822806503737193,85835574.6305494,218384285.43032137,3431305380.04872,8045067.654837653,30024447.832694948,435159124.6348869,3,87575910.18101157,51086570.967905045,58.306000000000004,4,0,3
baseline,seed-5,BAL,24000000,8000000,6000000,5000000,0,0,1200000,0,22000000,2500000,65000000,2500000,1200000,68700000,13500000,82200000,79.07542579075427,3.0413625304136254,1.4598540145985401,16.423357664233578,0.01829845067662172,6000,12163,12163,83.63888888888889,0.013855555555555557,60,222,222,723982.5800000001,393834.80999999994,205300.57,138299.12,1,0.8561294182547523,80208913.23280166,191478292.46981543,3754416218.8426037,14235186.785242394,33845371.994844586,667085798.8408216,0,306739346.45501137,0,80.942,0,0,2
baseline,seed-5,JPQ,8000000,21200000,25500000,0,0,0,1200000,0,0,2500000,54700000,2500000,1200000,58400000,12000000,70400000,77.69886363636364,3.5511363636363638,1.7045454545454544,17.045454545454543,0.018230359000139838,5500,7844,7844,135.0625,0.012403125000000003,60,164,164,620282.54,240024.08000000005,223202.75999999998,142090.53999999998,0.833739468390818,0.8828724884792601,74395553.70626162,127100687.83920091,3203447611.7311807,12639635.509979643,23717712.197002843,568958937.7520076,0,327248883.43523604,0,73.398,0,0,1
baseline,seed-5,CONSV,8000000,29200000,12000000,0,0,0,1200000,0,0,2500000,49200000,2500000,1200000,52900000,13000000,65900000,74.65857359635811,3.793626707132018,1.8209408194233687,19.726858877086496,0.017452136829575218,4500,6593,6593,103.71875,0.011371875000000002,60,140,140,593754.5599999998,256730.03,215180.02999999988,112500.65999999997,0.8673686786125088,0.8979485792176877,77692369.76935408,116039756.61241223,3031147447.2485886,12521992.71849078,22236494.738589615,542058447.1709807,0,333513557.56570995,0,69.91000000000001,0,0,1
baseline,seed-5,VAP,0,25200000,25500000,0,0,0,1200000,0,0,2500000,50700000,2500000,1200000,54400000,12500000,66900000,75.7847533632287,3.7369207772795217,1.7937219730941705,18.684603886397607,0.019113870200428575,6500,6934,6934,24.5625,0.002090625,60,179,179,545747.16,169836.29000000004,182211.37999999998,165947.95000000004,0.7484455943781706,0.870643461346103,60882078.80120419,107420933.93639885,2846100733.6327014,11495813.261305563,20493223.941951588,502797741.99438846,0,312571953.08571553,0,65.92800000000001,0,0,1
ecuador-early-expansion,seed-1,MASS,16000000,8000000,0,0,0,0,720000,0,36300000,0,60300000,0,720000,61020000,5750000,66770000,90.31001946982178,0,1.078328590684439,8.611651939493784,0.021096977508586613,9000,11289,11719,49.67567567567568,0.009324324324324324,60,96,96,650379.4999999999,356624.26999999996,160660.72000000003,94822.63000000002,0.4397645576883001,0.80353658145447,81522953.13920687,150394183.3086473,2892357446.7083945,3832176.6155301034,17018949.967990622,278671840.1522758,5,53509104.22169335,26046229.79101398,50.32,5,0,2
ecuador-early-expansion,seed-1,BAL,24000000,8000000,6000000,5000000,0,0,1200000,0,22000000,2500000,65000000,2500000,1200000,68700000,13500000,82200000,79.07542579075427,3.0413625304136254,1.4598540145985401,16.423357664233578,0.019574556327151754,6000,11366,11366,99.69444444444444,0.015177777777777781,60,179,179,719651.8099999999,391583.43000000005,204142.52999999997,137153.28000000003,1,0.8557438345650191,80208913.23280166,159892712.12405783,3509658091.4432592,14235186.785242394,24764057.698860005,545029543.5020995,0,251539119.58824012,0,80.17599999999999,0,0,2
ecuador-early-expansion,seed-1,JPQ,0,25200000,25500000,0,0,0,1200000,0,22000000,2500000,72700000,2500000,1200000,76400000,12000000,88400000,82.23981900452489,2.828054298642534,1.3574660633484164,13.574660633484163,0.02671603380966572,5500,7030,7030,125.5625,0.011696874999999999,60,172,172,583010.81,190045.66999999995,232299.28,141655.94999999995,0.8165020070924233,0.9052579898441344,74395553.70626162,104342563.77233323,2859705918.3372827,12639635.509979643,15483276.02272521,443322354.530916,0,243915930.29390064,0,74.032,0,0,1
ecuador-early-expansion,seed-1,CONSV,8000000,29200000,12000000,0,0,0,1200000,0,0,2500000,49200000,2500000,1200000,52900000,13000000,65900000,74.65857359635811,3.793626707132018,1.8209408194233687,19.726858877086496,0.018424702388619204,4500,6578,6578,115.5,0.012400000000000001,60,144,144,596887.18,259781.86999999994,214975.6699999999,112563.59,0.854517423735755,0.8963481216751841,77692369.76935408,104765115.0124157,2871145426.624417,12521992.71849078,15999502.293649703,443226822.6233027,0,269708525.6960077,0,69.57000000000001,0,0,1
ecuador-early-expansion,seed-1,VAP,0,25200000,25500000,0,0,0,1200000,0,0,2500000,50700000,2500000,1200000,54400000,12500000,66900000,75.7847533632287,3.7369207772795217,1.7937219730941705,18.684603886397607,0.02024017038246972,6500,6943,6943,24.75,0.002103125,60,176,176,543842.2,170294.03999999998,182219.98999999996,165955.70000000004,0.7465879379800247,0.8716137232562841,60882078.80120419,95353592.09064205,2687724410.0235715,11495813.261305563,13439611.571894586,402451585.33874583,0,246420017.90815774,0,65.608,0,0,1
ecuador-early-expansion,seed-2,MASS,24000000,12000000,0,0,0,0,720000,0,36300000,0,72300000,0,720000,73020000,7000000,80020000,90.35241189702575,0,0.899775056235941,8.747813046738315,0.024147757710818677,9000,11971,12442,120.24324324324324,0.01577567567567567,60,100,100,651496.63,395537.7700000001,156664.19999999998,91214.68,0.45387136549452106,0.8068127322970161,85835574.6305494,164322509.62871158,3023883247.233576,8045067.654837653,21211872.2657789,311984922.79398334,4,58059939.04897663,29662142.345435426,52.98,5,0,2
ecuador-early-expansion,seed-2,BAL,24000000,8000000,6000000,5000000,0,0,1200000,0,22000000,2500000,65000000,2500000,1200000,68700000,13500000,82200000,79.07542579075427,3.0413625304136254,1.4598540145985401,16.423357664233578,0.019387128137661105,6000,11519,11519,81.80555555555556,0.013711111111111111,60,185,185,725404.3200000001,396267.08,204844.18,137612.78,1,0.8565719443275621,80208913.23280166,166623834.07547197,3543588277.3449335,14235186.785242394,30799241.913100243,556148120.2817014,0,250936800.97433892,0,81.198,0,0,2
ecuador-early-expansion,seed-2,JPQ,8000000,13200000,25500000,0,0,0,1200000,0,0,2500000,46700000,2500000,1200000,50400000,12000000,62400000,74.83974358974359,4.006410256410256,1.9230769230769231,19.230769230769234,0.016678445976415362,5500,7808,7808,133.0625,0.0122875,60,173,173,618604.3699999998,240170.13999999998,222674.96000000002,141904.81,0.8393305435686678,0.8848654724541231,74395553.70626162,113171588.32977128,3021864271.4836607,12639635.509979643,18227102.94062537,470321623.3487405,0,271288532.7572511,0,74.826,0,0,1
ecuador-early-expansion,seed-2,CONSV,8000000,29200000,12000000,0,0,0,1200000,0,0,2500000,49200000,2500000,1200000,52900000,13000000,65900000,74.65857359635811,3.793626707132018,1.8209408194233687,19.726858877086496,0.01838388068797575,4500,6574,6574,116.21875,0.012481250000000001,60,140,140,596814.42,259870.48999999996,215175.3999999999,112259.93999999997,0.85408403157695,0.8972536937939999,77692369.76935408,105749119.87770788,2877520850.894122,12521992.71849078,17731756.9272217,448674341.14076966,0,272325636.6073454,0,69.658,0,0,1
ecuador-early-expansion,seed-2,VAP,0,25200000,25500000,0,0,0,1200000,0,0,2500000,50700000,2500000,1200000,54400000,12500000,66900000,75.7847533632287,3.7369207772795217,1.7937219730941705,18.684603886397607,0.020182960868314954,6500,6940,6940,24.71875,0.002109375,60,184,184,544623.1499999999,170282.58,182185.83999999997,165922.61000000004,0.7466658375086418,0.8712828317177987,60882078.80120419,97292892.23482144,2695342886.2562013,11495813.261305563,15033084.85392581,407609727.5034472,0,248967193.22477385,0,65.53200000000001,0,0,1
ecuador-early-expansion,seed-3,MASS,24000000,8000000,6000000,0,0,0,0,0,44000000,0,82000000,0,0,82000000,7500000,89500000,91.62011173184358,0,0,8.379888268156424,0.02505449856915699,9000,14985,14985,200.53658536585365,0.025353658536585364,60,216,216,709564.71,418340.29000000004,173982.52000000002,100991.92000000004,0.5246376536462947,0.7830287030273358,85835574.6305494,224765564.84885114,3272865340.875152,8045067.654837653,29192204.810901403,352449667.45191395,4,46733977.74991579,76314029.09577727,57.15599999999999,4,0,3
ecuador-early-expansion,seed-3,BAL,24000000,8000000,6000000,5000000,0,0,1200000,0,22000000,2500000,65000000,2500000,1200000,68700000,13500000,82200000,79.07542579075427,3.0413625304136254,1.4598540145985401,16.423357664233578,0.019531711145693628,6000,12147,12147,85.52777777777777,0.013980555555555559,60,216,216,723404.1699999999,396021.31999999995,204530.96,137134.16999999998,1,0.852155624544613,80208913.23280166,171198320.21176556,3517356952.8825974,14235186.785242394,27846017.64988932,541710042.9961072,0,228489247.1158617,0,80.244,0,0,2
ecuador-early-expansion,seed-3,JPQ,0,14800000,24000000,0,0,0,1200000,0,22000000,2500000,60800000,2500000,1200000,64500000,12000000,76500000,79.47712418300654,3.2679738562091507,1.5686274509803921,15.686274509803921,0.022791562863005425,5500,8661,8661,99.03030303030303,0.013793939393939391,60,161,161,575960.79,189452.09999999998,221451.87000000002,144635.96999999994,0.8178360300072686,0.8803607435788372,74395553.70626162,122623794.41384897,2829994607.5525365,12639635.509979643,16199385.674186602,437219253.4340815,0,223127388.32187554,0,74.094,0,0,2
ecuador-early-expansion,seed-3,CONSV,8000000,29200000,12000000,0,0,0,1200000,0,0,2500000,49200000,2500000,1200000,52900000,13000000,65900000,74.65857359635811,3.793626707132018,1.8209408194233687,19.726858877086496,0.01846489359487089,4500,6768,6768,103.40625,0.011365625,60,139,139,596606.95,259831.97000000006,215180.1299999999,112040.88,0.8543079759075687,0.8978672279602025,77692369.76935408,105661713.19124201,2864896010.8112597,12521992.71849078,16890572.223803803,438713899.56084186,0,264469268.95328358,0,69.59399999999998,0,0,1
ecuador-early-expansion,seed-3,VAP,0,25200000,24000000,0,0,0,1200000,0,0,2500000,49200000,2500000,1200000,52900000,12500000,65400000,75.22935779816514,3.82262996941896,1.834862385321101,19.113149847094803,0.019814954848144772,6500,7018,7018,35.125,0.0030281250000000004,60,178,178,541641.5,170281.43,182263.78999999992,163872.04000000004,0.7455978291778289,0.8733965810529272,60882078.80120419,94181803.54060408,2669700759.1189594,11495813.261305563,14373761.251016662,394873182.5335465,0,239685135.94368055,0,65.48799999999999,0,0,1
ecuador-early-expansion,seed-4,MASS,8000000,8000000,6000000,0,0,0,0,0,44000000,0,66000000,0,0,66000000,7750000,73750000,89.49152542372882,0,0,10.508474576271185,0.0219941108341528,9000,11929,11929,161.5897435897436,0.018902564102564103,60,182,182,657728.95,369130.01,165602.25999999995,99077.92999999998,0.4865948910929833,0.8063569946078003,85835574.6305494,168212237.58953536,3000803283.100409,8045067.654837653,21193572.275181353,298781221.8536741,3,70842870.43845646,47829264.22945413,54.910000000000004,4,0,2
ecuador-early-expansion,seed-4,BAL,24000000,8000000,6000000,15000000,0,0,0,0,22000000,2500000,75000000,2500000,0,77500000,13100000,90600000,82.78145695364239,2.759381898454746,0,14.459161147902869,0.0211410533651566,6000,11473,12113,79.64864864864865,0.013254054054054054,60,193,193,761748.5100000001,434229.3200000002,204647.55999999997,137825.99000000002,1,0.830061216983108,80208913.23280166,161123266.95511162,3665853288.452069,14235186.785242394,30275543.019842118,562159836.0058728,0,247897888.65300882,0,77.828,0,0,2
ecuador-early-expansion,seed-4,JPQ,0,14800000,24000000,0,0,0,1200000,0,22000000,2500000,60800000,2500000,1200000,64500000,12000000,76500000,79.47712418300654,3.2679738562091507,1.5686274509803921,15.686274509803921,0.022858729089309044,5500,8660,8660,99.06060606060606,0.013781818181818183,60,161,161,576078.2200000001,189429.06,221495.07000000004,144636.25999999995,0.8257406877214083,0.8803760583861455,74395553.70626162,121728754.67160678,2821679182.0751944,12639635.509979643,16083706.260344788,434088577.06150204,0,222396371.0789486,0,74.13399999999999,0,0,2
ecuador-early-expansion,seed-4,CONSV,8000000,29200000,12000000,0,0,0,1200000,0,0,2500000,49200000,2500000,1200000,52900000,13000000,65900000,74.65857359635811,3.793626707132018,1.8209408194233687,19.726858877086496,0.01851192922783689,4500,6577,6577,115.40625,0.012387500000000001,60,137,137,596958.6600000001,259780.28999999998,214975.6699999999,112589.12,0.8543492766465112,0.8963705530204596,77692369.76935408,103786808.84698635,2857616802.059335,12521992.71849078,15474018.847567096,436027039.7255379,0,264849677.53365707,0,69.612,0,0,1
ecuador-early-expansion,seed-4,VAP,0,25200000,24000000,0,0,0,1200000,0,0,2500000,49200000,2500000,1200000,52900000,12250000,65150000,75.51803530314658,3.837298541826554,1.841903300076746,18.802762854950114,0.019912025849817678,6500,7013,7013,35.125,0.0030281250000000004,60,180,180,541483.25,170260.04000000004,182114.04999999993,162884.09000000003,0.7457932260328182,0.8716374873732848,60882078.80120419,94941517.63953246,2656685984.5897784,11495813.261305563,13530323.14722927,385200954.77780414,0,234247287.22036046,0,65.426,0,0,1
ecuador-early-expansion,seed-5,MASS,24000000,8000000,0,0,0,0,1200000,0,44000000,0,76000000,0,1200000,77200000,8500000,85700000,88.68144690781797,0,1.4002333722287048,9.918319719953326,0.024288481416444702,9000,11746,12560,56.48717948717949,0.009320512820512822,60,118,118,689845.9399999997,403595.87999999995,170441.44000000003,99607.32999999996,0.46613168692620016,0.8199501710980884,85835574.6305494,169651767.14965558,3178461373.370636,8045067.654837653,22940906.546963334,342562417.77786875,3,72901867.83375554,21000667.987871416,52.410000000000004,4,0,2
ecuador-early-expansion,seed-5,BAL,24000000,8000000,6000000,5000000,0,0,1200000,0,22000000,2500000,65000000,2500000,1200000,68700000,13500000,82200000,79.07542579075427,3.0413625304136254,1.4598540145985401,16.423357664233578,0.019610835298060982,6000,11347,11347,82.97222222222223,0.013866666666666666,60,210,210,719327.4199999999,391292.37,204016.27,136838.63999999998,1,0.8517732039544332,80208913.23280166,166068281.42883018,3503165416.252958,14235186.785242394,23807958.6332725,541904959.2104915,0,246968695.88261855,0,80.96000000000001,0,0,2
ecuador-early-expansion,seed-5,JPQ,8000000,21200000,25500000,0,0,0,1200000,0,0,2500000,54700000,2500000,1200000,58400000,12000000,70400000,77.69886363636364,3.5511363636363638,1.7045454545454544,17.045454545454543,0.0193518310334203,5500,7842,7842,139.34375,0.012725000000000002,60,176,176,617965.9199999998,239954.44999999995,223197.33,142089.52999999997,0.8411483184937174,0.8827971988129767,74395553.70626162,114023056.53724445,3017802289.568576,12639635.509979643,16876767.929085866,462537817.755626,0,259787054.51268494,0,73.894,0,0,1
ecuador-early-expansion,seed-5,CONSV,8000000,29200000,12000000,0,0,0,1200000,0,0,2500000,49200000,2500000,1200000,52900000,13000000,65900000,74.65857359635811,3.793626707132018,1.8209408194233687,19.726858877086496,0.018527262299207457,4500,6593,6593,99.875,0.011012500000000001,60,143,143,593410.7200000001,256724.38999999998,215181.33999999988,112239.02,0.8581724425571169,0.8975481528931378,77692369.76935408,103960941.344816,2855251852.415503,12521992.71849078,15858701.793808088,441028480.5109873,0,269215841.1929891,0,69.896,0,0,1
ecuador-early-expansion,seed-5,VAP,0,25200000,25500000,0,0,0,1200000,0,0,2500000,50700000,2500000,1200000,54400000,12500000,66900000,75.7847533632287,3.7369207772795217,1.7937219730941705,18.684603886397607,0.020287595578228523,6500,6940,6940,24.71875,0.0021031249999999995,60,177,177,543435.44,170252.53999999998,182210.17999999996,165946.75000000006,0.7462500397368441,0.8713393641034094,60882078.80120419,92877271.13895015,2681441464.575474,11495813.261305563,13608378.735455513,401323455.3353415,0,245819692.79555792,0,65.614,0,0,1
ecuador-delayed-expansion,seed-1,MASS,24000000,8000000,0,0,0,0,1200000,0,44000000,0,76000000,0,1200000,77200000,6500000,83700000,90.80047789725208,0,1.4336917562724014,7.765830346475508,0.02364785099411317,9000,13275,13275,139.10526315789474,0.016865789473684212,60,166,166,676853.75,389242.29,161705.37000000005,96426.95,0.4305148636328235,0.7901338799568344,81522953.13920687,201576144.93094647,3264567254.7250896,3832176.6155301034,27660290.674492806,409554977.0755515,5,90240261.30492565,38101547.2854717,47.5,5,0,2
ecuador-delayed-expansion,seed-1,BAL,24000000,8000000,6000000,5000000,0,0,1200000,0,22000000,2500000,65000000,2500000,1200000,68700000,13500000,82200000,79.07542579075427,3.0413625304136254,1.4598540145985401,16.423357664233578,0.0180888799930543,6000,12388,12388,85.91666666666667,0.013972222222222223,60,221,221,727687.9700000001,397098.04000000004,206373.19,138983.17999999996,1,0.8609031318595829,80208913.23280166,179304527.13337046,3797913415.666374,14235186.785242394,29404031.139277786,681072147.7675403,0,326229696.03422165,0,80.268,0,0,2
ecuador-delayed-expansion,seed-1,JPQ,0,25200000,25500000,0,0,0,1200000,0,22000000,2500000,72700000,2500000,1200000,76400000,12000000,88400000,82.23981900452489,2.828054298642534,1.3574660633484164,13.574660633484163,0.024880495198802536,5500,7032,7032,117.71875,0.011025,60,160,160,584951.52,190019.63,232315.46999999997,141657.83999999997,0.8136445844752139,0.9052679071733897,74395553.70626162,110078093.32477114,3070678432.625289,12639635.509979643,18838317.120758712,575072657.3222187,0,342571636.9827932,0,73.432,0,0,1
ecuador-delayed-expansion,seed-1,CONSV,8000000,29200000,12000000,0,0,0,1200000,0,0,2500000,49200000,2500000,1200000,52900000,13000000,65900000,74.65857359635811,3.793626707132018,1.8209408194233687,19.726858877086496,0.017175167689581234,4500,6578,6578,115.53125,0.012403125000000001,60,140,140,597263.21,259780.17,214975.6699999999,112867.17000000001,0.8543995284560678,0.8968029427553327,77692369.76935408,109486728.13193397,3080028152.044774,12521992.71849078,18130558.266842246,562532735.1757796,0,358675793.6004118,0,69.578,0,0,1
ecuador-delayed-expansion,seed-1,VAP,0,25200000,25500000,0,0,0,1200000,0,0,2500000,50700000,2500000,1200000,54400000,12500000,66900000,75.7847533632287,3.7369207772795217,1.7937219730941705,18.684603886397607,0.01885277489699913,6500,6925,6925,24.34375,0.002075,60,175,175,545780.7,169435.16999999998,182219.98999999996,165955.70000000004,0.7497184221207395,0.8702057242294409,60882078.80120419,102205300.11754352,2885516869.38452,11495813.261305563,17314190.07333231,530859170.61107075,0,341834575.51056,0,66.04599999999999,0,0,1
ecuador-delayed-expansion,seed-2,MASS,24000000,8000000,0,0,0,0,720000,0,44000000,0,76000000,0,720000,76720000,7500000,84220000,90.23984801709808,0,0.8549038233198766,8.905248159582047,0.021016295979599937,9000,16917,16917,140.2325581395349,0.02024186046511628,60,214,214,724394.5,442763.59,173287.25999999998,105152.70999999999,0.5220841716988391,0.7749078785697123,85835574.6305494,235493264.91376495,3650500548.4539447,8045067.654837653,35844622.891292125,486030942.2793946,4,83661786.94205858,24153790.664432853,57.41799999999999,5,0,3
ecuador-delayed-expansion,seed-2,BAL,24000000,8000000,6000000,10000000,0,0,1200000,0,22000000,2500000,70000000,2500000,1200000,73700000,13500000,87200000,80.27522935779817,2.86697247706422,1.3761467889908259,15.481651376146788,0.018444190008722803,6000,12337,12337,88.1891891891892,0.014040540540540542,60,214,214,768941.1299999999,438365.62,207871.77000000002,139140.91999999998,1,0.8351240323133303,80208913.23280166,180777127.10205317,3995838253.951249,14235186.785242394,36860679.41080928,721655403.8991652,0,351031533.43308675,0,81.088,0,0,2
ecuador-delayed-expansion,seed-2,JPQ,8000000,12000000,25500000,0,0,0,1200000,0,0,2500000,45500000,2500000,1200000,49200000,12000000,61200000,74.34640522875817,4.084967320261438,1.9607843137254901,19.607843137254903,0.01515274396304971,5500,7808,7808,133.1875,0.012296874999999999,60,188,188,620082.2100000001,240286.57,222935.47,141904.81,0.8304769838579041,0.8854067140011727,74395553.70626162,119319968.5121554,3246936668.3668156,12639635.509979643,21479872.85546139,598816027.6594081,0,367128949.5821181,0,74.24199999999999,0,0,1
ecuador-delayed-expansion,seed-2,CONSV,8000000,29200000,12000000,0,0,0,1200000,0,0,2500000,49200000,2500000,1200000,52900000,13000000,65900000,74.65857359635811,3.793626707132018,1.8209408194233687,19.726858877086496,0.017139599719685397,4500,6574,6574,112.40625,0.01214375,60,137,137,597153.06,259863.14999999997,215176.9599999999,112592.52,0.8540068238655363,0.8977559166281494,77692369.76935408,110546025.97114913,3086419803.5641756,12521992.71849078,20023747.33675754,566022507.4545382,0,359601844.18058014,0,69.792,0,0,1
ecuador-delayed-expansion,seed-2,VAP,0,25200000,25500000,0,0,0,1200000,0,0,2500000,50700000,2500000,1200000,54400000,12500000,66900000,75.7847533632287,3.7369207772795217,1.7937219730941705,18.684603886397607,0.018810408771037006,6500,6927,6927,24.40625,0.002078125,60,174,174,545811.6699999999,169537.46,182185.83999999997,165922.61000000004,0.749086477088542,0.8700381082788726,60882078.80120419,101874660.78354822,2892015833.476274,11495813.261305563,17575462.640558198,534718509.4828033,0,344748747.44524044,0,66.03200000000001,0,0,1
ecuador-delayed-expansion,seed-3,MASS,24000000,4000000,0,0,0,0,0,0,44000000,0,72000000,0,0,72000000,7600000,79600000,90.45226130653266,0,0,9.547738693467336,0.019673746627226766,9000,16862,16862,180.75,0.024134090909090907,60,237,237,724226.7399999998,447061.91000000015,175417.53,105727.31999999998,0.6663811065446985,0.7609698724581802,85835574.6305494,202388778.00384665,3659699464.684486,8045067.654837653,29731363.414168626,483411215.55716,4,100423441.54679768,34768057.58483215,64.32000000000001,5,0,3
ecuador-delayed-expansion,seed-3,BAL,24000000,8000000,6000000,15000000,0,0,1200000,0,22000000,2500000,75000000,2500000,1200000,78700000,13500000,92200000,81.34490238611714,2.711496746203905,1.3015184381778742,14.642082429501086,0.01998576999205626,6000,12220,12220,82.24324324324324,0.013513513513513514,60,219,219,759778.34,430635.99000000017,207056.02,138324.77000000002,1,0.8324336863876798,80208913.23280166,180205668.48510465,3937801747.507395,14235186.785242394,34425822.679347664,701125388.1037449,0,329322428.5903304,0,80.266,0,0,2
ecuador-delayed-expansion,seed-3,JPQ,0,16000000,24000000,0,0,0,1200000,0,22000000,2500000,62000000,2500000,1200000,65700000,12000000,77700000,79.79407979407979,3.2175032175032174,1.5444015444015444,15.444015444015443,0.02159301902574399,5500,8674,8674,99.81818181818181,0.013845454545454544,60,170,170,580344.22,189643.21,222117.59,144635.96999999994,0.8112552291072186,0.8805752401072869,74395553.70626162,131160407.14138524,3042650030.6265674,12639635.509979643,21488927.169446692,566761103.5075204,0,314915484.00931114,0,73.352,0,0,2
ecuador-delayed-expansion,seed-3,CONSV,8000000,29200000,12000000,0,0,0,1200000,0,0,2500000,49200000,2500000,1200000,52900000,13000000,65900000,74.65857359635811,3.793626707132018,1.8209408194233687,19.726858877086496,0.017198535964024212,4500,6768,6768,103.5,0.011368750000000004,60,141,141,597257.35,259834.94,215179.46999999988,112647.03999999998,0.863071720977632,0.8984883557974417,77692369.76935408,110518903.49796702,3075843206.111025,12521992.71849078,19298444.497678652,557460002.196658,0,353153233.8485102,0,69.48999999999998,0,0,1
ecuador-delayed-expansion,seed-3,VAP,0,25200000,24000000,0,0,0,1200000,0,0,2500000,49200000,2500000,1200000,52900000,12250000,65150000,75.51803530314658,3.837298541826554,1.841903300076746,18.802762854950114,0.01844749753553343,6500,7001,7001,23.9375,0.00204375,60,188,188,544004.2,169460.11000000002,182266.18999999994,163873.66000000003,0.748690270473749,0.8720403246228304,60882078.80120419,100532196.18701589,2867597618.490227,11495813.261305563,16782556.140515164,521539630.2762721,0,336260571.84872717,0,65.884,0,0,1
ecuador-delayed-expansion,seed-4,MASS,24000000,4000000,0,0,0,0,0,0,44000000,0,72000000,0,0,72000000,8500000,80500000,89.44099378881988,0,0,10.559006211180124,0.01902916692273341,9000,17588,17588,122.72727272727273,0.018224999999999998,60,250,250,769281.79,455106.38,184115.49000000002,110118.02000000003,0.517287288985454,0.7803064057853852,85835574.6305494,228906329.01534748,3783665374.966278,8045067.654837653,32789484.057673573,506468388.6460633,3,95764117.16796833,15011242.479725376,56.866,4,0,3
ecuador-delayed-expansion,seed-4,BAL,24000000,8000000,6000000,15000000,0,0,0,0,22000000,2500000,75000000,2500000,0,77500000,13000000,90500000,82.87292817679558,2.7624309392265194,0,14.3646408839779,0.01978256958552306,6000,10859,11661,81.29729729729729,0.013283783783783783,60,194,194,759297.3699999999,431692.6100000001,202625.11999999997,138183.50000000003,1,0.8273364582778078,80208913.23280166,168933968.53220963,3917590162.640687,14235186.785242394,29840087.021838292,687694853.4352635,0,344858402.51073176,0,77.864,0,0,2
ecuador-delayed-expansion,seed-4,JPQ,0,16000000,24000000,0,0,0,1200000,0,22000000,2500000,62000000,2500000,1200000,65700000,12000000,77700000,79.79407979407979,3.2175032175032174,1.5444015444015444,15.444015444015443,0.021715143149061058,5500,8672,8672,103.57575757575758,0.014175757575757578,60,159,159,578614.0599999999,189518.83000000002,222108.78000000003,143784.24999999997,0.8155877939400831,0.8807655935622296,74395553.70626162,128072253.20492929,3025538424.9143577,12639635.509979643,20473611.260370687,560035728.1911129,0,312961683.35448724,0,73.57199999999999,0,0,2
ecuador-delayed-expansion,seed-4,CONSV,8000000,29200000,12000000,0,0,0,1200000,0,0,2500000,49200000,2500000,1200000,52900000,13000000,65900000,74.65857359635811,3.793626707132018,1.8209408194233687,19.726858877086496,0.01726074366572793,4500,6577,6577,115.59375,0.012418750000000001,60,143,143,597289.9700000001,259784.68,214975.6699999999,112873.92000000003,0.8542795490543647,0.8968139590694306,77692369.76935408,108548795.88459639,3064757870.487098,12521992.71849078,17635910.812671423,551600898.7607818,0,350754311.32571465,0,69.47,0,0,1
ecuador-delayed-expansion,seed-4,VAP,0,25200000,24000000,0,0,0,1200000,0,0,2500000,49200000,2500000,1200000,52900000,12250000,65150000,75.51803530314658,3.837298541826554,1.841903300076746,18.802762854950114,0.018556946379239287,6500,7005,7005,27.6875,0.00235,60,179,179,543717.15,169626.12,182115.06999999995,162885.14,0.7444293256007556,0.8705786575437223,60882078.80120419,100183268.6520919,2850684531.7601523,11495813.261305563,16587728.286787003,509177734.768952,0,326723516.3230762,0,65.522,0,0,1
ecuador-delayed-expansion,seed-5,MASS,24000000,4000000,0,0,0,0,0,0,44000000,0,72000000,0,0,72000000,8000000,80000000,90,0,0,10,0.019366939399654715,9000,17456,17456,181.4318181818182,0.02391363636363636,60,238,238,741530.3800000002,451182.66000000015,177689.48,106398.28,0.641083049963836,0.7655369810312518,85835574.6305494,225093870.9505477,3717675700.5437655,8045067.654837653,30070873.374192744,492054068.5217222,3,95930174.28038101,20810216.27809292,61.64,4,0,3
ecuador-delayed-expansion,seed-5,BAL,24000000,8000000,6000000,5000000,0,0,1200000,0,22000000,2500000,65000000,2500000,1200000,68700000,13500000,82200000,79.07542579075427,3.0413625304136254,1.4598540145985401,16.423357664233578,0.018353753341361644,6000,11100,11100,79.36111111111111,0.01346388888888889,60,182,182,717677.6400000001,389951.5,203369.06999999998,136983.11,1,0.8526426738136519,80208913.23280166,162975510.20662272,3743103588.7999587,14235186.785242394,22853163.012727886,665339238.7556454,0,346795333.18886924,0,80.994,0,0,2
ecuador-delayed-expansion,seed-5,JPQ,8000000,21200000,25500000,0,0,0,1200000,0,0,2500000,54700000,2500000,1200000,58400000,12000000,70400000,77.69886363636364,3.5511363636363638,1.7045454545454544,17.045454545454543,0.018019875190316375,5500,7845,7845,134.875,0.012384374999999998,60,161,161,619921.7100000001,239952.41999999998,223198.97999999998,142090.46999999997,0.8312885706088481,0.8828129243709961,74395553.70626162,119478739.0921939,3240865954.0207767,12639635.509979643,19675661.728835166,591584280.4850538,0,356010720.3911947,0,73.27,0,0,1
ecuador-delayed-expansion,seed-5,CONSV,8000000,29200000,12000000,0,0,0,1200000,0,0,2500000,49200000,2500000,1200000,52900000,13000000,65900000,74.65857359635811,3.793626707132018,1.8209408194233687,19.726858877086496,0.01726824200858437,4500,6598,6598,104.03125,0.0114,60,142,142,593774.8900000001,256718.75999999998,215180.02999999988,112566.50000000001,0.8668149153074816,0.8980399708597412,77692369.76935408,108570601.86462645,3063427068.8181467,12521992.71849078,17957821.09172477,558750405.9900509,0,357185507.56151485,0,70.02799999999999,0,0,1
ecuador-delayed-expansion,seed-5,VAP,0,25200000,25500000,0,0,0,1200000,0,0,2500000,50700000,2500000,1200000,54400000,12500000,66900000,75.7847533632287,3.7369207772795217,1.7937219730941705,18.684603886397607,0.018872684421861068,6500,6926,6926,24.34375,0.002078125,60,168,168,545012.8899999999,169567.96,182210.17999999996,165946.75000000006,0.7487938503697245,0.8701765077076011,60882078.80120419,101327045.50588039,2882472826.016529,11495813.261305563,17001772.544083416,528387916.49219996,0,341594226.5296296,0,65.994,0,0,1
global-demand-boom,seed-1,MASS,24000000,8000000,0,0,0,0,720000,0,44000000,0,76000000,0,720000,76720000,3500000,80220000,94.73946646721517,0,0.8975317875841435,4.363001745200698,0.019985150403670528,9000,16185,16185,74.11904761904762,0.016004761904761904,60,178,178,664640.7700000001,412810.16,160724.07000000004,95710.01,0.46504443638921833,0.7195404155478,81522953.13920687,282962718.10254616,3838850268.84308,3832176.6155301034,53322134.197004706,627740286.6067,5,151018170.49846476,17727682.04746364,53.678,5,0,3
global-demand-boom,seed-1,BAL,24000000,8000000,6000000,5000000,0,0,1200000,0,22000000,3500000,65000000,3500000,1200000,69700000,13500000,83200000,78.125,4.206730769230769,1.4423076923076923,16.22596153846154,0.016143481920880737,6000,11597,11597,81.69444444444444,0.013575,60,169,169,722169.62,392639.75999999995,205344.15,138648.38999999998,1,0.8569490893555474,80208913.23280166,184758839.96263486,4317532013.328968,14235186.785242394,34891797.12383741,950303604.0829794,0,524706424.13638335,0,80.346,0,0,2
global-demand-boom,seed-1,JPQ,0,25200000,25500000,0,0,0,1200000,0,22000000,2500000,72700000,2500000,1200000,76400000,12000000,88400000,82.23981900452489,2.828054298642534,1.3574660633484164,13.574660633484163,0.021723053499514988,5500,7031,7031,121.84375,0.011359375,60,208,208,590010.1800000002,190140.77000000002,232326.8,141656.34999999998,0.7955664787915286,0.9054322476090642,74395553.70626162,127699684.07447268,3517000959.451018,12639635.509979643,29745768.670944154,838403732.4759915,0,530944326.7847593,0,71.76,0,0,1
global-demand-boom,seed-1,CONSV,8000000,29200000,12000000,0,0,0,1200000,0,0,2500000,49200000,2500000,1200000,52900000,13000000,65900000,74.65857359635811,3.793626707132018,1.8209408194233687,19.726858877086496,0.015000376143680397,4500,6615,6615,100.15625,0.011053124999999999,60,156,156,597864.26,259787.59,214979.8099999999,113440.30999999998,0.8598413438764742,0.897660334063572,77692369.76935408,125242459.55275919,3526578233.3256073,12521992.71849078,26861653.27438131,809126206.0904778,0,535462677.21014017,0,70.23599999999999,0,0,1
global-demand-boom,seed-1,VAP,0,25200000,25500000,0,0,0,1200000,0,0,2500000,50700000,2500000,1200000,54400000,12250000,66650000,76.06901725431358,3.7509377344336086,1.8004501125281318,18.37959489872468,0.016436458340284836,6500,6912,6912,23.59375,0.0020125,60,239,239,549095.5800000001,168350.98,182198.87999999995,165935.27000000005,0.6707981777775197,0.8684759593603689,60882078.80120419,119327064.55967891,3309715443.178453,11495813.261305563,28739060.712621212,794460707.812596,0,531468379.8859116,0,57.9,0,0,1
global-demand-boom,seed-2,MASS,32000000,8000000,0,0,0,0,720000,0,44000000,0,84000000,0,720000,84720000,6250000,90970000,92.33813345058812,0,0.7914697152907552,6.870396834121138,0.019139797556488057,9000,18518,18601,83.47826086956522,0.015715217391304347,60,256,256,761657.32,487961.96,183045.21000000002,110752.13999999997,0.5400192117427133,0.7530087767574881,85835574.6305494,237849986.5684459,4426379106.151068,8045067.654837653,48842208.433300585,777480532.1138023,3,216468285.86231118,0,58.406000000000006,4,0,3
global-demand-boom,seed-2,BAL,24000000,8000000,6000000,10000000,0,0,1200000,0,22000000,0,70000000,0,1200000,71200000,13500000,84700000,82.64462809917356,0,1.4167650531286895,15.938606847697756,0.015779473952482373,6000,10732,11616,87.70270270270271,0.013902702702702701,60,158,158,757648.63,431404.63000000006,203197.65000000002,138383.09999999998,1,0.8249124378875144,80208913.23280166,180475752.82726014,4512190977.621219,14235186.785242394,37988068.24721697,987507405.3047287,0,562953357.6934165,0,81.30000000000001,0,0,2
global-demand-boom,seed-2,JPQ,8000000,13200000,25500000,0,0,0,1200000,0,0,2500000,46700000,2500000,1200000,50400000,12000000,62400000,74.83974358974359,4.006410256410256,1.9230769230769231,19.230769230769234,0.013557157893337595,5500,7811,7811,133.34375,0.01231875,60,176,176,624084.15,240260.63000000003,222819.93999999997,141905.55000000002,0.8197038048796935,0.8851939101210079,74395553.70626162,138084444.66756436,3717593347.8482323,12639635.509979643,33521661.21400039,866439263.0807183,0,555396760.1707813,0,72.744,0,0,1
global-demand-boom,seed-2,CONSV,8000000,29200000,12000000,0,0,0,1200000,0,0,2500000,49200000,2500000,1200000,52900000,13000000,65900000,74.65857359635811,3.793626707132018,1.8209408194233687,19.726858877086496,0.014974143299010633,4500,6616,6616,100.6875,0.011121875,60,164,164,597702.7999999999,259873.48000000004,215180.1999999999,113088.73,0.8674766810239506,0.8984981001218676,77692369.76935408,126946023.59076604,3532756361.6607833,12521992.71849078,29813356.738219544,811308284.2761939,0,534772309.87224436,0,70.482,0,0,1
global-demand-boom,seed-2,VAP,0,25200000,25500000,0,0,0,1200000,0,0,2500000,50700000,2500000,1200000,54400000,12500000,66900000,75.7847533632287,3.7369207772795217,1.7937219730941705,18.684603886397607,0.016405000586443143,6500,6914,6914,23.5625,0.0020125,60,200,200,549087.5700000001,168378.36000000002,182133.18999999994,165870.13000000003,0.6696994946840632,0.8682745519141774,60882078.80120419,119088670.30549909,3316062057.623782,11495813.261305563,29936214.09592226,799954759.5284896,0,535514639.4757097,0,58.315999999999995,0,0,1
global-demand-boom,seed-3,MASS,40000000,8000000,0,5000000,0,0,0,0,44000000,0,97000000,0,0,97000000,8250000,105250000,92.16152019002375,0,0,7.8384798099762465,0.020313199517786668,9000,16239,18125,95.125,0.016575000000000003,60,239,239,825953.73,542389.9900000001,190258.45,113723.98,0.5482687797128579,0.7401117843576408,85835574.6305494,232198750.5822804,4775220167.31361,8045067.654837653,35718263.52001214,834626472.2791681,3,298121570.09209126,30920773.71185088,60.391999999999996,4,0,3
global-demand-boom,seed-3,BAL,24000000,8000000,6000000,15000000,0,0,0,0,22000000,2500000,75000000,2500000,0,77500000,13500000,91000000,82.41758241758241,2.7472527472527473,0,14.835164835164836,0.016992737950521856,6000,12411,12411,90.32432432432432,0.014118918918918918,60,214,214,768252.4000000001,435616.16000000015,206605.91999999993,140869.43,1,0.8331373225276061,80208913.23280166,209111503.11570677,4560771797.085233,14235186.785242394,42300801.711565435,982889482.514106,0,527530128.01139206,0,80.33200000000001,0,0,2
global-demand-boom,seed-3,JPQ,0,16000000,24000000,0,0,0,1200000,0,22000000,2500000,62000000,2500000,1200000,65700000,12000000,77700000,79.79407979407979,3.2175032175032174,1.5444015444015444,15.444015444015443,0.018859764967034533,5500,8633,8633,99.3030303030303,0.013836363636363636,60,143,143,585026.6100000001,189315.24999999997,221990.5,144635.38999999996,0.7993428229515668,0.8808390730500866,74395553.70626162,150421890.97302568,3483606509.139362,12639635.509979643,35885164.12299955,832822283.4432082,0,504450101.0239674,0,71.526,0,0,2
global-demand-boom,seed-3,CONSV,8000000,29200000,12000000,0,0,0,1200000,0,0,2500000,49200000,2500000,1200000,52900000,13000000,65900000,74.65857359635811,3.793626707132018,1.8209408194233687,19.726858877086496,0.01501863462388513,4500,6771,6771,103.71875,0.011387500000000002,60,147,147,597681.7700000001,259840.18000000005,215180.1299999999,113070.61,0.8670076720141557,0.8991083937856568,77692369.76935408,126845185.2247884,3522290895.596436,12521992.71849078,29241613.731633246,802462807.9928434,0,528369889.0279013,0,70.46400000000001,0,0,1
global-demand-boom,seed-3,VAP,0,25200000,24000000,0,0,0,1200000,0,0,2500000,49200000,2500000,1200000,52900000,12000000,64900000,75.80893682588598,3.8520801232665636,1.848998459167951,18.489984591679505,0.016055679424515076,6500,6958,6958,19.4375,0.001675,60,187,187,547384.5499999999,168270.6,182245.49999999994,164491.88000000003,0.6796921482618506,0.8702027839508655,60882078.80120419,117586853.2041977,3294784269.2491803,11495813.261305563,29290121.770765483,786536465.7840257,0,527539385.5317091,0,60.774,0,0,1
global-demand-boom,seed-4,MASS,32000000,8000000,0,0,0,0,1200000,0,44000000,0,84000000,0,1200000,85200000,7500000,92700000,90.61488673139159,0,1.2944983818770228,8.090614886731391,0.017827155121480958,9000,15600,18939,85.92,0.015138,60,279,279,824556.1199999999,524297.7300000001,198347.22999999998,119725.43000000002,0.6339751604960567,0.7372007552971018,85835574.6305494,241549219.17919895,4779225816.986225,8045067.654837653,39742601.971357346,829372798.7625645,3,290545321.7449805,0,63.44599999999999,5,0,3
global-demand-boom,seed-4,BAL,24000000,8000000,6000000,15000000,0,0,0,0,22000000,2500000,75000000,2500000,0,77500000,13000000,90500000,82.87292817679558,2.7624309392265194,0,14.3646408839779,0.017099632713204294,6000,11791,12271,90.05405405405405,0.014072972972972974,60,208,208,766196.41,434408.14000000013,205986.13,140406.56000000006,1,0.8325878453705116,80208913.23280166,202685832.18584132,4532261090.038191,14235186.785242394,38326305.124786854,968633419.0428835,0,526256455.5189839,0,77.85400000000001,0,0,2
global-demand-boom,seed-4,JPQ,0,16000000,24000000,0,0,0,1200000,0,22000000,2500000,62000000,2500000,1200000,65700000,12000000,77700000,79.79407979407979,3.2175032175032174,1.5444015444015444,15.444015444015443,0.018934397030148802,5500,8708,8708,104.03030303030303,0.014184848484848488,60,182,182,586979.8599999999,190065.93,222193.43000000002,143776.75999999995,0.8011527854607134,0.8810769188124555,74395553.70626162,152754692.2685211,3469875480.8715277,12639635.509979643,35844315.446196735,822599434.095742,0,492160973.52384025,0,71.798,0,0,2
global-demand-boom,seed-4,CONSV,8000000,29200000,12000000,0,0,0,1200000,0,0,2500000,49200000,2500000,1200000,52900000,13000000,65900000,74.65857359635811,3.793626707132018,1.8209408194233687,19.726858877086496,0.015141124037153071,4500,6593,6593,116.0625,0.012471875000000002,60,163,163,594254.8300000001,256733.71000000002,215175.52999999988,113005.76999999996,0.8722430129579318,0.8987103799440583,77692369.76935408,124558634.87175149,3493796092.69396,12521992.71849078,27039082.510994688,793416917.2935486,0,523332117.23859054,0,70.626,0,0,1
global-demand-boom,seed-4,VAP,0,25200000,25500000,0,0,0,1200000,0,0,2500000,50700000,2500000,1200000,54400000,12000000,66400000,76.35542168674698,3.7650602409638556,1.8072289156626504,18.072289156626507,0.016555943319500235,6500,6913,6913,23.625,0.002015625,60,244,244,546392.34,167533.29000000007,182096.07999999996,164992.52000000005,0.6810710023335813,0.8670357448181513,60882078.80120419,117944880.71329202,3285829079.6348376,11495813.261305563,28045525.22694628,775665593.3634317,0,517833681.89846915,0,57.80400000000001,0,0,1
global-demand-boom,seed-5,MASS,24000000,4000000,0,0,0,0,1200000,0,44000000,0,72000000,0,1200000,73200000,6000000,79200000,90.9090909090909,0,1.5151515151515151,7.575757575757576,0.016495431587215875,9000,14164,16902,112.86,0.01759,60,222,222,762841.1100000002,480537.54000000004,184739.7,113401.95000000001,0.6910366848492525,0.7003878155478498,85835574.6305494,213953826.6017035,4437592288.081188,8045067.654837653,34064990.130866975,768997728.7526203,4,300085573.1055211,0,66.212,5,0,3
global-demand-boom,seed-5,BAL,24000000,8000000,6000000,10000000,0,0,2400000,0,22000000,3500000,70000000,3500000,2400000,75900000,13000000,88900000,78.74015748031496,3.937007874015748,2.699662542182227,14.623172103487065,0.016655548539807,6000,12711,12711,84.02702702702703,0.013697297297297299,60,227,227,766676.5799999998,433101.97,208185.76,141203.19,1,0.8347707720439163,80208913.23280166,207832898.88380212,4557039944.892713,14235186.785242394,39362428.81465906,991215564.1900907,0,531241458.0119525,0,78.78399999999999,0,0,2
global-demand-boom,seed-5,JPQ,8000000,21200000,25500000,0,0,0,1200000,0,0,2500000,54700000,2500000,1200000,58400000,12000000,70400000,77.69886363636364,3.5511363636363638,1.7045454545454544,17.045454545454543,0.015732326770838634,5500,7839,7839,139.8125,0.012759375,60,173,173,625031.0200000001,239989.92,223194.12999999995,142090.08,0.8197840357720483,0.882799387482449,74395553.70626162,137232083.61199263,3712101893.805687,12639635.509979643,30510860.372182384,856843743.6994624,0,544584311.6465149,0,71.71000000000001,0,0,1
global-demand-boom,seed-5,CONSV,8000000,29200000,12000000,0,0,0,1200000,0,0,2500000,49200000,2500000,1200000,52900000,13000000,65900000,74.65857359635811,3.793626707132018,1.8209408194233687,19.726858877086496,0.015083761038842597,4500,6595,6595,112.46875,0.01215625,60,145,145,594299.18,256732.65999999997,215177.08999999988,113044.96999999999,0.8711274076430943,0.8987706306596095,77692369.76935408,124192534.69892478,3507082873.0166035,12521992.71849078,27263377.460840017,803476594.7277061,0,532816703.45735747,0,70.77799999999999,0,0,1
global-demand-boom,seed-5,VAP,0,25200000,25500000,0,0,0,1200000,0,0,2500000,50700000,2500000,1200000,54400000,12500000,66900000,75.7847533632287,3.7369207772795217,1.7937219730941705,18.684603886397607,0.016449681488011746,6500,6913,6913,23.59375,0.0020125,60,170,170,549162.89,168307.54999999996,182189.98999999996,165926.73000000004,0.6585987215591614,0.8681733542386347,60882078.80120419,119091357.21437146,3307054914.081213,11495813.261305563,30166900.261156276,794754318.4484781,0,532867530.6337083,0,56.886,0,0,1
global-disease-crisis,seed-1,MASS,24000000,4000000,0,0,0,0,1200000,0,44000000,0,72000000,0,1200000,73200000,6000000,79200000,90.9090909090909,0,1.5151515151515151,7.575757575757576,0.021730901528627507,9000,13267,13267,79.47368421052632,0.011992105263157894,60,175,175,638237.5099999999,381107.06999999995,153102.28,90646.42,0.4839851711658907,0.7629271283987443,81522953.13920687,218359682.32120255,3368475067.8000617,3832176.6155301034,37140517.95883104,469529927.8690134,5,99592670.82427992,12329215.993031338,53.645999999999994,5,0,2
global-disease-crisis,seed-1,BAL,24000000,8000000,0,20000000,0,0,1200000,0,22000000,2500000,74000000,2500000,1200000,77700000,13500000,91200000,81.14035087719299,2.7412280701754383,1.3157894736842104,14.802631578947366,0.01832092075648997,6000,10241,11748,96.43243243243244,0.014556756756756755,60,144,144,758078.31,430652.1199999998,205480.76,136111.05,1,0.8250385472504991,80208913.23280166,162100678.50054318,4241053221.7642884,14235186.785242394,24941471.65151988,823073162.3094319,0,464122550.20745414,0,80.146,0,0,2
global-disease-crisis,seed-1,JPQ,0,25200000,24000000,0,0,0,1200000,0,22000000,2500000,71200000,2500000,1200000,74900000,12100000,87000000,81.83908045977012,2.8735632183908044,1.3793103448275863,13.908045977011493,0.022654436626600365,5500,7071,7071,98.5625,0.009406250000000001,60,142,142,585773.5199999999,190059.97999999995,232391.06999999995,140811.09999999998,0.8084191831805997,0.9056656042962385,74395553.70626162,116108724.88377823,3306195657.589383,12639635.509979643,23046966.842086747,706448060.0349596,0,440221471.73758584,0,72.97200000000001,0,0,1
global-disease-crisis,seed-1,CONSV,8000000,29200000,12000000,0,0,0,1200000,0,0,2500000,49200000,2500000,1200000,52900000,13000000,65900000,74.65857359635811,3.793626707132018,1.8209408194233687,19.726858877086496,0.016007648109243114,4500,6735,6735,107.6875,0.011734375,60,137,137,594048.93,256642.56,214980.2299999999,112977.82,0.8728792992396655,0.8974449211087511,77692369.76935408,117730524.34442677,3304670345.011804,12521992.71849078,23351930.56929362,678152333.4067237,0,440194531.6851816,0,70.604,0,0,1
global-disease-crisis,seed-1,VAP,0,25200000,24000000,0,0,0,1200000,0,0,2500000,49200000,2500000,1200000,52900000,12500000,65400000,75.22935779816514,3.82262996941896,1.834862385321101,19.113149847094803,0.017036303915800632,6500,6972,6972,23.875,0.0020343749999999997,60,205,205,545320.6200000001,169390.00999999998,182220.51999999993,164467.67,0.7498166482550402,0.8702876687197953,60882078.80120419,108028547.38789469,3105133617.095016,11495813.261305563,21474607.371075794,660083030.3557397,0,437989485.3113481,0,66.45199999999998,0,0,1
global-disease-crisis,seed-2,MASS,32000000,4000000,0,0,0,0,720000,0,44000000,0,80000000,0,720000,80720000,7000000,87720000,91.19927040583676,0,0.8207934336525308,7.979936160510716,0.020189940094829252,9000,14947,14947,154.11111111111111,0.020693333333333334,60,211,211,739294.25,458156.24,173284.67,105255.70000000001,0.6821427501908082,0.7437250691978614,85835574.6305494,227481351.21672598,3998030683.640949,8045067.654837653,35836111.48215014,598296027.9248669,4,151541325.4919564,0,65.412,5,0,3
global-disease-crisis,seed-2,BAL,24000000,8000000,6000000,10000000,0,0,1200000,0,22000000,2500000,70000000,2500000,1200000,73700000,13500000,87200000,80.27522935779817,2.86697247706422,1.3761467889908259,15.481651376146788,0.01714925785964233,6000,11587,12278,90.1891891891892,0.014156756756756756,60,182,182,766297.29,435880.00000000006,206565.30000000005,139535.84999999998,1,0.8338873005811458,80208913.23280166,184673627.26482084,4297562063.804498,14235186.785242394,39674183.90621853,849023263.9534296,0,450789597.03240037,0,81.25200000000001,0,0,2
global-disease-crisis,seed-2,JPQ,8000000,12000000,24000000,0,0,0,1200000,0,0,2500000,44000000,2500000,1200000,47700000,12000000,59700000,73.70184254606366,4.1876046901172534,2.0100502512562812,20.100502512562816,0.013650173328405972,5500,7838,7838,130.65625,0.0121375,60,127,127,619605.8999999999,240285.80999999997,222913.09,141055.33,0.8264419367238013,0.885632227533602,74395553.70626162,126186791.71334542,3494461121.6574397,12639635.509979643,26681572.679966018,725356224.8351722,0,459893951.0789372,0,73.90599999999999,0,0,1
global-disease-crisis,seed-2,CONSV,8000000,29200000,12000000,0,0,0,1200000,0,0,2500000,49200000,2500000,1200000,52900000,13000000,65900000,74.65857359635811,3.793626707132018,1.8209408194233687,19.726858877086496,0.015981762530660318,4500,6593,6593,115.46875,0.012421875,60,150,150,593824.02,256726.26,215176.30999999988,112576.56,0.8709234018304088,0.8981475349128586,77692369.76935408,118804857.55996935,3310022902.5749598,12521992.71849078,25070804.13627051,679271375.6179454,0,439085775.55820423,0,70.72999999999999,0,0,1
global-disease-crisis,seed-2,VAP,0,25200000,24000000,0,0,0,1200000,0,0,2500000,49200000,2500000,1200000,52900000,12500000,65400000,75.22935779816514,3.82262996941896,1.834862385321101,19.113149847094803,0.016997952430257986,6500,6977,6977,24.25,0.00206875,60,181,181,545130.0000000001,169652.76,182186.27999999994,164434.48000000004,0.7482642746775613,0.8703510916185244,60882078.80120419,107630355.26806301,3112139548.398366,11495813.261305563,21888239.13272682,662835633.5910084,0,439921794.0952785,0,66.246,0,0,1
global-disease-crisis,seed-3,MASS,24000000,4000000,0,0,0,0,0,0,44000000,0,72000000,0,0,72000000,5000000,77000000,93.5064935064935,0,0,6.493506493506493,0.017243880615149594,9000,14995,14995,134.35416666666666,0.019587500000000004,60,202,202,770797.33,490811.1099999999,179273.68999999997,109052.76999999997,0.7611282835140706,0.7197991980618133,85835574.6305494,184351519.22983438,4175394251.845172,8045067.654837653,30366321.627859145,624908230.0393015,4,189687677.42230448,0,70.804,5,0,3
global-disease-crisis,seed-3,BAL,24000000,8000000,6000000,15000000,0,0,0,0,22000000,2500000,75000000,2500000,0,77500000,13000000,90500000,82.87292817679558,2.7624309392265194,0,14.3646408839779,0.018087615889026302,6000,11815,12313,85.72972972972973,0.013740540540540542,60,208,208,766776.94,435542.1300000001,206462.90999999992,139839.77000000002,1,0.8329555910228713,80208913.23280166,195012918.36025774,4284699568.7816987,14235186.785242394,38833864.865619004,833052904.3815887,0,425552607.5003936,0,80.268,0,0,2
global-disease-crisis,seed-3,JPQ,0,14800000,24000000,0,0,0,1200000,0,22000000,2500000,60800000,2500000,1200000,64500000,12000000,76500000,79.47712418300654,3.2679738562091507,1.5686274509803921,15.686274509803921,0.0197115093300169,5500,8676,8676,100.51515151515152,0.013906060606060604,60,162,162,579661.4599999998,189760.06,221575.48,143785.38999999998,0.8112022990360837,0.8811346292809416,74395553.70626162,137476976.87485245,3272199957.9087887,12639635.509979643,25876385.30035205,695417440.0795109,0,408701105.3266108,0,73.12,0,0,2
global-disease-crisis,seed-3,CONSV,8000000,28000000,12000000,0,0,0,1200000,0,0,2500000,48000000,2500000,1200000,51700000,13000000,64700000,74.1885625965997,3.863987635239567,1.8547140649149922,20.09273570324575,0.015718672787007542,4500,6723,6723,113.46875,0.012278125,60,154,154,592540.4500000001,256983.16,213389.96999999988,112579.35000000002,0.8715118580432467,0.8991277138538135,77692369.76935408,118551641.92759815,3289081762.8529844,12521992.71849078,24474791.964715168,667687715.9319252,0,431144143.7505594,0,70.466,0,0,1
global-disease-crisis,seed-3,VAP,0,24000000,24000000,0,0,0,1200000,0,0,2500000,48000000,2500000,1200000,51700000,11750000,63450000,75.65011820330969,3.940110323089047,1.8912529550827424,18.51851851851852,0.016769865855235436,6500,6939,6939,18.8125,0.0016187499999999997,60,149,149,541449.4400000001,169820.56,178991.69999999992,164514.36000000004,0.7535185731206601,0.8727835541823086,60882078.80120419,106074329.47286773,3082910766.627249,11495813.261305563,21467838.81139414,651232055.9232975,0,432805651.9210859,0,66.43,0,0,1
global-disease-crisis,seed-4,MASS,24000000,0,0,0,0,0,0,0,22000000,0,46000000,0,0,46000000,6500000,52500000,87.61904761904762,0,0,12.380952380952381,0.011520960296764813,9000,12671,12671,97.44186046511628,0.014030232558139533,60,203,203,740553.64,487496.06000000006,166397.84000000003,102035.66,0.7431812811047228,0.7588930176733523,85835574.6305494,203032462.40289378,3992722725.805869,8045067.654837653,34287011.0954631,601445944.8896351,4,200851681.87482366,0,68.574,5,0,2
global-disease-crisis,seed-4,BAL,24000000,8000000,6000000,15000000,0,0,0,0,22000000,2500000,75000000,2500000,0,77500000,13500000,91000000,82.41758241758241,2.7472527472527473,0,14.835164835164836,0.01800834791815354,6000,10942,11782,90.05405405405405,0.014200000000000003,60,147,147,773666.0900000001,442088.12999999983,206807.17999999993,140147.4699999999,1,0.8265845195406468,80208913.23280166,162034579.9994851,4303559679.779129,14235186.785242394,27275495.750692785,828951081.337774,0,461474109.44812685,0,77.724,0,0,2
global-disease-crisis,seed-4,JPQ,0,14800000,24000000,0,0,0,1200000,0,22000000,2500000,60800000,2500000,1200000,64500000,12000000,76500000,79.47712418300654,3.2679738562091507,1.5686274509803921,15.686274509803921,0.019769000400936106,5500,8648,8648,100.33333333333333,0.013903030303030302,60,144,144,579219.88,189423.93999999997,221509.63,143785.21999999997,0.8109875327459728,0.8810825441301987,74395553.70626162,135007795.96807885,3262683934.0316763,12639635.509979643,25634967.459432438,692844148.700364,0,410840368.118391,0,73.07400000000001,0,0,2
global-disease-crisis,seed-4,CONSV,8000000,28000000,12000000,0,0,0,1200000,0,0,2500000,48000000,2500000,1200000,51700000,13000000,64700000,74.1885625965997,3.863987635239567,1.8547140649149922,20.09273570324575,0.015795675461270663,4500,6699,6699,106.90625,0.011656249999999996,60,139,139,591131.0299999998,256930.88000000003,211701.4199999999,112931.36,0.8654779121295654,0.8975223936594546,77692369.76935408,116549021.66882062,3273047748.2120323,12521992.71849078,23008777.94167097,665861582.1300523,0,431913052.5355807,0,70.56,0,0,1
global-disease-crisis,seed-4,VAP,0,24000000,24000000,0,0,0,1200000,0,0,2500000,48000000,2500000,1200000,51700000,12250000,63950000,75.05863956215794,3.9093041438623923,1.8764659890539486,19.155590304925724,0.016879278567470277,6500,6979,6979,22.84375,0.00196875,60,143,143,540653.43,169815.84,178841.2099999999,162886.99000000002,0.7521571382620001,0.8709222099216948,60882078.80120419,105799683.99451272,3062927114.6479073,11495813.261305563,21320286.18907632,641122625.7637049,0,425000250.9324218,0,66.312,0,0,1
global-disease-crisis,seed-5,MASS,32000000,8000000,0,0,0,0,1200000,0,44000000,0,84000000,0,1200000,85200000,7500000,92700000,90.61488673139159,0,1.2944983818770228,8.090614886731391,0.020866200833331117,9000,15495,15495,124.11627906976744,0.018246511627906976,60,227,227,766936.5400000002,472749.70999999996,175999.53999999998,105994.25999999998,0.6662678758899708,0.770873562182547,85835574.6305494,225523900.22791794,4083158246.22486,8045067.654837653,33349732.346945614,635259677.6907696,3,190777138.34502423,0,62.91600000000001,4,0,3
global-disease-crisis,seed-5,BAL,24000000,8000000,6000000,5000000,0,0,1200000,0,22000000,2500000,65000000,2500000,1200000,68700000,13000000,81700000,79.5593635250918,3.0599755201958385,1.4687882496940026,15.911872705018359,0.017108793845013858,6000,10376,10529,73.75,0.012975,60,151,151,714287.7799999999,387725.5,202316.27,136806.44999999995,1,0.8515485313536524,80208913.23280166,162472642.52892584,4015478859.7222915,14235186.785242394,28744057.558986887,792796301.1291709,0,444875826.6884787,0,79.248,0,0,2
global-disease-crisis,seed-5,JPQ,8000000,21200000,24000000,0,0,0,1200000,0,0,2500000,53200000,2500000,1200000,56900000,12000000,68900000,77.2133526850508,3.6284470246734397,1.741654571843251,17.41654571843251,0.016315291182262784,5500,7848,7848,127.46875,0.011840624999999999,60,148,148,619939.8200000002,239992.85000000003,223196.99999999997,141241.06,0.8311264021793365,0.8830870179334095,74395553.70626162,126335035.98193139,3487525865.419981,12639635.509979643,24372542.24443181,715193683.5356654,0,446284813.818114,0,73.10799999999999,0,0,1
global-disease-crisis,seed-5,CONSV,8000000,28000000,12000000,0,0,0,1200000,0,0,2500000,48000000,2500000,1200000,51700000,13000000,64700000,74.1885625965997,3.863987635239567,1.8547140649149922,20.09273570324575,0.01570367941369921,4500,6721,6721,112.15625,0.012184375,60,156,156,592645.0900000001,257015.61000000002,213390.85999999987,112713.20000000001,0.8729850010597335,0.8986019158690769,77692369.76935408,116230505.15750867,3292222073.4396276,12521992.71849078,22828306.758734956,671418780.6972702,0,437735398.10459083,0,70.78800000000001,0,0,1
global-disease-crisis,seed-5,VAP,0,25200000,24000000,0,0,0,1200000,0,0,2500000,49200000,2500000,1200000,52900000,12500000,65400000,75.22935779816514,3.82262996941896,1.834862385321101,19.113149847094803,0.017055024782943948,6500,6988,6988,31.9375,0.002740625,60,189,189,544471.28,169754.05000000002,182208.82999999996,164457.56000000003,0.7479822731692788,0.8706212314507222,60882078.80120419,106968128.54675408,3101725190.8600674,11495813.261305563,21041859.358329132,653868735.1783313,0,434634412.8366968,0,66.102,0,0,1
