scenario,seed,variant,companyId,count_0,count_100000,count_250000,count_500000,totalSpendUsd,endingDevelopmentScore,endingVapShare,endingRevenueUsd,endingOperatingProfitUsd,endingCashUsd,liquidityStressQuarters,severeDistressQuarters
baseline,seed-1,BEFORE,MASS,21,0,0,11,5500000,72.64420430347805,0.1413938097925378,193685782.35796648,29572497.80510488,76977799.21658245,5,0
baseline,seed-1,BEFORE,BAL,5,0,0,27,13500000,88.33234097751411,0.1991593633937603,186230474.2986113,34555784.24891856,326312325.07741934,0,0
baseline,seed-1,BEFORE,JPQ,7,1,0,24,12100000,88.30322580293227,0.25548539613052257,116531095.04178508,22335832.281556442,312793957.2389765,0,0
baseline,seed-1,BEFORE,CONSV,6,0,0,26,13000000,90.7790861462916,0.1806457454235277,117214803.18374813,22718429.736394122,334390213.3652875,0,0
baseline,seed-1,BEFORE,VAP,7,0,0,25,12500000,89.21642326611783,0.3268116621921397,108474283.83601023,21126421.623553276,313008639.46027476,0,0
baseline,seed-1,AFTER,MASS,19,1,12,0,3100000,66.20467964559758,0.11150457885608654,193985590.71212044,29856822.694042772,72325225.23708376,4,0
baseline,seed-1,AFTER,BAL,2,0,30,0,7500000,84.53202939958929,0.19907498844469226,186583049.01415992,34888045.9868249,330800741.5169963,0,0
baseline,seed-1,AFTER,JPQ,5,0,27,0,6750000,82.45164162923366,0.2554820720480881,116484049.96226257,22548950.96573575,317035969.07810444,0,0
baseline,seed-1,AFTER,CONSV,3,0,29,0,7250000,83.88753062457218,0.1806530899712992,117241533.40099765,22508769.26607655,338842438.9418596,0,0
baseline,seed-1,AFTER,VAP,5,0,27,0,6750000,82.65770998479216,0.32676881112236383,108478192.6020122,21413652.071902066,317511756.775728,0,0
baseline,seed-2,BEFORE,MASS,17,0,0,15,7500000,81.29341716036971,0.11012517139258844,215083242.60068142,36492264.909561366,91072917.85185435,5,0
baseline,seed-2,BEFORE,BAL,5,0,0,27,13500000,88.33234097751411,0.22251054751174607,191737001.85818115,45927349.135442734,332195909.44340664,0,0
baseline,seed-2,BEFORE,JPQ,8,0,0,24,12000000,88.18882705077574,0.23186553617355418,126821619.0589864,25937953.32897675,339251685.54018205,0,0
baseline,seed-2,BEFORE,CONSV,6,0,0,26,13000000,90.7790861462916,0.18066923992111564,118417763.89211236,24764107.285654575,335380447.8195893,0,0
baseline,seed-2,BEFORE,VAP,7,0,0,25,12500000,89.21642326611783,0.3266147119110262,108228465.99270774,21550008.978167728,317489871.81030065,0,0
baseline,seed-2,AFTER,MASS,15,0,17,0,4250000,70.69654054752311,0.11008266115257398,213288884.71754283,35391707.62268093,98408154.57158296,5,0
baseline,seed-2,AFTER,BAL,2,0,30,0,7500000,84.53202939958929,0.1946000388927406,209002608.50659776,44624601.10860184,322565204.9928971,0,0
baseline,seed-2,AFTER,JPQ,6,0,26,0,6500000,81.8155446675497,0.23185784924593902,126845647.94400018,26112558.382685155,343487830.0782927,0,0
baseline,seed-2,AFTER,CONSV,3,0,29,0,7250000,83.88753062457218,0.17171252987853947,118239977.60956492,24456846.96851355,345732749.45750946,0,0
baseline,seed-2,AFTER,VAP,5,0,27,0,6750000,82.65770998479216,0.32667095919320976,108168081.28655069,21661805.000830397,321816032.2949056,0,0
baseline,seed-3,BEFORE,MASS,18,0,0,14,7000000,75.71803657904587,0.06399261430147461,251936760.53801337,40547171.927992195,103790653.99049321,4,0
baseline,seed-3,BEFORE,BAL,5,0,0,27,13500000,88.33234097751411,0.1967152057882668,184665569.34324715,35441099.81272012,320096030.3919558,0,0
baseline,seed-3,BEFORE,JPQ,8,0,0,24,12000000,88.18882705077574,0.37324040614311477,137733595.16135842,24997950.597759023,284433403.61438286,0,0
baseline,seed-3,BEFORE,CONSV,6,0,0,26,13000000,90.7790861462916,0.18085793364538036,118223828.5723687,23790566.82505624,327986122.8513197,0,0
baseline,seed-3,BEFORE,VAP,7,0,1,24,12250000,88.95540811017513,0.31841693345985683,106904634.28039746,20815937.58235307,307934268.34824204,0,0
baseline,seed-3,AFTER,MASS,17,0,15,0,3750000,66.79719849252423,0.06367610403297631,253871080.0567347,41039686.879688144,103663711.62115194,4,0
baseline,seed-3,AFTER,BAL,3,0,29,0,7250000,83.52827148545965,0.20276851150709121,182663246.22668535,35885359.41265014,335491027.6418958,0,0
baseline,seed-3,AFTER,JPQ,6,0,26,0,6500000,81.8155446675497,0.37324040614311477,137656777.42076325,25191154.054806218,288624954.2600559,0,0
baseline,seed-3,AFTER,CONSV,3,0,29,0,7250000,83.88753062457218,0.18086258450803377,118219335.59776545,23536253.117948025,333055178.08213246,0,0
baseline,seed-3,AFTER,VAP,5,0,27,0,6750000,82.65770998479216,0.3184146390807452,106933819.18070643,20935427.93286425,311901426.5124866,0,0
baseline,seed-4,BEFORE,MASS,14,0,0,18,9000000,86.77629050869382,0.15577174588514323,225603317.71634528,34931266.106782615,85321256.81546727,4,0
baseline,seed-4,BEFORE,BAL,6,0,0,26,13000000,90.34993339517175,0.18828587044773792,190449750.55069715,38324491.38966572,348494544.47063476,0,0
baseline,seed-4,BEFORE,JPQ,8,0,0,24,12000000,88.18882705077574,0.36564349752841535,135827188.65043625,24193433.631607115,282958665.8056606,0,0
baseline,seed-4,BEFORE,CONSV,6,0,0,26,13000000,90.7790861462916,0.18076082591215786,116259898.01670879,21948030.279022545,327921086.5708344,0,0
baseline,seed-4,BEFORE,VAP,7,0,1,24,12250000,88.97234248447933,0.3183664647561834,106373672.69728483,20385705.30865702,302018030.7093315,0,0
baseline,seed-4,AFTER,MASS,15,0,17,0,4250000,72.42710031438497,0.15691878155234698,225646532.16526267,36109243.785233974,78311559.02631122,4,0
baseline,seed-4,AFTER,BAL,2,0,30,0,7500000,84.53202939958929,0.18828587044773792,190442221.7800313,38084370.28924611,353016621.1119243,0,0
baseline,seed-4,AFTER,JPQ,6,0,26,0,6500000,81.8155446675497,0.3672500212470328,135434310.52352738,24432504.748120144,288116370.85171574,0,0
baseline,seed-4,AFTER,CONSV,3,0,29,0,7250000,83.88753062457218,0.18076143425763377,116258200.31499559,21673601.03662674,332556112.49691945,0,0
baseline,seed-4,AFTER,VAP,5,0,27,0,6750000,82.65770998479216,0.3183209507682214,106376984.38715167,20707700.11611101,307249106.3085826,0,0
baseline,seed-5,BEFORE,MASS,14,0,0,18,9000000,84.96717853501578,0.05524123700413681,218384285.43032137,30024447.832694948,87575910.18101157,4,0
baseline,seed-5,BEFORE,BAL,5,0,0,27,13500000,88.33234097751411,0.1930700563896931,191478292.46981543,33845371.994844586,306739346.45501137,0,0
baseline,seed-5,BEFORE,JPQ,8,0,0,24,12000000,88.18882705077574,0.2262392267404168,127100687.83920091,23717712.197002843,327248883.43523604,0,0
baseline,seed-5,BEFORE,CONSV,6,0,0,26,13000000,90.7790861462916,0.18064173018968266,116039756.61241223,22236494.738589615,333513557.56570995,0,0
baseline,seed-5,BEFORE,VAP,7,0,0,25,12500000,89.21642326611783,0.32644841214381276,107420933.93639885,20493223.941951588,312571953.08571553,0,0
baseline,seed-5,AFTER,MASS,14,0,18,0,4500000,70.70546084403813,0.08464090416139407,248806934.1543267,36991725.28562519,111676164.64640763,4,0
baseline,seed-5,AFTER,BAL,2,0,30,0,7500000,84.53202939958929,0.1928892017076691,192380560.5801262,34365778.270468384,307494430.79763407,0,0
baseline,seed-5,AFTER,JPQ,6,0,26,0,6500000,81.8155446675497,0.22624073058130453,127177421.6010064,23846828.39594157,330628162.3728449,0,0
baseline,seed-5,AFTER,CONSV,3,0,29,0,7250000,83.88753062457218,0.18064445423898412,116041063.41970456,21766115.423147976,337645741.48763794,0,0
baseline,seed-5,AFTER,VAP,5,0,27,0,6750000,82.65770998479216,0.32647185212306706,107346023.32823998,20478039.725463614,316110345.5709755,0,0
ecuador-early-expansion,seed-1,BEFORE,MASS,20,0,1,11,5750000,72.97764182781651,0.1391939393882396,150394183.3086473,17018949.967990622,53509104.22169335,5,0
ecuador-early-expansion,seed-1,BEFORE,BAL,5,0,0,27,13500000,88.33234097751411,0.1989528934813371,159892712.12405783,24764057.698860005,251539119.58824012,0,0
ecuador-early-expansion,seed-1,BEFORE,JPQ,8,0,0,24,12000000,88.18882705077574,0.2556119033683687,104342563.77233323,15483276.02272521,243915930.29390064,0,0
ecuador-early-expansion,seed-1,BEFORE,CONSV,6,0,0,26,13000000,90.7790861462916,0.18064392850999264,104765115.0124157,15999502.293649703,269708525.6960077,0,0
ecuador-early-expansion,seed-1,BEFORE,VAP,7,0,0,25,12500000,89.21642326611783,0.3262737025237408,95353592.09064205,13439611.571894586,246420017.90815774,0,0
ecuador-early-expansion,seed-1,AFTER,MASS,18,0,14,0,3500000,66.88781811160679,0.09291150303795055,167007495.74932414,21138001.078785002,58352205.75597127,4,0
ecuador-early-expansion,seed-1,AFTER,BAL,2,0,30,0,7500000,84.53202939958929,0.1985648231089822,159736114.51042306,25077597.668231815,265234094.6935409,0,0
ecuador-early-expansion,seed-1,AFTER,JPQ,5,1,26,0,6600000,82.09243393322389,0.2554843733267144,104243915.97499388,15596870.555563718,248620560.62068963,0,0
ecuador-early-expansion,seed-1,AFTER,CONSV,3,0,29,0,7250000,83.88753062457218,0.18063854849869337,104771010.38397983,15657674.151139438,274306290.8080235,0,0
ecuador-early-expansion,seed-1,AFTER,VAP,5,0,27,0,6750000,82.65770998479216,0.32621187475696783,96589803.86126187,13928511.958953276,250477617.0434327,0,0
ecuador-early-expansion,seed-2,BEFORE,MASS,18,0,0,14,7000000,77.69165343602991,0.11409264371356974,164322509.62871158,21211872.2657789,58059939.04897663,5,0
ecuador-early-expansion,seed-2,BEFORE,BAL,5,0,0,27,13500000,88.33234097751411,0.19771407956446166,166623834.07547197,30799241.913100243,250936800.97433892,0,0
ecuador-early-expansion,seed-2,BEFORE,JPQ,8,0,0,24,12000000,88.18882705077574,0.2320075727452065,113171588.32977128,18227102.94062537,271288532.7572511,0,0
ecuador-early-expansion,seed-2,BEFORE,CONSV,6,0,0,26,13000000,90.7790861462916,0.18070095780064616,105749119.87770788,17731756.9272217,272325636.6073454,0,0
ecuador-early-expansion,seed-2,BEFORE,VAP,7,0,0,25,12500000,89.21642326611783,0.3262206292880925,97292892.23482144,15033084.85392581,248967193.22477385,0,0
ecuador-early-expansion,seed-2,AFTER,MASS,16,0,16,0,4000000,69.28337288494994,0.09376239132158792,176042227.4735323,23745707.201541215,39587230.32040499,5,0
ecuador-early-expansion,seed-2,AFTER,BAL,2,0,30,0,7500000,84.53202939958929,0.20066742057168374,163897234.2395355,30393374.635660917,270615238.987287,0,0
ecuador-early-expansion,seed-2,AFTER,JPQ,6,0,26,0,6500000,81.8155446675497,0.2319841689973168,113114645.78286411,18422804.635839775,275274315.8945695,0,0
ecuador-early-expansion,seed-2,AFTER,CONSV,3,0,29,0,7250000,83.88753062457218,0.17171644281680998,105629681.32626036,17473770.89153126,281558131.6562525,0,0
ecuador-early-expansion,seed-2,AFTER,VAP,5,0,27,0,6750000,82.65770998479216,0.32583961715033455,97415148.11661401,15342567.060321301,252522500.51511666,0,0
ecuador-early-expansion,seed-3,BEFORE,MASS,17,0,0,15,7500000,77.64124091582242,0.04434397818318,224765564.84885114,29192204.810901403,46733977.74991579,4,0
ecuador-early-expansion,seed-3,BEFORE,BAL,5,0,0,27,13500000,88.33234097751411,0.17758791367702037,171198320.21176556,27846017.64988932,228489247.1158617,0,0
ecuador-early-expansion,seed-3,BEFORE,JPQ,8,0,0,24,12000000,88.18882705077574,0.37347743719962756,122623794.41384897,16199385.674186602,223127388.32187554,0,0
ecuador-early-expansion,seed-3,BEFORE,CONSV,6,0,0,26,13000000,90.7790861462916,0.18069176826226296,105661713.19124201,16890572.223803803,264469268.95328358,0,0
ecuador-early-expansion,seed-3,BEFORE,VAP,7,0,0,25,12500000,89.21642326611783,0.31835623179539013,94181803.54060408,14373761.251016662,239685135.94368055,0,0
ecuador-early-expansion,seed-3,AFTER,MASS,16,0,16,0,4000000,70.03343042419746,0.1400867100772948,191791340.60298684,25326238.13098076,81035390.13609597,4,0
ecuador-early-expansion,seed-3,AFTER,BAL,3,0,29,0,7250000,83.52827148545965,0.23707213172175443,169908800.03511497,23232547.218246162,263598540.1190715,0,0
ecuador-early-expansion,seed-3,AFTER,JPQ,6,0,26,0,6500000,81.8155446675497,0.3765089433456781,121753744.82616916,16361551.85726957,228225530.68010265,0,0
ecuador-early-expansion,seed-3,AFTER,CONSV,3,0,29,0,7250000,83.88753062457218,0.1806895419110805,105643186.90965334,16670564.554660812,268720479.2547514,0,0
ecuador-early-expansion,seed-3,AFTER,VAP,5,0,27,0,6750000,82.65770998479216,0.3262511844966506,94285677.77113625,13367859.03527619,240760237.82096717,0,0
ecuador-early-expansion,seed-4,BEFORE,MASS,16,0,1,15,7750000,81.9543167775339,0.13325063061070455,168212237.58953536,21193572.275181353,70842870.43845646,4,0
ecuador-early-expansion,seed-4,BEFORE,BAL,5,1,0,26,13100000,87.66323033251402,0.20219675094612727,161123266.95511162,30275543.019842118,247897888.65300882,0,0
ecuador-early-expansion,seed-4,BEFORE,JPQ,8,0,0,24,12000000,88.18882705077574,0.3732201812782622,121728754.67160678,16083706.260344788,222396371.0789486,0,0
ecuador-early-expansion,seed-4,BEFORE,CONSV,6,0,0,26,13000000,90.7790861462916,0.18077837103499064,103786808.84698635,15474018.847567096,264849677.53365707,0,0
ecuador-early-expansion,seed-4,BEFORE,VAP,7,0,1,24,12250000,88.97234248447933,0.31775487954829434,94941517.63953246,13530323.14722927,234247287.22036046,0,0
ecuador-early-expansion,seed-4,AFTER,MASS,15,0,17,0,4250000,70.24909606752311,0.14676781828633903,162347319.147657,19302893.893625706,60569333.53868256,4,0
ecuador-early-expansion,seed-4,AFTER,BAL,3,0,29,0,7250000,83.52827148545965,0.18828587044773792,170202479.10700563,28845509.133568853,285846637.1516991,0,0
ecuador-early-expansion,seed-4,AFTER,JPQ,6,0,26,0,6500000,81.8155446675497,0.373068837701363,122273539.73269811,16444402.455960065,226646796.42365858,0,0
ecuador-early-expansion,seed-4,AFTER,CONSV,3,0,29,0,7250000,83.88753062457218,0.18072106062988,103797514.98761365,15142219.862399846,270350539.26209307,0,0
ecuador-early-expansion,seed-4,AFTER,VAP,5,0,27,0,6750000,82.65770998479216,0.3255521728911942,96316847.13376266,13915393.038441062,240725897.16687238,0,0
ecuador-early-expansion,seed-5,BEFORE,MASS,15,0,0,17,8500000,83.29691329748616,0.07920864062371816,169651767.14965558,22940906.546963334,72901867.83375554,4,0
ecuador-early-expansion,seed-5,BEFORE,BAL,5,0,0,27,13500000,88.33234097751411,0.1914388345584028,166068281.42883018,23807958.6332725,246968695.88261855,0,0
ecuador-early-expansion,seed-5,BEFORE,JPQ,8,0,0,24,12000000,88.18882705077574,0.22642615686062323,114023056.53724445,16876767.929085866,259787054.51268494,0,0
ecuador-early-expansion,seed-5,BEFORE,CONSV,6,0,0,26,13000000,90.7790861462916,0.18055188158782134,103960941.344816,15858701.793808088,269215841.1929891,0,0
ecuador-early-expansion,seed-5,BEFORE,VAP,7,0,0,25,12500000,89.21642326611783,0.3263917048974072,92877271.13895015,13608378.735455513,245819692.79555792,0,0
ecuador-early-expansion,seed-5,AFTER,MASS,15,0,17,0,4250000,69.32229639019553,0.09500676102651863,183356859.88359633,25086927.35334596,57170118.04898375,4,0
ecuador-early-expansion,seed-5,AFTER,BAL,2,0,30,0,7500000,84.53202939958929,0.1908736148210579,165162266.27306488,24022546.83078599,252866907.78752044,0,0
ecuador-early-expansion,seed-5,AFTER,JPQ,6,0,26,0,6500000,81.8155446675497,0.22654089590810178,113983098.57385263,17192401.940124035,264884850.67668676,0,0
ecuador-early-expansion,seed-5,AFTER,CONSV,3,0,29,0,7250000,83.88753062457218,0.18056225397218753,103941363.00666545,15562040.979470924,274528847.0768495,0,0
ecuador-early-expansion,seed-5,AFTER,VAP,5,0,27,0,6750000,82.65770998479216,0.3264711363486878,93110093.15612414,13975330.4677625,250851878.24274963,0,0
ecuador-delayed-expansion,seed-1,BEFORE,MASS,19,0,0,13,6500000,79.15476989866887,0.10493356090189651,201576144.93094647,27660290.674492806,90240261.30492565,5,0
ecuador-delayed-expansion,seed-1,BEFORE,BAL,5,0,0,27,13500000,88.33234097751411,0.2020842091688697,179304527.13337046,29404031.139277786,326229696.03422165,0,0
ecuador-delayed-expansion,seed-1,BEFORE,JPQ,8,0,0,24,12000000,88.18882705077574,0.2558205491038679,110078093.32477114,18838317.120758712,342571636.9827932,0,0
ecuador-delayed-expansion,seed-1,BEFORE,CONSV,6,0,0,26,13000000,90.7790861462916,0.1805608971380397,109486728.13193397,18130558.266842246,358675793.6004118,0,0
ecuador-delayed-expansion,seed-1,BEFORE,VAP,7,0,0,25,12500000,89.21642326611783,0.32663781752653814,102205300.11754352,17314190.07333231,341834575.51056,0,0
ecuador-delayed-expansion,seed-1,AFTER,MASS,20,1,11,0,2850000,64.02874881964763,0.1305277891693413,195528446.1131537,26777116.47617662,84512480.34807341,4,0
ecuador-delayed-expansion,seed-1,AFTER,BAL,2,0,30,0,7500000,84.53202939958929,0.20055066114411252,172936734.87960038,21084021.317204982,367058237.7957428,0,0
ecuador-delayed-expansion,seed-1,AFTER,JPQ,5,1,26,0,6600000,82.09243393322389,0.25550214570795854,110009981.08904609,19336702.89164105,347121952.37727094,0,0
ecuador-delayed-expansion,seed-1,AFTER,CONSV,3,0,29,0,7250000,83.88753062457218,0.18055251736297273,109486764.22110255,18167231.12676461,362743346.64500463,0,0
ecuador-delayed-expansion,seed-1,AFTER,VAP,5,0,27,0,6750000,82.65770998479216,0.326547204929784,102260423.55345672,17870132.008055255,345913473.6180659,0,0
ecuador-delayed-expansion,seed-2,BEFORE,MASS,17,0,0,15,7500000,81.16990742494572,0.1831158311034071,235493264.91376495,35844622.891292125,83661786.94205858,5,0
ecuador-delayed-expansion,seed-2,BEFORE,BAL,5,0,0,27,13500000,88.33234097751411,0.1788708640140773,180777127.10205317,36860679.41080928,351031533.43308675,0,0
ecuador-delayed-expansion,seed-2,BEFORE,JPQ,8,0,0,24,12000000,88.18882705077574,0.23209068365053062,119319968.5121554,21479872.85546139,367128949.5821181,0,0
ecuador-delayed-expansion,seed-2,BEFORE,CONSV,6,0,0,26,13000000,90.7790861462916,0.18038750211531632,110546025.97114913,20023747.33675754,359601844.18058014,0,0
ecuador-delayed-expansion,seed-2,BEFORE,VAP,7,0,0,25,12500000,89.21642326611783,0.32633716289107595,101874660.78354822,17575462.640558198,344748747.44524044,0,0
ecuador-delayed-expansion,seed-2,AFTER,MASS,17,0,15,0,3750000,69.5000817366407,0.09850470807452313,222985788.10398215,31298270.550516605,97416826.94930814,5,0
ecuador-delayed-expansion,seed-2,AFTER,BAL,2,0,30,0,7500000,84.53202939958929,0.1802486125170883,181699493.18447146,37854397.63012612,356398184.94097155,0,0
ecuador-delayed-expansion,seed-2,AFTER,JPQ,6,0,26,0,6500000,81.8155446675497,0.2321268787010228,119410683.9079794,22127486.58326325,372695458.5611361,0,0
ecuador-delayed-expansion,seed-2,AFTER,CONSV,3,0,29,0,7250000,83.88753062457218,0.17172818270169823,110441822.58216372,19947389.983802035,368983329.29342526,0,0
ecuador-delayed-expansion,seed-2,AFTER,VAP,5,0,27,0,6750000,82.65770998479216,0.32644698080374884,101826707.25710855,17913706.7026812,350037500.94851005,0,0
ecuador-delayed-expansion,seed-3,BEFORE,MASS,16,1,0,15,7600000,81.68761301418172,0.18426630581714026,202388778.00384665,29731363.414168626,100423441.54679768,5,0
ecuador-delayed-expansion,seed-3,BEFORE,BAL,5,0,0,27,13500000,88.33234097751411,0.17532330947245972,180205668.48510465,34425822.679347664,329322428.5903304,0,0
ecuador-delayed-expansion,seed-3,BEFORE,JPQ,8,0,0,24,12000000,88.18882705077574,0.3706932206241512,131160407.14138524,21488927.169446692,314915484.00931114,0,0
ecuador-delayed-expansion,seed-3,BEFORE,CONSV,6,0,0,26,13000000,90.7790861462916,0.1806974707079965,110518903.49796702,19298444.497678652,353153233.8485102,0,0
ecuador-delayed-expansion,seed-3,BEFORE,VAP,7,0,1,24,12250000,88.95540811017513,0.31867482043441886,100532196.18701589,16782556.140515164,336260571.84872717,0,0
ecuador-delayed-expansion,seed-3,AFTER,MASS,16,0,16,0,4000000,70.63936025091985,0.18379588725567725,200945898.75562605,29618199.011895567,99626027.94387448,4,0
ecuador-delayed-expansion,seed-3,AFTER,BAL,3,0,29,0,7250000,83.52827148545965,0.1950196059752604,166825771.5614577,26418749.158943713,367155024.0908941,0,0
ecuador-delayed-expansion,seed-3,AFTER,JPQ,6,0,26,0,6500000,81.8155446675497,0.3706407447681665,131100580.30833136,21786538.888825953,319247535.9815641,0,0
ecuador-delayed-expansion,seed-3,AFTER,CONSV,3,0,29,0,7250000,83.88753062457218,0.18071211957032812,110536574.0472757,19196380.7941674,357714084.48743665,0,0
ecuador-delayed-expansion,seed-3,AFTER,VAP,5,0,27,0,6750000,82.65770998479216,0.31859193313046646,100585400.61067975,17162867.419024438,340438333.15161985,0,0
ecuador-delayed-expansion,seed-4,BEFORE,MASS,15,0,0,17,8500000,85.38822968447329,0.1423140257913288,228906329.01534748,32789484.057673573,95764117.16796833,4,0
ecuador-delayed-expansion,seed-4,BEFORE,BAL,6,0,0,26,13000000,90.62940865649753,0.22122205879567966,168933968.53220963,29840087.021838292,344858402.51073176,0,0
ecuador-delayed-expansion,seed-4,BEFORE,JPQ,8,0,0,24,12000000,88.18882705077574,0.3655120522662391,128072253.20492929,20473611.260370687,312961683.35448724,0,0
ecuador-delayed-expansion,seed-4,BEFORE,CONSV,6,0,0,26,13000000,90.7790861462916,0.1805927632901898,108548795.88459639,17635910.812671423,350754311.32571465,0,0
ecuador-delayed-expansion,seed-4,BEFORE,VAP,7,0,1,24,12250000,88.97234248447933,0.3179099223949853,100183268.6520919,16587728.286787003,326723516.3230762,0,0
ecuador-delayed-expansion,seed-4,AFTER,MASS,17,0,15,0,3750000,69.15458569449284,0.14269299725407192,228909567.2308011,32471147.784138083,95012330.14241186,4,0
ecuador-delayed-expansion,seed-4,AFTER,BAL,2,0,30,0,7500000,84.53202939958929,0.19501776854151534,178872672.21907815,25945285.076360285,347696260.67149556,0,0
ecuador-delayed-expansion,seed-4,AFTER,JPQ,6,0,26,0,6500000,81.8155446675497,0.3647384269301209,128252581.72304155,20649546.1696454,316056856.6070276,0,0
ecuador-delayed-expansion,seed-4,AFTER,CONSV,3,0,29,0,7250000,83.88753062457218,0.18058005655322665,108541710.82657327,17364266.02394314,355545983.5534161,0,0
ecuador-delayed-expansion,seed-4,AFTER,VAP,5,0,27,0,6750000,82.65770998479216,0.31800689922055747,100154491.16415064,16735837.22445494,331050666.40690905,0,0
ecuador-delayed-expansion,seed-5,BEFORE,MASS,16,0,0,16,8000000,83.09333793410097,0.13416326188279554,225093870.9505477,30070873.374192744,95930174.28038101,4,0
ecuador-delayed-expansion,seed-5,BEFORE,BAL,5,0,0,27,13500000,88.33234097751411,0.1961597982633234,162975510.20662272,22853163.012727886,346795333.18886924,0,0
ecuador-delayed-expansion,seed-5,BEFORE,JPQ,8,0,0,24,12000000,88.18882705077574,0.2265409964310801,119478739.0921939,19675661.728835166,356010720.3911947,0,0
ecuador-delayed-expansion,seed-5,BEFORE,CONSV,6,0,0,26,13000000,90.7790861462916,0.1805196488900074,108570601.86462645,17957821.09172477,357185507.56151485,0,0
ecuador-delayed-expansion,seed-5,BEFORE,VAP,7,0,0,25,12500000,89.21642326611783,0.3263672034458782,101327045.50588039,17001772.544083416,341594226.5296296,0,0
ecuador-delayed-expansion,seed-5,AFTER,MASS,14,0,18,0,4500000,73.70473220429713,0.1315727673085689,226166848.52303243,31516904.87797624,108277528.79022585,4,0
ecuador-delayed-expansion,seed-5,AFTER,BAL,2,0,30,0,7500000,84.53202939958929,0.1960423696372217,163513001.29762408,23295584.485487908,350473290.894141,0,0
ecuador-delayed-expansion,seed-5,AFTER,JPQ,6,0,26,0,6500000,81.8155446675497,0.22652129563199175,119497963.76606181,19898146.16599548,359974295.4808645,0,0
ecuador-delayed-expansion,seed-5,AFTER,CONSV,3,0,29,0,7250000,83.88753062457218,0.1805162318658209,108576830.58017737,17698715.820342883,363139796.3904562,0,0
ecuador-delayed-expansion,seed-5,AFTER,VAP,5,0,27,0,6750000,82.65770998479216,0.3263030163582377,101307737.32623018,17124344.111350566,344617881.94937176,0,0
global-demand-boom,seed-1,BEFORE,MASS,25,0,0,7,3500000,66.1792209142592,0.10224178363088862,282962718.10254616,53322134.197004706,151018170.49846476,5,0
global-demand-boom,seed-1,BEFORE,BAL,5,0,0,27,13500000,88.33234097751411,0.18488427479895378,184758839.96263486,34891797.12383741,524706424.13638335,0,0
global-demand-boom,seed-1,BEFORE,JPQ,8,0,0,24,12000000,88.18882705077574,0.25538724429410814,127699684.07447268,29745768.670944154,530944326.7847593,0,0
global-demand-boom,seed-1,BEFORE,CONSV,6,0,0,26,13000000,90.7790861462916,0.1807527664586661,125242459.55275919,26861653.27438131,535462677.21014017,0,0
global-demand-boom,seed-1,BEFORE,VAP,7,0,1,24,12250000,88.97234248447933,0.32841468800640483,119327064.55967891,28739060.712621212,531468379.8859116,0,0
global-demand-boom,seed-1,AFTER,MASS,24,0,8,0,2000000,60.2101016221458,0.10219518601078849,283056638.9647569,53426154.14051148,152151462.4030812,5,0
global-demand-boom,seed-1,AFTER,BAL,2,0,30,0,7500000,84.53202939958929,0.18488356319114382,184758836.44388646,35143954.319639415,529542788.4225988,0,0
global-demand-boom,seed-1,AFTER,JPQ,6,0,26,0,6500000,81.8155446675497,0.2553871165414004,127699359.18864417,29995836.055186287,535338174.0527226,0,0
global-demand-boom,seed-1,AFTER,CONSV,3,0,29,0,7250000,83.88753062457218,0.1807527664586661,125242806.06930178,26612632.313204184,540085588.5510769,0,0
global-demand-boom,seed-1,AFTER,VAP,5,0,27,0,6750000,82.65770998479216,0.32841468800640483,119326869.50806671,28989336.75157635,535852364.2481166,0,0
global-demand-boom,seed-2,BEFORE,MASS,19,0,1,12,6250000,72.26885180478115,0.146080728681369,237849986.5684459,48842208.433300585,216468285.86231118,4,0
global-demand-boom,seed-2,BEFORE,BAL,5,0,0,27,13500000,88.33234097751411,0.1794333507346229,180475752.82726014,37988068.24721697,562953357.6934165,0,0
global-demand-boom,seed-2,BEFORE,JPQ,8,0,0,24,12000000,88.18882705077574,0.2318715386494954,138084444.66756436,33521661.21400039,555396760.1707813,0,0
global-demand-boom,seed-2,BEFORE,CONSV,6,0,0,26,13000000,90.7790861462916,0.18082069342724882,126946023.59076604,29813356.738219544,534772309.87224436,0,0
global-demand-boom,seed-2,BEFORE,VAP,7,0,0,25,12500000,89.21642326611783,0.32833467009539247,119088670.30549909,29936214.09592226,535514639.4757097,0,0
global-demand-boom,seed-2,AFTER,MASS,19,0,13,0,3250000,64.66905753086345,0.1366784391631717,238795673.83235702,53515441.5521985,265369033.6176753,4,0
global-demand-boom,seed-2,AFTER,BAL,2,0,30,0,7500000,84.53202939958929,0.17957635529090685,180584438.32253963,39000064.08319026,568702899.9915255,0,0
global-demand-boom,seed-2,AFTER,JPQ,6,0,26,0,6500000,81.8155446675497,0.23186816880017946,138099629.5848986,34133637.66459429,560214374.3759444,0,0
global-demand-boom,seed-2,AFTER,CONSV,3,0,29,0,7250000,83.88753062457218,0.18082277669864985,127001385.6269149,29959055.14871742,539797378.2109896,0,0
global-demand-boom,seed-2,AFTER,VAP,5,0,27,0,6750000,82.65770998479216,0.32832905944272583,119119028.703714,30456906.711313188,540341159.4304509,0,0
global-demand-boom,seed-3,BEFORE,MASS,15,0,1,16,8250000,80.28691185874364,0.14266396462153605,232198750.5822804,35718263.52001214,298121570.09209126,4,0
global-demand-boom,seed-3,BEFORE,BAL,5,0,0,27,13500000,88.33234097751411,0.20177247114271943,209111503.11570677,42300801.711565435,527530128.01139206,0,0
global-demand-boom,seed-3,BEFORE,JPQ,8,0,0,24,12000000,88.18882705077574,0.38211851449780604,150421890.97302568,35885164.12299955,504450101.0239674,0,0
global-demand-boom,seed-3,BEFORE,CONSV,6,0,0,26,13000000,90.7790861462916,0.18103962869245022,126845185.2247884,29241613.731633246,528369889.0279013,0,0
global-demand-boom,seed-3,BEFORE,VAP,8,0,0,24,12000000,88.24688431774044,0.3204038470548078,117586853.2041977,29290121.770765483,527539385.5317091,0,0
global-demand-boom,seed-3,AFTER,MASS,15,0,17,0,4250000,69.67328839710008,0.14312197946002073,232198696.85028797,35332639.44173244,302005998.56352603,4,0
global-demand-boom,seed-3,AFTER,BAL,2,0,30,0,7500000,84.53202939958929,0.20177241512383168,209111667.947368,42574249.01414728,532405988.65598464,0,0
global-demand-boom,seed-3,AFTER,JPQ,6,0,26,0,6500000,81.8155446675497,0.38211813252310506,150422097.42869285,36142265.96309857,508875874.3930455,0,0
global-demand-boom,seed-3,AFTER,CONSV,3,0,29,0,7250000,83.88753062457218,0.18103962869245022,126845281.2840141,29000951.832116634,533023263.6288127,0,0
global-demand-boom,seed-3,AFTER,VAP,6,0,26,0,6500000,81.89276795326104,0.3204038470548078,117586507.45591864,29547135.878564,531963245.5893275,0,0
global-demand-boom,seed-4,BEFORE,MASS,17,0,0,15,7500000,76.84841173283628,0.14604614701627844,241549219.17919895,39742601.971357346,290545321.7449805,5,0
global-demand-boom,seed-4,BEFORE,BAL,6,0,0,26,13000000,90.62940865649753,0.20232687838440372,202685832.18584132,38326305.124786854,526256455.5189839,0,0
global-demand-boom,seed-4,BEFORE,JPQ,8,0,0,24,12000000,88.18882705077574,0.3575674164634907,152754692.2685211,35844315.446196735,492160973.52384025,0,0
global-demand-boom,seed-4,BEFORE,CONSV,6,0,0,26,13000000,90.7790861462916,0.18076097899372465,124558634.87175149,27039082.510994688,523332117.23859054,0,0
global-demand-boom,seed-4,BEFORE,VAP,8,0,0,24,12000000,88.31258969004088,0.32841160967325744,117944880.71329202,28045525.22694628,517833681.89846915,0,0
global-demand-boom,seed-4,AFTER,MASS,18,0,14,0,3500000,65.93633777013737,0.1546299810984165,222623799.32752702,30301020.59310484,295188780.20498526,5,0
global-demand-boom,seed-4,AFTER,BAL,3,0,29,0,7250000,83.68111239107567,0.2022741876668017,204908798.21007776,38876888.71116418,529915137.6314374,0,0
global-demand-boom,seed-4,AFTER,JPQ,6,0,26,0,6500000,81.8155446675497,0.35755157584223807,152801880.00260723,35838928.935490444,495488983.73714584,0,0
global-demand-boom,seed-4,AFTER,CONSV,3,0,29,0,7250000,83.88753062457218,0.18076076091337812,124570218.37119061,27041453.495986983,529698469.9469154,0,0
global-demand-boom,seed-4,AFTER,VAP,6,0,26,0,6500000,81.9801641570991,0.328412515059369,118028893.44580518,28356221.717386395,522494948.8466199,0,0
global-demand-boom,seed-5,BEFORE,MASS,20,0,0,12,6000000,70.88327013207669,0.15437471067077876,213953826.6017035,34064990.130866975,300085573.1055211,5,0
global-demand-boom,seed-5,BEFORE,BAL,6,0,0,26,13000000,90.62940865649753,0.1792787334875921,207832898.88380212,39362428.81465906,531241458.0119525,0,0
global-demand-boom,seed-5,BEFORE,JPQ,8,0,0,24,12000000,88.18882705077574,0.22606741931255825,137232083.61199263,30510860.372182384,544584311.6465149,0,0
global-demand-boom,seed-5,BEFORE,CONSV,6,0,0,26,13000000,90.7790861462916,0.18069709616332166,124192534.69892478,27263377.460840017,532816703.45735747,0,0
global-demand-boom,seed-5,BEFORE,VAP,7,0,0,25,12500000,89.21642326611783,0.32833810897729193,119091357.21437146,30166900.261156276,532867530.6337083,0,0
global-demand-boom,seed-5,AFTER,MASS,16,0,16,0,4000000,67.21225864622285,0.13361398352932927,232045706.91293034,43303710.839328825,317787870.23134184,5,0
global-demand-boom,seed-5,AFTER,BAL,3,0,29,0,7250000,83.68111239107567,0.1734198903333967,194318356.42820692,40403282.743524104,542736885.896333,0,0
global-demand-boom,seed-5,AFTER,JPQ,6,0,26,0,6500000,81.8155446675497,0.22605991182327106,137146988.08978483,31022120.3056328,548139718.3007755,0,0
global-demand-boom,seed-5,AFTER,CONSV,3,0,29,0,7250000,83.88753062457218,0.18068633655213429,124230499.74771215,27137653.387960896,535140869.05760205,0,0
global-demand-boom,seed-5,AFTER,VAP,5,0,27,0,6750000,82.65770998479216,0.32834462495107575,118919350.32043149,29808052.43099551,533592286.1661375,0,0
global-disease-crisis,seed-1,BEFORE,MASS,20,0,0,12,6000000,74.26506224941905,0.10876262471851757,218359682.32120255,37140517.95883104,99592670.82427992,5,0
global-disease-crisis,seed-1,BEFORE,BAL,5,0,0,27,13500000,88.33234097751411,0.2022096571888519,162100678.50054318,24941471.65151988,464122550.20745414,0,0
global-disease-crisis,seed-1,BEFORE,JPQ,7,1,0,24,12100000,88.30322580293227,0.2474886412893117,116108724.88377823,23046966.842086747,440221471.73758584,0,0
global-disease-crisis,seed-1,BEFORE,CONSV,6,0,0,26,13000000,90.7790861462916,0.18061767838125664,117730524.34442677,23351930.56929362,440194531.6851816,0,0
global-disease-crisis,seed-1,BEFORE,VAP,7,0,0,25,12500000,89.21642326611783,0.3187324899468921,108028547.38789469,21474607.371075794,437989485.3113481,0,0
global-disease-crisis,seed-1,AFTER,MASS,21,0,11,0,2750000,62.06569513333219,0.10169134121607974,206644284.704554,36386731.6637736,119455136.15885709,5,0
global-disease-crisis,seed-1,AFTER,BAL,2,0,30,0,7500000,84.53202939958929,0.20219380676779897,162134662.89074206,25214119.08585483,468690235.6560919,0,0
global-disease-crisis,seed-1,AFTER,JPQ,5,0,27,0,6750000,82.45164162923366,0.24748338398682151,116088963.13393265,23286773.85596682,444343002.4919545,0,0
global-disease-crisis,seed-1,AFTER,CONSV,3,0,29,0,7250000,83.88753062457218,0.18061403655058883,117761392.4251947,23145553.807581067,444572961.3154966,0,0
global-disease-crisis,seed-1,AFTER,VAP,5,0,27,0,6750000,82.65770998479216,0.31871179872784494,108041181.47551008,21784313.327457845,442462346.4952988,0,0
global-disease-crisis,seed-2,BEFORE,MASS,18,0,0,14,7000000,77.48299542236673,0.08598072427544698,227481351.21672598,35836111.48215014,151541325.4919564,5,0
global-disease-crisis,seed-2,BEFORE,BAL,5,0,0,27,13500000,88.33234097751411,0.1991806348659745,184673627.26482084,39674183.90621853,450789597.03240037,0,0
global-disease-crisis,seed-2,BEFORE,JPQ,8,0,0,24,12000000,88.18882705077574,0.2245514366964378,126186791.71334542,26681572.679966018,459893951.0789372,0,0
global-disease-crisis,seed-2,BEFORE,CONSV,6,0,0,26,13000000,90.7790861462916,0.18071305659744374,118804857.55996935,25070804.13627051,439085775.55820423,0,0
global-disease-crisis,seed-2,BEFORE,VAP,7,0,0,25,12500000,89.21642326611783,0.3181513300407484,107630355.26806301,21888239.13272682,439921794.0952785,0,0
global-disease-crisis,seed-2,AFTER,MASS,19,0,13,0,3250000,65.09185610200116,0.08588301729557449,227600520.6614739,35688903.38615027,154618459.76060793,5,0
global-disease-crisis,seed-2,AFTER,BAL,2,0,30,0,7500000,84.53202939958929,0.19301303207510145,200290477.44290587,42897688.93710151,441785849.69370794,0,0
global-disease-crisis,seed-2,AFTER,JPQ,6,0,26,0,6500000,81.8155446675497,0.22450734927810004,126230839.85143754,26785790.95677291,464121550.18728256,0,0
global-disease-crisis,seed-2,AFTER,CONSV,4,0,28,0,7000000,83.00115874070383,0.17172524757998547,118639104.46096256,24673587.685321108,451161416.0525125,0,0
global-disease-crisis,seed-2,AFTER,VAP,5,0,27,0,6750000,82.65770998479216,0.31821372243461227,107481665.2970885,21918511.080055088,444789179.83079463,0,0
global-disease-crisis,seed-3,BEFORE,MASS,22,0,0,10,5000000,72.34140295218717,0.08727969901581581,184351519.22983438,30366321.627859145,189687677.42230448,5,0
global-disease-crisis,seed-3,BEFORE,BAL,6,0,0,26,13000000,90.62940865649753,0.19820193432765085,195012918.36025774,38833864.865619004,425552607.5003936,0,0
global-disease-crisis,seed-3,BEFORE,JPQ,8,0,0,24,12000000,88.18882705077574,0.3645741872381253,137476976.87485245,25876385.30035205,408701105.3266108,0,0
global-disease-crisis,seed-3,BEFORE,CONSV,6,0,0,26,13000000,90.7790861462916,0.18343509004355255,118551641.92759815,24474791.964715168,431144143.7505594,0,0
global-disease-crisis,seed-3,BEFORE,VAP,8,0,1,23,11750000,87.71241815993852,0.3238833755991732,106074329.47286773,21467838.81139414,432805651.9210859,0,0
global-disease-crisis,seed-3,AFTER,MASS,20,0,12,0,3000000,65.57734142900485,0.10739468350621942,201825374.1187654,38629472.97631547,205664663.70259088,5,0
global-disease-crisis,seed-3,AFTER,BAL,3,0,29,0,7250000,83.52827148545965,0.19000072006336557,195059147.80781993,36240696.575385004,458942898.6826671,0,0
global-disease-crisis,seed-3,AFTER,JPQ,6,0,26,0,6500000,81.8155446675497,0.3645486163735789,137212986.07333955,26025474.89504756,412873198.5625908,0,0
global-disease-crisis,seed-3,AFTER,CONSV,3,0,29,0,7250000,83.88753062457218,0.18063651156217297,118795003.56147887,24143019.201173738,436490737.0621872,0,0
global-disease-crisis,seed-3,AFTER,VAP,6,0,26,0,6500000,81.79695936425254,0.32384266005681206,106177155.99258776,21876071.41502063,436490552.10055363,0,0
global-disease-crisis,seed-4,BEFORE,MASS,19,0,0,13,6500000,77.1203472604937,0.13971037233173156,203032462.40289378,34287011.0954631,200851681.87482366,5,0
global-disease-crisis,seed-4,BEFORE,BAL,5,0,0,27,13500000,88.33234097751411,0.2057075519005115,162034579.9994851,27275495.750692785,461474109.44812685,0,0
global-disease-crisis,seed-4,BEFORE,JPQ,8,0,0,24,12000000,88.18882705077574,0.37124197697360206,135007795.96807885,25634967.459432438,410840368.118391,0,0
global-disease-crisis,seed-4,BEFORE,CONSV,6,0,0,26,13000000,90.7790861462916,0.18311198575955043,116549021.66882062,23008777.94167097,431913052.5355807,0,0
global-disease-crisis,seed-4,BEFORE,VAP,7,0,1,24,12250000,88.97234248447933,0.32301886877326824,105799683.99451272,21320286.18907632,425000250.9324218,0,0
global-disease-crisis,seed-4,AFTER,MASS,17,0,15,0,3750000,69.85865444459864,0.08372727605935402,192927023.83389935,29831042.125589877,173621985.4137717,4,0
global-disease-crisis,seed-4,AFTER,BAL,2,0,30,0,7500000,84.53202939958929,0.2057904302368034,161980498.0233516,27413928.371694386,466074777.97638255,0,0
global-disease-crisis,seed-4,AFTER,JPQ,6,0,26,0,6500000,81.8155446675497,0.37121694548705536,134765876.47734487,25444131.59041059,414764521.2605156,0,0
global-disease-crisis,seed-4,AFTER,CONSV,3,0,29,0,7250000,83.88753062457218,0.1831104098683975,116523504.4602835,22590458.9031616,436266070.27045596,0,0
global-disease-crisis,seed-4,AFTER,VAP,5,0,27,0,6750000,82.65770998479216,0.3230364878786106,105792016.0827395,21457071.535447016,428844514.1812845,0,0
global-disease-crisis,seed-5,BEFORE,MASS,17,0,0,15,7500000,81.79338457071648,0.16015461868577394,225523900.22791794,33349732.346945614,190777138.34502423,4,0
global-disease-crisis,seed-5,BEFORE,BAL,6,0,0,26,13000000,90.62940865649753,0.1991924939749972,162472642.52892584,28744057.558986887,444875826.6884787,0,0
global-disease-crisis,seed-5,BEFORE,JPQ,8,0,0,24,12000000,88.18882705077574,0.21891081566937562,126335035.98193139,24372542.24443181,446284813.818114,0,0
global-disease-crisis,seed-5,BEFORE,CONSV,6,0,0,26,13000000,90.7790861462916,0.1831230177571662,116230505.15750867,22828306.758734956,437735398.10459083,0,0
global-disease-crisis,seed-5,BEFORE,VAP,7,0,0,25,12500000,89.21642326611783,0.3182738467266852,106968128.54675408,21041859.358329132,434634412.8366968,0,0
global-disease-crisis,seed-5,AFTER,MASS,17,0,15,0,3750000,69.85865444459864,0.08246631187356177,223191076.3076461,29784166.22591299,195573314.48245576,4,0
global-disease-crisis,seed-5,AFTER,BAL,3,0,29,0,7250000,83.68111239107567,0.20144608715255435,183786663.8437904,33118549.54271272,426437010.82450557,0,0
global-disease-crisis,seed-5,AFTER,JPQ,6,0,26,0,6500000,81.8155446675497,0.21900387654308834,126304237.7824261,24203325.866594613,450011075.8833939,0,0
global-disease-crisis,seed-5,AFTER,CONSV,3,0,29,0,7250000,83.88753062457218,0.18311645093179105,116206190.90715927,22355250.54422988,440323640.48869795,0,0
global-disease-crisis,seed-5,AFTER,VAP,5,0,27,0,6750000,82.65770998479216,0.31828530994713283,106904274.7369765,21076277.44659832,440030478.7959273,0,0
