scenario,seed,mode,companyId,managementProfileId,orientationProfileId,qualityEquipConsideredCount,qualityEquipLowNeedCount,qualityEquipProposedCount,qualityEquipCompletedCount,qualityEquipRejectedCount,qualityEquipFinanceBlockedCount,targetFactoryCount,targetFactories,totalInvestmentUsd,firstProposedTurn,firstCompletedTurn,avgQualityNeedScore,avgOperationalRisk,downgradeTonsCumulative,reworkTonsCumulative,disposalTonsCumulative,majorIncidentCount,endingQualityScoreAvg,endingCustomerTrustAvg,vapProductionShare,pdMechanizationPaidUsd,vapProductDevelopmentSpendCumulativeUsd,qualityEquipmentPaidUsd,lineCapexPaidUsd,newFactoryPaidUsd,totalCapexPaidUsd,endingRevenueCumulative,endingOperatingProfitCumulative,endingCash,endingDebt,liquidityStressQuarters,severeDistressQuarters
baseline,seed-1,OFF,MASS,OFF,OFF,31,29,0,0,0,2,0,,0,-1,-1,0,0.4799303111939641,6415.59,3564.249999999999,5724.3,2,70.41666666666667,50,0.17127969391806191,0,5500000,0,35100000,22000000,57100000,2682284644.757087,281939480.19189507,64916774.74495292,14677890.319113895,6,0
baseline,seed-1,OFF,BAL,OFF,OFF,14,13,1,1,0,0,1,BAL-F1,1200000,15,16,0.4076768849023287,0.4728279118210555,6528.12,3626.7599999999993,5600.8,1,73.42,79.724,0.18347841361528705,2500000,12500000,1200000,43000000,22000000,68700000,3596540199.119333,631765713.267113,283534333.03790873,0,0,0
baseline,seed-1,OFF,JPQ,OFF,OFF,2,1,1,1,0,0,1,JPQ-F1,1200000,3,4,0.4567772295171858,0.4805922054173703,5170.890000000001,2872.7100000000005,3708.8199999999983,1,74.97000000000001,81.90599999999999,0.18928658017174288,2500000,13000000,1200000,20000000,0,23700000,3450717867.0076566,614868948.0924224,361079612.4044244,0,0,0
baseline,seed-1,OFF,CONSV,OFF,OFF,14,11,1,1,0,2,1,CONSV-F1,1200000,15,16,0.4060499797581069,0.4835993032323907,6317.850000000001,3509.8999999999996,4237.849999999999,1,73.99333333333333,81.53200000000001,0.15423073386139735,0,12000000,1200000,25100000,0,26300000,3263715675.563497,566896387.9552662,346340142.0778032,0,0,0
baseline,seed-1,OFF,VAP,OFF,OFF,31,31,0,0,0,0,0,,0,-1,-1,0,0.4764121907716115,6000.52,3333.629999999999,3997.44,0,70.83333333333333,80.298,0.2954644942571797,0,12000000,0,0,0,0,2698674192.2202077,459647627.93167645,317284548.4934461,0,0,0
baseline,seed-1,ON,MASS,growth,chinaVolume,31,28,0,0,0,3,0,,0,-1,-1,0,0.4923955992000991,6991.090000000002,3883.87,7101.290000000001,3,69.10333333333334,46.262,0.15657650790654226,0,4500000,0,16000000,22000000,38000000,2753617197.2965207,296661883.7249945,24099858.079414282,61254760.55634109,5,0
baseline,seed-1,ON,BAL,balanced,balancedGeneralist,14,13,1,1,0,0,1,BAL-F1,1200000,15,16,0.41894701675323065,0.47540549076749533,6971.019999999996,3872.809999999999,6091.780000000002,1,73.35000000000001,74.35799999999999,0.16926177559925532,2500000,12000000,1200000,52000000,22000000,77700000,3740791322.606566,634384308.6450597,275291673.90345657,0,0,0
baseline,seed-1,ON,JPQ,opportunistic,japanQuality,2,0,1,1,0,1,1,JPQ-F1,1200000,3,4,0.45681281429437764,0.48365511007285444,4459.889999999999,2477.71,3314.3600000000015,1,74.81666666666666,73.50399999999999,0.2511499281823999,2500000,12100000,1200000,50700000,22000000,76400000,3032126358.908482,550162382.7892529,314041587.66346824,0,0,0
baseline,seed-1,ON,CONSV,conservative,europePdConservative,2,0,1,1,0,1,1,CONSV-F1,1200000,3,4,0.28890929385929914,0.48587992248883227,4632.1,2573.3699999999994,3083.7500000000005,0,74.85666666666667,69.59,0.19192107831611446,2500000,13000000,1200000,49200000,0,52900000,3047170688.6239953,545896428.828195,335592464.9745337,0,0,0
baseline,seed-1,ON,VAP,valueAdded,usProcessedGrowth,6,0,1,1,0,5,1,VAP-F1,1200000,7,8,0.288115228582403,0.47208053195939387,4226.809999999999,2348.1800000000003,2825.18,0,74.67999999999999,66.05600000000001,0.3204531702733302,2500000,12500000,1200000,50700000,0,54400000,2848702218.6166725,505939963.17809105,313932830.6408584,0,0,0
baseline,seed-2,OFF,MASS,OFF,OFF,4,3,1,0,0,0,1,MASS-F1,1200000,5,-1,0.400548128584723,0.4764822502353269,7269.5599999999995,4038.6399999999994,7106.75,4,69.55666666666666,78.172,0.16693830034539384,0,8350000,720000,47000000,22000000,69720000,3084404218.628313,395664434.63185453,46663770.714960024,0,5,0
baseline,seed-2,OFF,BAL,OFF,OFF,3,2,1,1,0,0,1,BAL-F1,1200000,4,5,0.4335094113641763,0.47477118204078816,5584.029999999999,3102.2099999999996,4669.05,2,74.53333333333333,77.284,0.17263812675405057,2500000,12000000,1200000,48000000,22000000,73700000,3720110365.855143,643856846.9543461,286607787.448881,0,0,0
baseline,seed-2,OFF,JPQ,OFF,OFF,31,29,0,0,0,2,0,,0,-1,-1,0,0.4815982087702408,8072.099999999999,4484.499999999999,5950.279999999999,1,70.74333333333334,79.90599999999999,0.18931091847392947,2500000,13000000,0,30700000,0,33200000,3453972785.6996408,608245395.3118197,345949226.69946164,0,0,0
baseline,seed-2,OFF,CONSV,OFF,OFF,3,2,1,1,0,0,1,CONSV-F1,1200000,4,5,0.3089108827705316,0.49055542188471596,4940.450000000001,2744.7000000000003,3335.0299999999997,1,74.83333333333333,81.91,0.16468355442015828,0,13000000,1200000,22300000,0,23500000,3104153615.9211464,541255650.5261004,327872311.2404699,0,0,0
baseline,seed-2,OFF,VAP,OFF,OFF,23,22,1,1,0,0,1,VAP-F1,1200000,24,25,0.44260726501479664,0.47662909423368316,5576.860000000001,3098.269999999999,4312.210000000001,1,71.17666666666666,77.96,0.2953133067423181,0,12000000,1200000,0,0,1200000,2704481589.0654016,464278828.9435382,318664958.68622243,0,0,0
baseline,seed-2,ON,MASS,growth,chinaVolume,4,3,1,0,0,0,1,MASS-F1,1200000,5,-1,0.40081498479188393,0.481457341504875,7333.5999999999985,4074.2000000000003,7069.8200000000015,4,69.25999999999999,44.059999999999995,0.14694298800256045,0,6000000,720000,34000000,22000000,56720000,2998492388.8811293,349196185.3027004,30532216.33065387,37148435.45820096,5,0
baseline,seed-2,ON,BAL,balanced,balancedGeneralist,3,2,1,1,0,0,1,BAL-F1,1200000,4,5,0.43432995776472294,0.47481394069538246,5586.65,3103.6599999999994,4677.54,2,74.53333333333333,77.34400000000001,0.1728839047580676,2500000,12000000,1200000,48000000,22000000,73700000,3719810362.5466285,644182653.6610572,287638542.06161565,0,0,0
baseline,seed-2,ON,JPQ,opportunistic,japanQuality,2,0,1,1,0,1,1,JPQ-F1,1200000,3,4,0.3001696459669189,0.4862515655275231,4777.570000000001,2654.1999999999994,3679.119999999999,1,74.67333333333333,74.19,0.23449201603737807,2500000,12000000,1200000,46700000,0,50400000,3209430659.6607733,580218399.6734611,341123396.139577,0,0,0
baseline,seed-2,ON,CONSV,conservative,europePdConservative,2,0,1,1,0,1,1,CONSV-F1,1200000,3,4,0.28890929385929914,0.4858422140494494,4633.140000000001,2573.92,3133.9499999999994,1,74.84666666666666,69.65,0.1915258217959955,2500000,13000000,1200000,49200000,0,52900000,3054741350.949575,550206828.7771292,336996758.1607956,0,0,0
baseline,seed-2,ON,VAP,valueAdded,usProcessedGrowth,4,0,1,1,0,3,1,VAP-F1,1200000,5,6,0.2871083958591349,0.47208270591959606,4072.35,2262.4200000000005,2723.7,0,74.84666666666665,66.074,0.3204570928627404,2500000,12500000,1200000,50700000,0,54400000,2855469755.903972,512324777.2616662,318727528.0137187,0,0,0
baseline,seed-3,OFF,MASS,OFF,OFF,31,31,0,0,0,0,0,,0,-1,-1,0,0.4736130234327259,7137.94,3965.47,4765.61,0,70.66666666666667,73.29400000000001,0.16473821361151803,0,8000000,0,34000000,22000000,56000000,3059445766.8152194,380257580.9979991,44398777.45571179,18174875.112427123,5,0
baseline,seed-3,OFF,BAL,OFF,OFF,31,31,0,0,0,0,0,,0,-1,-1,0,0.4746246593318593,8586.430000000002,4770.200000000001,5725.270000000001,0,70.56,74.362,0.17354502630745622,2500000,12000000,0,53000000,22000000,77500000,3680250532.663884,618371489.3068423,261560245.09728813,0,0,0
baseline,seed-3,OFF,JPQ,OFF,OFF,2,1,1,1,0,0,1,JPQ-F1,1200000,3,4,0.30193230838002105,0.483982272420182,5205.160000000001,2891.7600000000007,3464.27,0,74.95333333333333,81.96600000000001,0.19490626082109205,2500000,13000000,1200000,26000000,0,29700000,3442419679.460011,607072625.1299336,346531511.2869013,0,0,0
baseline,seed-3,OFF,CONSV,OFF,OFF,8,5,1,1,0,2,1,CONSV-F1,1200000,9,10,0.4271599299651048,0.48645955095188986,5706.210000000001,3170.13,4832.820000000001,2,74.08,81.336,0.1556247902095818,0,12000000,1200000,22300000,0,23500000,3233427612.1055036,550433969.0376005,334896595.7542645,0,0,0
baseline,seed-3,OFF,VAP,OFF,OFF,10,8,1,1,0,1,1,VAP-F1,1200000,11,12,0.4420448988252219,0.4809661817300915,5665.569999999998,3147.4900000000002,5031.390000000001,2,73.92,81.106,0.2294139317130047,0,11500000,1200000,52500000,0,53700000,3401086501.195685,564691164.6690941,305763902.831905,0,0,0
baseline,seed-3,ON,MASS,growth,chinaVolume,31,31,0,0,0,0,0,,0,-1,-1,0,0.5019212267619502,7530.289999999999,4183.46,5018.61,0,68.54666666666667,39.721999999999994,0.1529166726291665,0,4500000,0,8000000,22000000,30000000,2865519797.6411934,310705420.11178315,33114767.911877126,59066851.54427787,4,0
baseline,seed-3,ON,BAL,balanced,balancedGeneralist,31,31,0,0,0,0,0,,0,-1,-1,0,0.47464196030033406,8588.380000000003,4771.34,5725.680000000002,0,70.55333333333334,76.008,0.1738442551670361,2500000,12000000,0,53000000,22000000,77500000,3679665905.179174,627963631.547264,270425954.5984499,0,0,0
baseline,seed-3,ON,JPQ,opportunistic,japanQuality,2,0,1,1,0,1,1,JPQ-F1,1200000,3,4,0.3001696459669189,0.4801505514491438,4343.450000000001,2412.9399999999996,2897.5599999999995,0,74.95666666666666,73.61,0.2566190606321384,2500000,12000000,1200000,40000000,22000000,65700000,2985554963.918422,538042222.1692754,293895173.88338155,0,0,0
baseline,seed-3,ON,CONSV,conservative,europePdConservative,2,0,1,1,0,1,1,CONSV-F1,1200000,3,4,0.28890929385929914,0.4851878198883378,4624.33,2569.1100000000006,3581.0000000000005,1,74.72666666666667,69.44000000000001,0.19115521458324305,2500000,13000000,1200000,49200000,0,52900000,3040457252.6191425,542228725.3475926,331091264.8584804,0,0,0
baseline,seed-3,ON,VAP,valueAdded,usProcessedGrowth,4,0,1,1,0,3,1,VAP-F1,1200000,5,6,0.2866806124019363,0.4727119331737631,4076.9399999999996,2264.95,3688.3000000000015,2,74.49000000000001,65.772,0.317579193687807,2500000,12250000,1200000,49200000,0,52900000,2830613899.649372,499092399.8502362,310203946.3296713,0,0,0
baseline,seed-4,OFF,MASS,OFF,OFF,31,31,0,0,0,0,0,,0,-1,-1,0,0.4864144290234812,7383.159999999999,4101.749999999999,4925.36,0,69.57333333333334,71.354,0.1651286190963062,0,7000000,0,34000000,22000000,56000000,2996440126.362128,367948643.0190492,37128043.71952644,26346429.278728724,5,0
baseline,seed-4,OFF,BAL,OFF,OFF,31,30,1,0,1,0,1,BAL-F1,1200000,25,-1,0.40566039545311794,0.4759206786891613,8851.600000000002,4917.609999999999,6450.31,1,69.32333333333334,70.93999999999998,0.17160210031380319,2500000,12000000,0,53000000,22000000,77500000,3754364069.286856,623939279.4818254,271875567.10644704,0,0,0
baseline,seed-4,OFF,JPQ,OFF,OFF,2,1,1,1,0,0,1,JPQ-F1,1200000,3,4,0.30193230838002105,0.48225156211425446,5176.6900000000005,2875.92,3444.3100000000004,0,74.97000000000001,81.97800000000001,0.19479637570670882,2500000,13000000,1200000,26000000,0,29700000,3429255896.847802,604914813.4434882,347543453.72837967,0,0,0
baseline,seed-4,OFF,CONSV,OFF,OFF,31,29,0,0,0,2,0,,0,-1,-1,0,0.48347633972732623,7851.54,4361.9,5224.85,0,71,80.308,0.15416343577558167,0,12000000,0,25100000,0,25100000,3244116110.533397,550773147.7599282,335755590.3260023,0,0,0
baseline,seed-4,OFF,VAP,OFF,OFF,9,7,1,1,0,1,1,VAP-F1,1200000,10,11,0.4392926856120857,0.476651396770154,4484.770000000001,2491.5699999999997,4584.29,4,73.86,81.008,0.2949309728980405,0,12000000,1200000,0,0,1200000,2684042792.54513,447849471.97962713,307965252.4423071,0,0,0
baseline,seed-4,ON,MASS,growth,chinaVolume,31,31,0,0,0,0,0,,0,-1,-1,0,0.482257262267915,7237.049999999998,4020.5699999999993,4833.139999999999,0,70.23666666666666,43.178000000000004,0.153832907870074,0,6500000,0,16000000,22000000,38000000,2951527955.8614073,341408750.3835522,27985716.263374127,31332960.066820715,4,0
baseline,seed-4,ON,BAL,balanced,balancedGeneralist,24,23,1,1,0,0,1,BAL-F1,1200000,25,26,0.4199780444202042,0.47481428797654796,8042.690000000002,4468.170000000001,5962.630000000001,1,70.86333333333333,77.90799999999999,0.18165203804264293,2500000,13000000,1200000,48000000,22000000,73700000,3694905665.8654385,638915323.1126024,349438175.0655146,0,0,0
baseline,seed-4,ON,JPQ,opportunistic,japanQuality,2,0,1,1,0,1,1,JPQ-F1,1200000,3,4,0.3001696459669189,0.4804371591111638,4341.5599999999995,2411.9100000000003,2896.2499999999995,0,74.95,73.56800000000001,0.2554522754042839,2500000,12000000,1200000,40000000,22000000,65700000,2970918448.5410895,532509535.24711317,291420188.2728356,0,0,0
baseline,seed-4,ON,CONSV,conservative,europePdConservative,2,0,1,1,0,1,1,CONSV-F1,1200000,3,4,0.28890929385929914,0.4858930983109364,4632.02,2573.2999999999997,3083.1799999999994,0,74.85000000000001,69.47,0.19185886385526732,2500000,13000000,1200000,49200000,0,52900000,3032404005.838446,537982410.9805487,329769882.03316724,0,0,0
baseline,seed-4,ON,VAP,valueAdded,usProcessedGrowth,6,0,1,1,0,5,1,VAP-F1,1200000,7,8,0.2882717062587975,0.47264591230124897,4220.65,2344.76,3907.219999999999,3,74.24,65.812,0.31631619171275,2500000,12250000,1200000,49200000,0,52900000,2814961663.994247,490228097.88251686,303380715.70647466,0,0,0
baseline,seed-5,OFF,MASS,OFF,OFF,26,25,1,1,0,0,1,MASS-F1,1200000,27,28,0.3966189984543778,0.4784368166920131,7009.4299999999985,3894.109999999999,4978.959999999999,1,70.41000000000001,72.808,0.16393477546790738,0,8000000,1200000,34000000,22000000,57200000,3084958439.04695,392726508.3631371,44446978.14823518,11234809.546703324,4,0
baseline,seed-5,OFF,BAL,OFF,OFF,6,5,1,1,0,0,1,BAL-F1,1200000,7,8,0.42908394861895327,0.4721188290424057,5647.32,3137.4,4701.66,2,73.09333333333335,77.38,0.1831699546873222,2500000,12500000,1200000,43000000,22000000,68700000,3591124634.1621566,627352107.0316173,285730623.69752,0,0,0
baseline,seed-5,OFF,JPQ,OFF,OFF,26,23,1,1,0,2,1,JPQ-F1,1200000,27,28,0.40719067405355486,0.48679264816770856,8059.6100000000015,4477.5,5973.56,1,70.93333333333334,79.782,0.18749752706421152,2500000,12500000,1200000,54000000,0,57700000,3540507875.030635,604734874.8101218,363831747.51679516,0,0,0
baseline,seed-5,OFF,CONSV,OFF,OFF,3,2,1,1,0,0,1,CONSV-F1,1200000,4,5,0.3089108827705316,0.4892019114414709,4919.22,2732.8700000000003,3271.2599999999998,0,74.88333333333333,81.94,0.16466379818563484,0,13000000,1200000,22300000,0,23500000,3093788310.170845,532907921.204715,326849401.8273819,0,0,0
baseline,seed-5,OFF,VAP,OFF,OFF,27,26,1,1,0,0,1,VAP-F1,1200000,28,29,0.43967419442344857,0.4765030092091214,5888.250000000001,3271.2799999999997,4368.75,1,69.73666666666666,76.986,0.2955359402030331,0,12000000,1200000,0,0,1200000,2693818297.851136,455215959.5978137,315498490.2402894,0,0,0
baseline,seed-5,ON,MASS,growth,chinaVolume,26,25,1,1,0,0,1,MASS-F1,1200000,27,28,0.4084169821770176,0.4995964063863973,7017.599999999999,3898.649999999999,5693.76,3,66.27333333333333,41.39399999999999,0.15763451069567466,0,7000000,1200000,18000000,22000000,41200000,2832230293.215586,308192772.25781864,23816591.1049025,56121993.18017478,4,0
baseline,seed-5,ON,BAL,balanced,balancedGeneralist,6,5,1,1,0,0,1,BAL-F1,1200000,7,8,0.4289551777351165,0.4722939981991843,5650.87,3139.3699999999994,4721.1799999999985,2,73.08666666666667,80.04800000000002,0.18359216808063156,2500000,12500000,1200000,43000000,22000000,68700000,3590426036.0506387,631269719.3819094,289239910.64087814,0,0,0
baseline,seed-5,ON,JPQ,opportunistic,japanQuality,2,0,1,1,0,1,1,JPQ-F1,1200000,3,4,0.3001696459669189,0.4868681204923625,4788.070000000001,2660.0099999999993,3925.3599999999997,1,74.24666666666667,73.396,0.23473341173830106,2500000,12000000,1200000,54700000,0,58400000,3203039636.2104974,571020081.6531513,329531304.84580797,0,0,0
baseline,seed-5,ON,CONSV,conservative,europePdConservative,2,0,1,1,0,1,1,CONSV-F1,1200000,3,4,0.28890929385929914,0.4846236311956305,4592.14,2551.22,3053.3500000000004,0,74.91000000000001,69.90800000000002,0.19250172032462484,2500000,13000000,1200000,49200000,0,52900000,3030620711.418141,543675254.253235,335497964.5919243,0,0,0
baseline,seed-5,ON,VAP,valueAdded,usProcessedGrowth,4,0,1,1,0,3,1,VAP-F1,1200000,5,6,0.28694606417423046,0.47206784946935026,4073.869999999999,2263.1800000000003,2724.8099999999995,0,74.84666666666665,65.94200000000001,0.3203577356152147,2500000,12500000,1200000,50700000,0,54400000,2845480062.387061,503760909.4510947,313944628.86337334,0,0,0
ecuador-early-expansion,seed-1,OFF,MASS,OFF,OFF,31,29,0,0,0,2,0,,0,-1,-1,0,0.4788990245926125,6543.710000000001,3635.39,5820.690000000001,2,70.45666666666666,61.105999999999995,0.16934146600986513,0,5500000,0,40000000,22000000,62000000,2590862075.04056,223509639.19618016,54059291.567209095,12100645.423329823,6,0
ecuador-early-expansion,seed-1,OFF,BAL,OFF,OFF,14,13,1,1,0,0,1,BAL-F1,1200000,15,16,0.4224989016424817,0.47275891300132883,6515.780000000001,3619.9,5579.080000000001,1,73.41000000000001,78.7,0.1826947150053295,2500000,12500000,1200000,43000000,22000000,68700000,3383189278.9732327,516811747.6392354,221691580.21315923,0,0,0
ecuador-early-expansion,seed-1,OFF,JPQ,OFF,OFF,2,1,1,1,0,0,1,JPQ-F1,1200000,3,4,0.4567772295171858,0.48388930617193104,5201,2889.4799999999996,3729.9399999999996,1,74.92,81.88199999999999,0.19468535483449895,2500000,13000000,1200000,26000000,0,29700000,3237813587.3859305,498303565.22350067,282559371.3607059,0,0,0
ecuador-early-expansion,seed-1,OFF,CONSV,OFF,OFF,14,11,1,1,0,2,1,CONSV-F1,1200000,15,16,0.40596662780406023,0.4835820990343491,6317.180000000001,3509.5499999999993,4237.549999999999,1,73.99666666666667,81.53200000000001,0.15416650500016252,0,12000000,1200000,25100000,0,26300000,3074948103.8146114,462985392.7194704,281996641.10192955,0,0,0
ecuador-early-expansion,seed-1,OFF,VAP,OFF,OFF,31,31,0,0,0,0,0,,0,-1,-1,0,0.47650466955078435,5992.530000000001,3329.2,3992.8600000000006,0,70.81666666666666,80.29,0.2943531689283244,0,12000000,0,0,0,0,2537841732.5945263,356560989.38329196,249456377.29500276,0,0,0
ecuador-early-expansion,seed-1,ON,MASS,growth,chinaVolume,31,29,0,0,0,2,0,,0,-1,-1,0,0.48138087554951037,6885.26,3825.109999999999,6097.16,2,69.98666666666666,52.620000000000005,0.15816175863154253,0,5250000,0,16000000,22000000,38000000,2683630298.7460656,247140497.8384028,26487624.053812426,56587671.533025056,5,0
ecuador-early-expansion,seed-1,ON,BAL,balanced,balancedGeneralist,14,13,1,1,0,0,1,BAL-F1,1200000,15,16,0.42254464892588717,0.4727323031049865,6515.449999999999,3619.6899999999996,5579.540000000002,1,73.41333333333334,79.71000000000001,0.18300207633861051,2500000,12500000,1200000,43000000,22000000,68700000,3382514173.771854,518321072.68325317,222962872.75865805,0,0,0
ecuador-early-expansion,seed-1,ON,JPQ,opportunistic,japanQuality,2,0,1,1,0,1,1,JPQ-F1,1200000,3,4,0.45681281429437764,0.48396017401968805,4463.59,2479.7599999999998,3317.79,1,74.81666666666666,74.032,0.25116266674931426,2500000,12000000,1200000,50700000,22000000,76400000,2859614612.4567113,443616571.1506776,244305069.1334328,0,0,0
ecuador-early-expansion,seed-1,ON,CONSV,conservative,europePdConservative,2,0,1,1,0,1,1,CONSV-F1,1200000,3,4,0.28890929385929914,0.4858846451098671,4630.860000000001,2572.66,3081.7599999999998,0,74.85666666666667,69.57000000000001,0.19165592396295789,2500000,13000000,1200000,49200000,0,52900000,2870869363.3617196,443328701.6085442,270084206.33684933,0,0,0
ecuador-early-expansion,seed-1,ON,VAP,valueAdded,usProcessedGrowth,6,0,1,1,0,5,1,VAP-F1,1200000,7,8,0.2881113269387817,0.47209816828892714,4230.97,2350.5300000000007,2827.9,0,74.67999999999999,65.608,0.32008752062994,2500000,12500000,1200000,50700000,0,54400000,2687334275.28004,402381209.0799854,246670194.39909592,0,0,0
ecuador-early-expansion,seed-2,OFF,MASS,OFF,OFF,4,3,1,0,0,0,1,MASS-F1,1200000,5,-1,0.40045053579992684,0.4779856644845035,7349.660000000002,4083.149999999999,7531.91,5,69.46,77.816,0.16193678949700033,0,8850000,720000,42000000,22000000,64720000,2909618793.031023,305749007.0651765,38842082.5085359,18255564.895839684,5,0
ecuador-early-expansion,seed-2,OFF,BAL,OFF,OFF,3,2,1,1,0,0,1,BAL-F1,1200000,4,5,0.4335094113641763,0.4734451649781085,5384.5,2991.3299999999995,4534.620000000001,2,74.60333333333334,78.11600000000001,0.18161603553535274,2500000,12500000,1200000,43000000,22000000,68700000,3402241619.08548,523755516.3745626,228981865.25067455,0,0,0
ecuador-early-expansion,seed-2,OFF,JPQ,OFF,OFF,31,29,0,0,0,2,0,,0,-1,-1,0,0.4842882214405738,8099.9800000000005,4499.990000000001,5969.84,1,70.67,79.874,0.20035713037494238,2500000,13000000,0,36000000,0,38500000,3249253820.7145963,493659798.4721223,272782336.384137,0,0,0
ecuador-early-expansion,seed-2,OFF,CONSV,OFF,OFF,3,2,1,1,0,0,1,CONSV-F1,1200000,4,5,0.3089108827705316,0.4838387570454376,4883.100000000001,2712.8200000000006,3300.8,1,74.97333333333333,81.98400000000001,0.16282356890455937,0,13000000,1200000,22300000,0,23500000,2946432562.0531034,447450840.95066124,271630067.68935317,0,0,0
ecuador-early-expansion,seed-2,OFF,VAP,OFF,OFF,23,22,1,1,0,0,1,VAP-F1,1200000,24,25,0.4412708720545207,0.4766635345730129,5563.34,3090.73,4301.17,1,71.17666666666666,77.932,0.2935868941883769,0,12000000,1200000,0,0,1200000,2540200749.740484,357368368.4237673,248003900.27875486,0,0,0
ecuador-early-expansion,seed-2,ON,MASS,growth,chinaVolume,4,3,1,0,0,0,1,MASS-F1,1200000,5,-1,0.40081950895733176,0.480948883706974,7242.95,4023.77,7306.599999999999,5,69.18,49.00999999999999,0.14490615828021608,0,6500000,720000,28000000,22000000,50720000,2801197948.159845,271499631.62870497,29323578.430395335,43689089.76377633,5,0
ecuador-early-expansion,seed-2,ON,BAL,balanced,balancedGeneralist,3,2,1,1,0,0,1,BAL-F1,1200000,4,5,0.43433003713957163,0.4735212255389772,5387.34,2992.939999999999,4544.949999999999,2,74.60000000000001,80.18,0.18205725008184237,2500000,12500000,1200000,43000000,22000000,68700000,3402939970.527714,523582015.94649565,229298822.17995533,0,0,0
ecuador-early-expansion,seed-2,ON,JPQ,opportunistic,japanQuality,2,0,1,1,0,1,1,JPQ-F1,1200000,3,4,0.3001696459669189,0.4862257072755106,4774.35,2652.43,3677.2199999999993,1,74.67333333333333,74.826,0.2346505774473945,2500000,12000000,1200000,46700000,0,50400000,3021804228.3987107,470834062.2369416,271940261.8150701,0,0,0
ecuador-early-expansion,seed-2,ON,CONSV,conservative,europePdConservative,2,0,1,1,0,1,1,CONSV-F1,1200000,3,4,0.28890929385929914,0.4858566045048093,4631.369999999999,2573.01,3133.0199999999995,1,74.84666666666666,69.658,0.19114393618153022,2500000,13000000,1200000,49200000,0,52900000,2877299073.008074,448975903.02557623,272891093.32908887,0,0,0
ecuador-early-expansion,seed-2,ON,VAP,valueAdded,usProcessedGrowth,4,0,1,1,0,3,1,VAP-F1,1200000,5,6,0.287116606590593,0.47211745530675814,4077.069999999999,2264.9800000000005,2726.5599999999995,0,74.84666666666665,65.53200000000001,0.3200722890566881,2500000,12500000,1200000,50700000,0,54400000,2695055021.149029,407739924.42905056,249390326.70517167,0,0,0
ecuador-early-expansion,seed-3,OFF,MASS,OFF,OFF,31,31,0,0,0,0,0,,0,-1,-1,0,0.47522448040564047,7120.62,3955.8799999999997,4749.9,0,70.64999999999999,76.32,0.16672677936804853,0,7600000,0,34000000,22000000,56000000,2860087989.3266315,290941001.6270967,33269567.24524892,44008741.19303625,5,0
ecuador-early-expansion,seed-3,OFF,BAL,OFF,OFF,31,31,0,0,0,0,0,,0,-1,-1,0,0.4744057763042416,8305.099999999999,4613.93,5538.400000000001,0,70.58,78.99,0.1817126029502689,2500000,12500000,0,43000000,22000000,67500000,3374684825.0823245,505229017.1880542,214368176.51293147,0,0,0
ecuador-early-expansion,seed-3,OFF,JPQ,OFF,OFF,2,1,1,1,0,0,1,JPQ-F1,1200000,3,4,0.30193230838002105,0.4832061101201775,5190.210000000001,2883.3999999999996,3453.4299999999994,0,74.96333333333335,81.97,0.1944944854060543,2500000,13000000,1200000,26000000,0,29700000,3232494130.0725055,492835089.61895,276888100.6844528,0,0,0
ecuador-early-expansion,seed-3,OFF,CONSV,OFF,OFF,8,5,1,1,0,2,1,CONSV-F1,1200000,9,10,0.4271599299651048,0.4864566045505761,5705.650000000001,3169.8100000000004,4832.450000000001,2,74.08,81.336,0.15552179936035826,0,12000000,1200000,22300000,0,23500000,3046949745.416401,449203084.7263409,272649793.4423581,0,0,0
ecuador-early-expansion,seed-3,OFF,VAP,OFF,OFF,10,8,1,1,0,1,1,VAP-F1,1200000,11,12,0.44171767779428844,0.4779858142826351,5329.279999999999,2960.7300000000005,4807.1,2,73.96,81.14399999999999,0.24423225441277244,0,12000000,1200000,22000000,0,23200000,2993483956.6351786,419908409.68139154,237981701.89782384,0,0,0
ecuador-early-expansion,seed-3,ON,MASS,growth,chinaVolume,31,31,0,0,0,0,0,,0,-1,-1,0,0.4988739711704676,7381.1799999999985,4100.65,4926.389999999999,0,68.78000000000002,43.682,0.15449898903480122,0,5500000,0,22000000,22000000,44000000,2699127334.120378,243323769.21446678,12871307.016873015,75475659.56422146,4,0
ecuador-early-expansion,seed-3,ON,BAL,balanced,balancedGeneralist,31,31,0,0,0,0,0,,0,-1,-1,0,0.4730359254076356,8268.64,4593.72,5507.8,0,70.64,79.554,0.18227703072925702,2500000,12500000,0,43000000,22000000,67500000,3375720616.715531,513590437.9188479,221352207.69278312,0,0,0
ecuador-early-expansion,seed-3,ON,JPQ,opportunistic,japanQuality,2,0,1,1,0,1,1,JPQ-F1,1200000,3,4,0.3001696459669189,0.4801138895980579,4337.91,2409.94,2894.2,0,74.96,74.088,0.256954326304951,2500000,12000000,1200000,38800000,22000000,64500000,2814009656.452617,434830798.4643555,231277674.56824833,0,0,0
ecuador-early-expansion,seed-3,ON,CONSV,conservative,europePdConservative,2,0,1,1,0,1,1,CONSV-F1,1200000,3,4,0.28890929385929914,0.4848549241862265,4618.230000000002,2565.670000000001,3575.5600000000004,1,74.73,69.576,0.1908535503692866,2500000,13000000,1200000,49200000,0,52900000,2864598723.257748,440410750.46592623,266463463.12384015,0,0,0
ecuador-early-expansion,seed-3,ON,VAP,valueAdded,usProcessedGrowth,4,0,1,1,0,3,1,VAP-F1,1200000,5,6,0.28668900594568086,0.47313473489087526,4085,2269.4900000000002,3692.9500000000003,2,74.46666666666665,65.47999999999999,0.31732168726053045,2500000,12500000,1200000,49200000,0,52900000,2670287776.7358418,396462635.52882284,241493928.95706314,0,0,0
ecuador-early-expansion,seed-4,OFF,MASS,OFF,OFF,31,31,0,0,0,0,0,,0,-1,-1,0,0.4861849052012956,7239.320000000001,4021.83,4832.339999999999,0,69.49,66.154,0.17019023386416568,0,7000000,0,26000000,22000000,48000000,2786373340.624236,271886976.89609325,12916281.931680018,47895291.53525373,4,0
ecuador-early-expansion,seed-4,OFF,BAL,OFF,OFF,31,30,1,0,1,0,1,BAL-F1,1200000,25,-1,0.40583920375519095,0.4713512352883477,8560.75,4755.99,6262.560000000002,1,69.38333333333333,73.05,0.17218794672095078,2500000,11600000,0,53000000,22000000,77500000,3477319865.022747,507239370.95732754,205973530.97419667,0,0,0
ecuador-early-expansion,seed-4,OFF,JPQ,OFF,OFF,2,1,1,1,0,0,1,JPQ-F1,1200000,3,4,0.30193230838002105,0.4851784727163636,5182.53,2879.189999999999,3447.41,0,74.91333333333334,81.95199999999998,0.19641161063889526,2500000,13000000,1200000,26000000,0,29700000,3197336133.418266,484878787.64632434,273002732.9385018,0,0,0
ecuador-early-expansion,seed-4,OFF,CONSV,OFF,OFF,31,29,0,0,0,2,0,,0,-1,-1,0,0.4834826573467854,7851.319999999999,4361.87,5224.370000000001,0,71,80.31,0.15412843227368703,0,12000000,0,25100000,0,25100000,3056671292.8561463,448864808.4062811,273177803.54746395,0,0,0
ecuador-early-expansion,seed-4,OFF,VAP,OFF,OFF,9,7,1,1,0,1,1,VAP-F1,1200000,10,11,0.4393349592877255,0.4766640367484274,4480.84,2489.36,4581.18,4,73.85666666666667,81.00999999999999,0.29421026977208153,0,12000000,1200000,0,0,1200000,2526013188.4942183,344940093.82121134,240719744.90818182,0,0,0
ecuador-early-expansion,seed-4,ON,MASS,growth,chinaVolume,31,31,0,0,0,0,0,,0,-1,-1,0,0.49430832309489237,6955.910000000001,3864.3599999999997,4637.000000000001,0,69.38333333333333,46.622,0.16453433494835717,0,6250000,0,14000000,22000000,36000000,2598426965.4640765,224449221.8391123,13311113.99829578,63355617.66691102,4,0
ecuador-early-expansion,seed-4,ON,BAL,balanced,balancedGeneralist,31,30,1,0,1,0,1,BAL-F1,1200000,25,-1,0.40583920375519095,0.47138824443167693,8563.19,4757.379999999999,6262.520000000001,1,69.37666666666667,74.122,0.172492018252046,2500000,11600000,0,53000000,22000000,77500000,3477540378.988415,512163516.59863627,210078427.59052908,0,0,0
ecuador-early-expansion,seed-4,ON,JPQ,opportunistic,japanQuality,2,0,1,1,0,1,1,JPQ-F1,1200000,3,4,0.3001696459669189,0.4800854787451896,4337.83,2409.87,2894.439999999999,0,74.96,74.12,0.256940066348518,2500000,12000000,1200000,38800000,22000000,64500000,2805720620.6769996,430924099.1713085,229807622.46901354,0,0,0
ecuador-early-expansion,seed-4,ON,CONSV,conservative,europePdConservative,2,0,1,1,0,1,1,CONSV-F1,1200000,3,4,0.28890929385929914,0.4858823538356713,4631.01,2572.76,3082.2399999999993,0,74.85000000000001,69.588,0.1917017379455924,2500000,13000000,1200000,49200000,0,52900000,2857216752.382029,436971731.2831059,266077102.1707892,0,0,0
ecuador-early-expansion,seed-4,ON,VAP,valueAdded,usProcessedGrowth,6,0,1,1,0,5,1,VAP-F1,1200000,7,8,0.288252905020192,0.4729586707974747,4226.689999999999,2348.13,3910.3899999999985,3,74.23666666666666,65.414,0.3161103696638235,2500000,12250000,1200000,49200000,0,52900000,2656046475.3318057,385673607.7770873,235032310.07338035,0,0,0
ecuador-early-expansion,seed-5,OFF,MASS,OFF,OFF,26,25,1,1,0,0,1,MASS-F1,1200000,27,28,0.397376093628434,0.4870950632677929,6936.15,3853.439999999999,5700.969999999999,3,66.74666666666667,65.71000000000001,0.16971828435173303,0,7000000,1200000,26000000,22000000,49200000,2791652619.9262996,276367260.9842895,14390703.171262415,46036477.574738435,4,0
ecuador-early-expansion,seed-5,OFF,BAL,OFF,OFF,6,5,1,1,0,0,1,BAL-F1,1200000,7,8,0.42908394861895327,0.4733231314682585,5663.369999999999,3146.3099999999995,4736.7300000000005,2,73.07666666666665,80.054,0.18314035864107528,2500000,12500000,1200000,43000000,22000000,68700000,3378580589.4341607,517236453.00230163,225893428.5330204,0,0,0
ecuador-early-expansion,seed-5,OFF,JPQ,OFF,OFF,26,23,1,1,0,2,1,JPQ-F1,1200000,27,28,0.407088841913485,0.4850659625646616,7915.81,4397.610000000001,5876.2300000000005,1,70.97000000000001,79.69800000000001,0.19053430221559225,2500000,13000000,1200000,54000000,0,57700000,3297685600.026602,487754830.9495968,287890404.4863953,0,0,0
ecuador-early-expansion,seed-5,OFF,CONSV,OFF,OFF,3,2,1,1,0,0,1,CONSV-F1,1200000,4,5,0.3089108827705316,0.4892190319921537,4919.19,2732.8799999999997,3271.09,0,74.88333333333333,81.94,0.1646076068982734,0,13000000,1200000,22300000,0,23500000,2913412724.337279,434753772.38224137,266238116.0229696,0,0,0
ecuador-early-expansion,seed-5,OFF,VAP,OFF,OFF,27,26,1,1,0,0,1,VAP-F1,1200000,28,29,0.43952836373923276,0.47694676664948465,5883.5599999999995,3268.61,4364.8099999999995,1,69.73,76.97800000000001,0.2940112607437712,0,12000000,1200000,0,0,1200000,2531921508.8755136,351984352.468916,247766372.44747713,0,0,0
ecuador-early-expansion,seed-5,ON,MASS,growth,chinaVolume,26,25,1,1,0,0,1,MASS-F1,1200000,27,28,0.4014165894317293,0.48368964986351326,6975.440000000001,3875.3299999999995,4864.860000000001,1,70.00666666666667,44.556,0.15573329027705682,0,7000000,1200000,16000000,22000000,39200000,2814147525.7390394,279202005.8700216,13151622.380366063,37154304.96049255,4,0
ecuador-early-expansion,seed-5,ON,BAL,balanced,balancedGeneralist,6,5,1,1,0,0,1,BAL-F1,1200000,7,8,0.428955114481372,0.47351646412839865,5667.830000000001,3148.8399999999997,4735.95,2,73.06666666666666,80.054,0.18341074151310557,2500000,12500000,1200000,43000000,22000000,68700000,3378739083.502327,519037462.22953635,227346243.34211147,0,0,0
ecuador-early-expansion,seed-5,ON,JPQ,opportunistic,japanQuality,2,0,1,1,0,1,1,JPQ-F1,1200000,3,4,0.3001696459669189,0.4871433611657743,4791.52,2661.94,3929.22,1,74.24,73.9,0.23476817272597136,2500000,12000000,1200000,54700000,0,58400000,3017544691.5437903,463391857.5541428,260913482.2848922,0,0,0
ecuador-early-expansion,seed-5,ON,CONSV,conservative,europePdConservative,2,0,1,1,0,1,1,CONSV-F1,1200000,3,4,0.28890929385929914,0.4842972276856081,4585.86,2547.6799999999994,3049.1900000000005,0,74.91333333333334,69.896,0.1921425890219726,2500000,13000000,1200000,49200000,0,52900000,2854731846.976243,441478819.97848713,270049744.2661773,0,0,0
ecuador-early-expansion,seed-5,ON,VAP,valueAdded,usProcessedGrowth,4,0,1,1,0,3,1,VAP-F1,1200000,5,6,0.2869539711717502,0.47208424277439237,4076.8000000000006,2264.8399999999997,2727.2199999999993,0,74.84666666666665,65.614,0.32011087800890115,2500000,12500000,1200000,50700000,0,54400000,2679836223.808425,401159970.30482084,245928867.2652497,0,0,0
ecuador-delayed-expansion,seed-1,OFF,MASS,OFF,OFF,31,29,0,0,0,2,0,,0,-1,-1,0,0.48140719739256993,6402.620000000001,3557.0399999999995,5712.86,2,70.08,52.275999999999996,0.17257006712658285,0,4500000,0,30000000,22000000,52000000,2694974180.6017656,287837679.809411,29199513.806453966,4043934.1429595947,6,0
ecuador-delayed-expansion,seed-1,OFF,BAL,OFF,OFF,14,13,1,1,0,0,1,BAL-F1,1200000,15,16,0.4113609377798259,0.47291558793366906,6536.62,3631.44,5609.37,1,73.42,79.17999999999999,0.18322178397389602,2500000,12500000,1200000,43000000,22000000,68700000,3628700713.17375,642755418.4672433,310923099.7201294,0,0,0
ecuador-delayed-expansion,seed-1,OFF,JPQ,OFF,OFF,2,1,1,1,0,0,1,JPQ-F1,1200000,3,4,0.4567772295171858,0.48107754380884715,5199.56,2888.6600000000008,3727.2599999999993,1,74.95333333333333,81.904,0.1929924708869461,2500000,13000000,1200000,26000000,0,29700000,3499700955.181895,632121084.3960624,382575681.7820576,0,0,0
ecuador-delayed-expansion,seed-1,OFF,CONSV,OFF,OFF,14,11,1,1,0,2,1,CONSV-F1,1200000,15,16,0.40605853411706555,0.48359540775154175,6317.9400000000005,3509.9599999999996,4237.9800000000005,1,73.99333333333333,81.53200000000001,0.15425263514130277,0,12000000,1200000,25100000,0,26300000,3291350489.497937,577438618.0570823,367153881.7273528,0,0,0
ecuador-delayed-expansion,seed-1,OFF,VAP,OFF,OFF,31,31,0,0,0,0,0,,0,-1,-1,0,0.4763813349498372,6001.76,3334.34,3999.7,0,70.83333333333333,80.298,0.29568963689902067,0,12000000,0,0,0,0,2723329450.5075126,471550011.2255164,336271665.0279343,0,0,0
ecuador-delayed-expansion,seed-1,ON,MASS,growth,chinaVolume,31,28,0,0,0,3,0,,0,-1,-1,0,0.49195965877666475,7180.989999999999,3989.4300000000003,7223.480000000001,3,69.17666666666668,45.138,0.15193841313175369,0,4500000,0,24000000,22000000,46000000,2865535823.0708766,336301524.65946496,32295489.956034943,26044809.021589004,5,0
ecuador-delayed-expansion,seed-1,ON,BAL,balanced,balancedGeneralist,14,13,1,1,0,0,1,BAL-F1,1200000,15,16,0.4066742583589095,0.47239224819070913,6525.379999999999,3625.25,5597.070000000001,1,73.43333333333334,77.158,0.1833680998020102,2500000,12500000,1200000,43000000,22000000,68700000,3628047898.8344073,644399962.1862608,312672703.881574,0,0,0
ecuador-delayed-expansion,seed-1,ON,JPQ,opportunistic,japanQuality,2,0,1,1,0,1,1,JPQ-F1,1200000,3,4,0.45681281429437764,0.4833273937193391,4455.11,2475.05,3310.8300000000004,1,74.83999999999999,73.432,0.2511694290760547,2500000,12000000,1200000,50700000,22000000,76400000,3070615424.7870045,576327501.750007,343893160.8812461,0,0,0
ecuador-delayed-expansion,seed-1,ON,CONSV,conservative,europePdConservative,2,0,1,1,0,1,1,CONSV-F1,1200000,3,4,0.28890929385929914,0.4858641702272727,4632.67,2573.6899999999996,3084.269999999999,0,74.85666666666667,69.578,0.1920741156817532,2500000,13000000,1200000,49200000,0,52900000,3079823791.8228602,563659573.5031972,360081766.7216587,0,0,0
ecuador-delayed-expansion,seed-1,ON,VAP,valueAdded,usProcessedGrowth,6,0,1,1,0,5,1,VAP-F1,1200000,7,8,0.2881113269387817,0.4720763646764639,4224.84,2347.100000000001,2823.929999999999,0,74.67999999999999,66.046,0.3206186097998625,2500000,12500000,1200000,50700000,0,54400000,2885306696.807004,531708682.7621107,342945846.5816545,0,0,0
ecuador-delayed-expansion,seed-2,OFF,MASS,OFF,OFF,4,3,1,0,0,0,1,MASS-F1,1200000,5,-1,0.40045053579992684,0.4820367508036736,7153.839999999999,3974.3399999999997,7367.140000000002,5,68.95,74.244,0.17110202917222692,0,8750000,720000,36000000,22000000,58720000,2997375839.1381726,372193143.1143913,50066676.93585184,0,5,0
ecuador-delayed-expansion,seed-2,OFF,BAL,OFF,OFF,3,2,1,1,0,0,1,BAL-F1,1200000,4,5,0.4335094113641763,0.47589302423015306,5599.719999999999,3110.91,4682.12,2,74.52999999999999,77.434,0.17309469171138406,2500000,12000000,1200000,48000000,22000000,73700000,3758828237.4460626,663141319.4961104,321023196.9628136,0,0,0
ecuador-delayed-expansion,seed-2,OFF,JPQ,OFF,OFF,31,29,0,0,0,2,0,,0,-1,-1,0,0.48694742392884593,8384.160000000002,4657.84,6160.080000000001,1,70.64666666666666,79.862,0.1874498990675555,2500000,13000000,0,59000000,0,61500000,3589546372.1464267,625634321.3232504,387800477.88766944,0,0,0
ecuador-delayed-expansion,seed-2,OFF,CONSV,OFF,OFF,3,2,1,1,0,0,1,CONSV-F1,1200000,4,5,0.3089108827705316,0.48964770519624007,4926.820000000001,2737.09,3326.0999999999995,1,74.85666666666667,81.92,0.16467448162204207,0,13000000,1200000,22300000,0,23500000,3129248507.8406544,551707977.3176597,348438683.4201548,0,0,0
ecuador-delayed-expansion,seed-2,OFF,VAP,OFF,OFF,23,22,1,1,0,0,1,VAP-F1,1200000,24,25,0.44235882791316605,0.47671557912218515,5580.030000000001,3100.049999999999,4313.9800000000005,1,71.17666666666666,77.958,0.29546583553466865,0,12000000,1200000,0,0,1200000,2728848624.476626,475186071.2023934,337152696.03736573,0,0,0
ecuador-delayed-expansion,seed-2,ON,MASS,growth,chinaVolume,4,3,1,0,0,0,1,MASS-F1,1200000,5,-1,0.40081950895733176,0.49004597639084846,7444.289999999999,4135.669999999999,7159.0999999999985,4,68.50333333333333,40.294,0.15297675918896061,0,5000000,720000,16000000,22000000,38720000,3001642455.2543664,361443572.03212893,42037946.27764258,15706006.731835082,5,0
ecuador-delayed-expansion,seed-2,ON,BAL,balanced,balancedGeneralist,3,2,1,1,0,0,1,BAL-F1,1200000,4,5,0.43433003713957163,0.47395929108437895,5584.099999999999,3102.269999999999,4678.64,2,74.58666666666666,77.238,0.1727077950888164,2500000,12000000,1200000,48000000,22000000,73700000,3768454060.902804,664233567.6774613,322974537.0379712,0,0,0
ecuador-delayed-expansion,seed-2,ON,JPQ,opportunistic,japanQuality,2,0,1,1,0,1,1,JPQ-F1,1200000,3,4,0.3001696459669189,0.4862610880140206,4777.619999999999,2654.25,3679.0800000000004,1,74.67333333333333,74.242,0.23449759065610828,2500000,12000000,1200000,45500000,0,49200000,3246543838.5639396,602423270.4897383,370657792.37109274,0,0,0
ecuador-delayed-expansion,seed-2,ON,CONSV,conservative,europePdConservative,2,0,1,1,0,1,1,CONSV-F1,1200000,3,4,0.28890929385929914,0.4855342956041222,4628.96,2571.66,3130.3599999999997,1,74.87,69.792,0.19160573920606003,2500000,13000000,1200000,49200000,0,52900000,3085936388.704976,568390547.7153456,362159569.04998267,0,0,0
ecuador-delayed-expansion,seed-2,ON,VAP,valueAdded,usProcessedGrowth,4,0,1,1,0,3,1,VAP-F1,1200000,5,6,0.287116606590593,0.4720764284302646,4071.4300000000007,2261.85,2723.1000000000004,0,74.84666666666665,66.054,0.3205320230157382,2500000,12500000,1200000,50700000,0,54400000,2891347957.4672422,536376645.0906208,346636189.5444432,0,0,0
ecuador-delayed-expansion,seed-3,OFF,MASS,OFF,OFF,31,31,0,0,0,0,0,,0,-1,-1,0,0.47858251699504195,7276.639999999999,4042.5200000000004,4854.309999999999,0,70.51333333333334,74.92,0.16987943626455296,0,7500000,0,46000000,22000000,68000000,3091930510.301189,393235810.34337246,52972734.29942694,9184970.97805103,5,0
ecuador-delayed-expansion,seed-3,OFF,BAL,OFF,OFF,31,31,0,0,0,0,0,,0,-1,-1,0,0.4729504490299509,8538.69,4743.719999999999,5693.230000000002,0,70.61,73.37,0.1739306604404087,2500000,12000000,0,53000000,22000000,77500000,3723641330.37686,638041562.2497149,295595409.07488865,0,0,0
ecuador-delayed-expansion,seed-3,OFF,JPQ,OFF,OFF,2,1,1,1,0,0,1,JPQ-F1,1200000,3,4,0.30193230838002105,0.48038092287001743,5191.84,2884.35,3452.3299999999995,0,74.99666666666667,81.986,0.19348033633229872,2500000,13000000,1200000,26000000,0,29700000,3497722610.5167146,623965830.6384375,374837823.90799797,0,0,0
ecuador-delayed-expansion,seed-3,OFF,CONSV,OFF,OFF,8,5,1,1,0,2,1,CONSV-F1,1200000,9,10,0.4271599299651048,0.4864446992293658,5706.11,3170.09,4832.86,2,74.08,81.336,0.15565025973005192,0,12000000,1200000,22300000,0,23500000,3261285945.7253513,561452123.4180288,356004454.84327585,0,0,0
ecuador-delayed-expansion,seed-3,OFF,VAP,OFF,OFF,10,8,1,1,0,1,1,VAP-F1,1200000,11,12,0.4424968398413392,0.48123435707476286,5672.409999999997,3151.2900000000004,5033.08,2,73.91666666666667,81.10799999999999,0.22980195173205448,0,11500000,1200000,52600000,0,53800000,3432263614.141525,576304075.2235818,329229787.02244645,0,0,0
ecuador-delayed-expansion,seed-3,ON,MASS,growth,chinaVolume,31,31,0,0,0,0,0,,0,-1,-1,0,0.5026670822435982,7517.010000000001,4176.099999999999,5010.28,0,68.50333333333334,40.378,0.15200308508700328,0,5100000,0,12000000,22000000,34000000,2906813680.298153,335035880.8583243,36823257.554490075,32708956.310569666,5,0
ecuador-delayed-expansion,seed-3,ON,BAL,balanced,balancedGeneralist,31,31,0,0,0,0,0,,0,-1,-1,0,0.47308147536088596,8542.250000000002,4745.73,5694.0300000000025,0,70.59,76.19800000000001,0.17425291774950982,2500000,12000000,0,53000000,22000000,77500000,3721528361.4637294,647595873.3811748,304544672.3908234,0,0,0
ecuador-delayed-expansion,seed-3,ON,JPQ,opportunistic,japanQuality,2,0,1,1,0,1,1,JPQ-F1,1200000,3,4,0.3001696459669189,0.4801512673441992,4344.59,2413.62,2898.320000000001,0,74.95666666666666,73.348,0.25654156284738067,2500000,12000000,1200000,40000000,22000000,65700000,3024416721.575547,563614143.5291148,324124531.84185576,0,0,0
ecuador-delayed-expansion,seed-3,ON,CONSV,conservative,europePdConservative,2,0,1,1,0,1,1,CONSV-F1,1200000,3,4,0.28890929385929914,0.48483279563966325,4622.09,2567.8199999999997,3579.57,1,74.73333333333333,69.5,0.19169356881506433,2500000,13000000,1200000,49200000,0,52900000,3075272382.3639255,560338987.528206,356113924.1298776,0,0,0
ecuador-delayed-expansion,seed-3,ON,VAP,valueAdded,usProcessedGrowth,4,0,1,1,0,3,1,VAP-F1,1200000,5,6,0.28668900594568086,0.47222629498767965,4068.3900000000003,2260.1800000000003,3682.9599999999996,2,74.49000000000001,65.976,0.3178490246004065,2500000,12250000,1200000,49200000,0,52900000,2866676636.550752,523582823.5447585,338444543.97541875,0,0,0
ecuador-delayed-expansion,seed-4,OFF,MASS,OFF,OFF,31,31,0,0,0,0,0,,0,-1,-1,0,0.4759728128701502,7312.590000000002,4062.5299999999997,4878.900000000001,0,70.42333333333333,71.672,0.16367023313882748,0,8000000,0,34000000,22000000,56000000,3120513480.008816,399040082.8349297,55506336.77800747,0,5,0
ecuador-delayed-expansion,seed-4,OFF,BAL,OFF,OFF,24,23,1,1,0,0,1,BAL-F1,1200000,25,26,0.4181419010489186,0.4727799230146983,7705.7,4280.990000000001,5709.67,1,70.80333333333333,74.772,0.18259315279609173,2500000,12000000,1200000,43000000,22000000,68700000,3607648207.2837396,630383107.8120072,303021283.5312491,0,0,0
ecuador-delayed-expansion,seed-4,OFF,JPQ,OFF,OFF,2,1,1,1,0,0,1,JPQ-F1,1200000,3,4,0.30193230838002105,0.48242852295104,5180.88,2878.2400000000002,3448.7899999999995,0,74.97333333333334,81.97,0.19506633303990628,2500000,13000000,1200000,26000000,0,29700000,3457943973.077332,615211953.4369203,369872147.64599794,0,0,0
ecuador-delayed-expansion,seed-4,OFF,CONSV,OFF,OFF,31,29,0,0,0,2,0,,0,-1,-1,0,0.4834828779043502,7852.069999999997,4362.32,5224.870000000001,0,71,80.308,0.1542155782568616,0,12000000,0,25100000,0,25100000,3271895340.6029305,562066485.4816082,357113349.43704134,0,0,0
ecuador-delayed-expansion,seed-4,OFF,VAP,OFF,OFF,9,7,1,1,0,1,1,VAP-F1,1200000,10,11,0.4397809058586775,0.47678125066286525,4489.95,2494.4,4592.67,4,73.86,81.00999999999999,0.2954112777821531,0,12000000,1200000,0,0,1200000,2710144571.144311,460917194.50541306,327818122.21810126,0,0,0
ecuador-delayed-expansion,seed-4,ON,MASS,growth,chinaVolume,31,31,0,0,0,0,0,,0,-1,-1,0,0.49164032920451595,7571.719999999999,4206.499999999999,5049.99,0,69.27999999999999,40.084,0.15386870068814545,0,5000000,0,12000000,22000000,34000000,3034382509.5730743,364686641.59697986,44370223.29861894,13154367.419200037,4,0
ecuador-delayed-expansion,seed-4,ON,BAL,balanced,balancedGeneralist,31,30,1,0,1,0,1,BAL-F1,1200000,25,-1,0.40583920375519095,0.46964127263254035,8514.97,4730.59,6230.420000000002,1,69.43666666666668,71.84400000000001,0.17279710583608873,2500000,11500000,0,53000000,22000000,77500000,3732979690.5830855,641078916.4689345,301041276.21891254,0,0,0
ecuador-delayed-expansion,seed-4,ON,JPQ,opportunistic,japanQuality,2,0,1,1,0,1,1,JPQ-F1,1200000,3,4,0.3001696459669189,0.4804177702511959,4341.129999999999,2411.67,2896.7600000000007,0,74.94666666666667,73.628,0.25546654100502386,2500000,12000000,1200000,40000000,22000000,65700000,3007315719.61818,556521371.1996682,321998232.86524135,0,0,0
ecuador-delayed-expansion,seed-4,ON,CONSV,conservative,europePdConservative,2,0,1,1,0,1,1,CONSV-F1,1200000,3,4,0.28890929385929914,0.4858814007528187,4632.980000000001,2573.84,3084.2799999999997,0,74.85333333333334,69.45599999999999,0.19208354912732895,2500000,13000000,1200000,49200000,0,52900000,3064222529.2574997,554278307.0948813,353463914.4382761,0,0,0
ecuador-delayed-expansion,seed-4,ON,VAP,valueAdded,usProcessedGrowth,6,0,1,1,0,5,1,VAP-F1,1200000,7,8,0.288252905020192,0.47205393596747286,4211.370000000001,2339.63,3901.1099999999997,3,74.25,65.568,0.31652157086511756,2500000,12250000,1200000,49200000,0,52900000,2849984248.5544653,511315455.18121713,328893809.129225,0,0,0
ecuador-delayed-expansion,seed-5,OFF,MASS,OFF,OFF,26,25,1,1,0,0,1,MASS-F1,1200000,27,28,0.4030152999935097,0.47928192834677374,7110.79,3950.4599999999996,5077.969999999999,1,70.25999999999999,71.044,0.16236366567659874,0,7500000,1200000,34000000,22000000,57200000,3147876099.530717,406322001.0480318,57021627.54672032,0,4,0
ecuador-delayed-expansion,seed-5,OFF,BAL,OFF,OFF,6,5,1,1,0,0,1,BAL-F1,1200000,7,8,0.42908394861895327,0.47261867388732204,5654.960000000001,3141.65,4727.349999999999,2,73.08333333333333,80.05000000000001,0.18366428094735684,2500000,12500000,1200000,43000000,22000000,68700000,3624157722.794412,643334405.1943282,315577931.2437203,0,0,0
ecuador-delayed-expansion,seed-5,OFF,JPQ,OFF,OFF,26,23,1,1,0,2,1,JPQ-F1,1200000,27,28,0.40719067405355486,0.48648171900897025,8055.53,4475.24,5968.509999999999,1,70.94666666666666,79.802,0.18763375343519315,2500000,12500000,1200000,54000000,0,57700000,3580943052.4076056,623238028.0953952,389777214.84114945,0,0,0
ecuador-delayed-expansion,seed-5,OFF,CONSV,OFF,OFF,3,2,1,1,0,0,1,CONSV-F1,1200000,4,5,0.3089108827705316,0.4904993010357968,4939.249999999999,2743.9999999999995,3284.8700000000003,0,74.84,81.91399999999999,0.16468446332998968,0,13000000,1200000,22300000,0,23500000,3119983890.656894,542971751.3847412,346621121.2391684,0,0,0
ecuador-delayed-expansion,seed-5,OFF,VAP,OFF,OFF,27,26,1,1,0,0,1,VAP-F1,1200000,28,29,0.43976720219074517,0.4767825134446644,5893.29,3274.050000000001,4372.819999999999,1,69.73333333333333,76.994,0.2955230686584401,0,12000000,1200000,0,0,1200000,2718533317.194064,467030778.31250536,334518713.5773088,0,0,0
ecuador-delayed-expansion,seed-5,ON,MASS,growth,chinaVolume,31,29,0,0,0,2,0,,0,-1,-1,0,0.5040648638697529,7559.18,4199.55,6065.46,3,64.61333333333333,37.122,0.15225347907946166,0,5000000,0,12000000,22000000,34000000,2911226716.4286966,327873436.4576545,28310381.387707043,28767038.839895472,4,0
ecuador-delayed-expansion,seed-5,ON,BAL,balanced,balancedGeneralist,6,5,1,1,0,0,1,BAL-F1,1200000,7,8,0.428955114481372,0.47259795939612426,5655.789999999998,3142.07,4726.66,2,73.07666666666667,80.05,0.18395626431076378,2500000,12500000,1200000,43000000,22000000,68700000,3623587376.5732784,646083194.8661556,318149076.62657666,0,0,0
ecuador-delayed-expansion,seed-5,ON,JPQ,opportunistic,japanQuality,2,0,1,1,0,1,1,JPQ-F1,1200000,3,4,0.3001696459669189,0.486850426525865,4787.29,2659.640000000001,3925.0499999999993,1,74.24666666666667,73.248,0.2347586595944443,2500000,12000000,1200000,54700000,0,58400000,3240465074.427051,594663272.7028215,358949492.7432535,0,0,0
ecuador-delayed-expansion,seed-5,ON,CONSV,conservative,europePdConservative,2,0,1,1,0,1,1,CONSV-F1,1200000,3,4,0.28890929385929914,0.4846506793640821,4592.929999999999,2551.63,3053.6400000000003,0,74.91000000000001,70.02799999999999,0.19260233412247027,2500000,13000000,1200000,49200000,0,52900000,3062947497.0365796,561393786.0876054,359879711.180764,0,0,0
ecuador-delayed-expansion,seed-5,ON,VAP,valueAdded,usProcessedGrowth,4,0,1,1,0,3,1,VAP-F1,1200000,5,6,0.2869539711717502,0.4720759978464105,4072.1000000000004,2262.2400000000002,2723.56,0,74.84666666666665,66.018,0.32052178453182384,2500000,12500000,1200000,50700000,0,54400000,2881923589.388533,530360502.22415006,343543010.0053797,0,0,0
global-demand-boom,seed-1,OFF,MASS,OFF,OFF,31,28,0,0,0,3,0,,0,-1,-1,0,0.4793550331808415,6016.0199999999995,3342.2499999999995,6239.69,3,70.25333333333333,36.634,0.16978888098348935,0,4500000,0,30000000,36300000,66300000,2891399250.4726915,403683207.55528307,87797304.60552122,0,7,0
global-demand-boom,seed-1,OFF,BAL,OFF,OFF,14,13,1,1,0,0,1,BAL-F1,1200000,15,16,0.4128107200916218,0.472802219353562,6538.16,3632.3099999999995,5592.3,1,73.42666666666666,76.494,0.18371490691489817,2500000,12500000,1200000,43000000,22000000,68700000,4157979290.109647,907562336.7544458,484749715.7499888,0,0,0
global-demand-boom,seed-1,OFF,JPQ,OFF,OFF,2,1,1,1,0,0,1,JPQ-F1,1200000,3,4,0.4567772295171858,0.4813867928732937,5209.950000000001,2894.4,3734.699999999999,1,74.94999999999999,81.902,0.19397882333555636,2500000,13000000,1200000,26000000,0,29700000,4014554357.6455965,894168165.8230908,567962229.8905697,0,0,0
global-demand-boom,seed-1,OFF,CONSV,OFF,OFF,3,2,1,1,0,0,1,CONSV-F1,1200000,4,5,0.3089108827705316,0.49050183202969194,4939.42,2744.0800000000004,3284.9399999999996,0,74.84,81.91199999999999,0.16470924296997472,0,12600000,1200000,22300000,0,23500000,3564251814.5867777,770789575.7132702,504255995.11622393,0,0,0
global-demand-boom,seed-1,OFF,VAP,OFF,OFF,31,31,0,0,0,0,0,,0,-1,-1,0,0.47839311789947436,7541.43,4189.700000000001,5019.8899999999985,0,70.86333333333333,80.27000000000001,0.24102118505645012,0,12000000,0,22000000,0,22000000,3787839509.8349686,820677948.7027563,531930305.9557746,0,0,0
global-demand-boom,seed-1,ON,MASS,growth,chinaVolume,31,30,0,0,0,1,0,,0,-1,-1,0,0.47243705379753614,6538.62,3632.5699999999993,5808.44,2,70.83999999999999,44.928,0.15184167087221592,0,3000000,0,24000000,44000000,68000000,3212197769.1119633,490571958.0840243,28847816.45736882,62741354.53203157,5,0
global-demand-boom,seed-1,ON,BAL,balanced,balancedGeneralist,14,13,1,1,0,0,1,BAL-F1,1200000,15,16,0.41269192361661344,0.47279904221634517,6539.04,3632.82,5596.049999999999,1,73.42666666666666,79.734,0.1837910329243192,2500000,12500000,1200000,43000000,22000000,68700000,4153879583.865202,909572870.9297742,489048136.99834985,0,0,0
global-demand-boom,seed-1,ON,JPQ,opportunistic,japanQuality,2,0,1,1,0,1,1,JPQ-F1,1200000,3,4,0.45681281429437764,0.48363361228614504,4460.36,2478,3314.7699999999995,1,74.82333333333334,71.76,0.25110855068095317,2500000,12000000,1200000,50700000,22000000,76400000,3516790365.860837,839604732.551433,532241090.70353097,0,0,0
global-demand-boom,seed-1,ON,CONSV,conservative,europePdConservative,2,0,1,1,0,1,1,CONSV-F1,1200000,3,4,0.28890929385929914,0.4847098265070623,4619.860000000001,2566.6,3073.2700000000004,0,74.91333333333334,70.23599999999999,0.19285759811419,2500000,13000000,1200000,49200000,0,52900000,3525822456.77119,809809674.0797558,536655288.82094324,0,0,0
global-demand-boom,seed-1,ON,VAP,valueAdded,usProcessedGrowth,6,0,1,1,0,5,1,VAP-F1,1200000,7,8,0.28805180004703956,0.47202515597837846,4216.28,2342.3600000000006,2818.5900000000006,0,74.67999999999999,57.9,0.3212779544377159,2500000,12250000,1200000,50700000,0,54400000,3309145772.799204,795019899.4972261,532497460.36465263,0,0,0
global-demand-boom,seed-2,OFF,MASS,OFF,OFF,4,3,1,0,0,0,1,MASS-F1,1200000,5,-1,0.3998523820966636,0.48317943245833056,7612.93,4229.380000000001,7772.559999999998,5,68.96666666666668,68.776,0.1594740482855099,0,6000000,720000,40000000,22000000,62720000,3608172557.9350934,593456475.2110202,163986568.18142903,0,4,0
global-demand-boom,seed-2,OFF,BAL,OFF,OFF,3,2,1,1,0,0,1,BAL-F1,1200000,4,5,0.43383817581809625,0.47258506568768777,5559.839999999999,3088.81,4657.160000000001,2,74.62,77.2,0.17312826012463814,0,12000000,1200000,48000000,22000000,71200000,4316615292.085452,925427758.0499679,494877027.14700097,0,0,0
global-demand-boom,seed-2,OFF,JPQ,OFF,OFF,31,29,0,0,0,2,0,,0,-1,-1,0,0.48788135779117436,8421.410000000002,4678.53,6183.98,1,70.62666666666667,79.85,0.1884755907599587,2500000,12750000,0,59000000,0,61500000,4120427767.3506384,891498404.2682297,578752960.639723,0,0,0
global-demand-boom,seed-2,OFF,CONSV,OFF,OFF,3,2,1,1,0,0,1,CONSV-F1,1200000,4,5,0.3089108827705316,0.4896556935334723,4927.160000000001,2737.2600000000007,3326.1999999999994,1,74.86,81.92,0.16471323466453544,0,13000000,1200000,22300000,0,23500000,3570497009.73808,773542232.6027914,504361424.175888,0,0,0
global-demand-boom,seed-2,OFF,VAP,OFF,OFF,23,22,1,1,0,0,1,VAP-F1,1200000,24,25,0.41572696169315243,0.48079549962533047,7405.769999999999,4114.31,6407.79,1,71.13333333333334,77.50800000000001,0.22318828685938583,0,12000000,1200000,39000000,0,40200000,4016826431.664009,851041870.9527028,532179496.68650925,0,0,0
global-demand-boom,seed-2,ON,MASS,growth,chinaVolume,4,3,1,0,0,0,1,MASS-F1,1200000,5,-1,0.4000883605320159,0.46861190527923985,7041.92,3912.1600000000003,7394.879999999999,5,69.86,40.972,0.14755722390344198,0,5750000,720000,24000000,44000000,68720000,3495516815.617474,561050154.6541615,32399593.87371535,51177489.188565485,4,0
global-demand-boom,seed-2,ON,BAL,balanced,balancedGeneralist,3,2,1,1,0,0,1,BAL-F1,1200000,4,5,0.43459023588533324,0.4725497759917989,5560.259999999999,3089.0099999999998,4663.96,2,74.62,77.312,0.1732483481182964,0,12000000,1200000,48000000,22000000,71200000,4314713135.252851,931404927.8873572,500760936.3598406,0,0,0
global-demand-boom,seed-2,ON,JPQ,opportunistic,japanQuality,2,0,1,1,0,1,1,JPQ-F1,1200000,3,4,0.3001696459669189,0.4862714044045278,4776.86,2653.7600000000007,3678.59,1,74.67333333333333,72.74000000000001,0.2345597457663539,2500000,12000000,1200000,46700000,0,50400000,3717030877.0015006,869092688.8045975,558150808.5452087,0,0,0
global-demand-boom,seed-2,ON,CONSV,conservative,europePdConservative,2,0,1,1,0,1,1,CONSV-F1,1200000,3,4,0.28890929385929914,0.4847329638374969,4620.779999999999,2567.13,3124.620000000001,1,74.90333333333332,70.484,0.19228405932383147,2500000,13000000,1200000,49200000,0,52900000,3531666545.662494,813223727.7885976,536981576.7015631,0,0,0
global-demand-boom,seed-2,ON,VAP,valueAdded,usProcessedGrowth,6,0,1,1,0,5,1,VAP-F1,1200000,7,8,0.287858505494366,0.47202890655316454,4215.370000000001,2341.84,2817.390000000001,0,74.67999999999999,58.31,0.32121621461463506,2500000,12500000,1200000,50700000,0,54400000,3314981681.956159,801218991.3713306,537179741.8038332,0,0,0
global-demand-boom,seed-3,OFF,MASS,OFF,OFF,31,31,0,0,0,0,0,,0,-1,-1,0,0.4867641197474908,7720.04,4288.89,5146.390000000001,0,69.79666666666667,65.992,0.1599409261070081,0,4500000,0,36000000,22000000,58000000,3621173380.93808,595633280.564724,161640270.2950583,0,5,0
global-demand-boom,seed-3,OFF,BAL,OFF,OFF,31,31,0,0,0,0,0,,0,-1,-1,0,0.4697772817031444,8511.029999999999,4728.34,5676.740000000002,0,70.68333333333334,76.05,0.17327816784384054,2500000,12000000,0,53000000,22000000,77500000,4293378985.300649,911814996.8336575,479313112.9186714,0,0,0
global-demand-boom,seed-3,OFF,JPQ,OFF,OFF,2,1,1,1,0,0,1,JPQ-F1,1200000,3,4,0.30193230838002105,0.4809937929350992,5204.65,2891.46,3462.519999999999,0,74.99,81.982,0.19402244939034294,2500000,13000000,1200000,26000000,0,29700000,4010935798.6392574,895956105.0382203,567762687.0377969,0,0,0
global-demand-boom,seed-3,OFF,CONSV,OFF,OFF,8,5,1,1,0,2,1,CONSV-F1,1200000,9,10,0.4271599299651048,0.4864723893223477,5707.110000000001,3170.6600000000003,4833.029999999999,2,74.08,81.336,0.15568763615084547,0,12000000,1200000,22300000,0,23500000,3722865716.0792756,798258352.462851,524352010.06489,0,0,0
global-demand-boom,seed-3,OFF,VAP,OFF,OFF,10,8,1,1,0,1,1,VAP-F1,1200000,11,12,0.4340919657973659,0.47714359238966125,4530.769999999999,2517.0899999999992,4189.57,2,73.94666666666667,81.148,0.2973850666341015,0,11500000,1200000,0,0,1200000,3095096369.4063,705204402.4991361,505044229.3228737,0,0,0
global-demand-boom,seed-3,ON,MASS,growth,chinaVolume,31,31,0,0,0,0,0,,0,-1,-1,0,0.48642973919756927,8079.239999999999,4488.42,5384.79,0,69.74,39.553999999999995,0.13630256172467262,0,6250000,0,37000000,44000000,81000000,3740213339.1340313,609176942.5874734,37460770.42804331,39622183.345756546,4,0
global-demand-boom,seed-3,ON,BAL,balanced,balancedGeneralist,31,31,0,0,0,0,0,,0,-1,-1,0,0.46980151802696135,8511.609999999999,4728.700000000001,5675.690000000002,0,70.67333333333333,76.54599999999999,0.17344212811391238,2500000,12000000,0,53000000,22000000,77500000,4291348012.23598,913431965.5221429,481030375.8908552,0,0,0
global-demand-boom,seed-3,ON,JPQ,opportunistic,japanQuality,2,0,1,1,0,1,1,JPQ-F1,1200000,3,4,0.3001696459669189,0.48016258804147205,4341.489999999999,2411.8899999999994,2896.1300000000006,0,74.95666666666666,71.506,0.256767696155451,2500000,12000000,1200000,40000000,22000000,65700000,3462035006.5066977,827434941.33285,514050063.8900524,0,0,0
global-demand-boom,seed-3,ON,CONSV,conservative,europePdConservative,2,0,1,1,0,1,1,CONSV-F1,1200000,3,4,0.28890929385929914,0.4848413393809943,4625.17,2569.5199999999995,3579.600000000001,1,74.72666666666667,70.46400000000001,0.1922672433031274,2500000,13000000,1200000,49200000,0,52900000,3521195868.669222,805297191.905757,531171205.43008167,0,0,0
global-demand-boom,seed-3,ON,VAP,valueAdded,usProcessedGrowth,4,0,1,1,0,3,1,VAP-F1,1200000,5,6,0.28683369282073423,0.47184346042961006,4059.300000000001,2255.13,3681.3299999999995,2,74.50333333333333,60.763999999999996,0.3193968526653275,2500000,12000000,1200000,49200000,0,52900000,3293643880.2437897,788438784.9578054,529547959.6221322,0,0,0
global-demand-boom,seed-4,OFF,MASS,OFF,OFF,31,31,0,0,0,0,0,,0,-1,-1,0,0.48825619638351725,7644.1900000000005,4246.750000000001,5093.299999999999,0,69.63,54.492,0.1665642547028955,0,5250000,0,28000000,22000000,50000000,3584498419.907597,588775585.5611517,159860479.11138773,0,5,0
global-demand-boom,seed-4,OFF,BAL,OFF,OFF,31,30,1,0,1,0,1,BAL-F1,1200000,25,-1,0.405076037945141,0.4696780709350069,8514.309999999998,4730.159999999998,6234.130000000002,1,69.48666666666666,71.234,0.17336576367191403,2500000,11500000,0,53000000,22000000,77500000,4280576836.5045743,897796692.5437429,467321762.37526053,0,0,0
global-demand-boom,seed-4,OFF,JPQ,OFF,OFF,2,1,1,1,0,0,1,JPQ-F1,1200000,3,4,0.30193230838002105,0.48592102091410583,5271.16,2928.4300000000003,3512.500000000001,0,74.87,81.938,0.19382262022896554,2500000,13000000,1200000,30000000,0,33700000,3983615986.794043,878065967.3917217,552214716.1769484,0,0,0
global-demand-boom,seed-4,OFF,CONSV,OFF,OFF,31,29,0,0,0,2,0,,0,-1,-1,0,0.4835027660666605,7853.019999999998,4362.8099999999995,5224.880000000001,0,71,80.308,0.15426680582127839,0,12000000,0,25100000,0,25100000,3736398831.2941833,791585836.5243807,519329068.67532164,0,0,0
global-demand-boom,seed-4,OFF,VAP,OFF,OFF,9,7,1,1,0,1,1,VAP-F1,1200000,10,11,0.44081883353466633,0.48257594919776037,5715.180000000002,3175.1699999999987,5634.1,4,73.80666666666667,80.982,0.2267495636669134,0,12000000,1200000,50500000,0,51700000,3996457890.6172853,840452504.3261666,534285079.36698776,0,0,0
global-demand-boom,seed-4,ON,MASS,growth,chinaVolume,31,31,0,0,0,0,0,,0,-1,-1,0,0.4713959101051783,7358.97,4088.31,4909.729999999999,0,70.82333333333334,40.245999999999995,0.14329128247224132,0,5500000,0,24000000,44000000,68000000,3614877150.284478,579208522.2754297,25557062.553511474,57965740.110914215,5,0
global-demand-boom,seed-4,ON,BAL,balanced,balancedGeneralist,31,30,1,0,1,0,1,BAL-F1,1200000,25,-1,0.405076037945141,0.4696931968728827,8515.710000000001,4730.959999999999,6235.300000000001,1,69.48666666666666,73.42800000000001,0.17346794913327063,2500000,11500000,0,53000000,22000000,77500000,4277955352.8813696,905565413.0719607,474856759.72583497,0,0,0
global-demand-boom,seed-4,ON,JPQ,opportunistic,japanQuality,2,0,1,1,0,1,1,JPQ-F1,1200000,3,4,0.3001696459669189,0.4804134769548133,4345.129999999999,2413.89,2899.4800000000005,0,74.95,71.806,0.2552036416403209,2500000,12000000,1200000,40000000,22000000,65700000,3447527963.9988623,816832860.086724,502078385.9644194,0,0,0
global-demand-boom,seed-4,ON,CONSV,conservative,europePdConservative,2,0,1,1,0,1,1,CONSV-F1,1200000,3,4,0.28890929385929914,0.48562005146890885,4609.84,2561.0200000000004,3067.0499999999997,0,74.87666666666667,70.626,0.1932002416077963,2500000,13000000,1200000,49200000,0,52900000,3492411774.252937,796268825.9714864,526224379.7211766,0,0,0
global-demand-boom,seed-4,ON,VAP,valueAdded,usProcessedGrowth,6,0,1,1,0,5,1,VAP-F1,1200000,7,8,0.2870504993851614,0.47202066291664857,4206.69,2337.0700000000006,3897.1599999999994,3,74.25666666666666,57.8,0.3206100494820893,2500000,12000000,1200000,50700000,0,54400000,3284269714.729214,777389764.6135249,519793804.1455406,0,0,0
global-demand-boom,seed-5,OFF,MASS,OFF,OFF,26,25,1,1,0,0,1,MASS-F1,1200000,27,28,0.4122763033346829,0.4866640603608006,7385.410000000002,4103.01,5219.000000000001,1,69.80666666666667,66.708,0.1609379351704965,0,5250000,1200000,36000000,22000000,59200000,3631583534.4769034,600494133.0041922,165799130.19650185,0,5,0
global-demand-boom,seed-5,OFF,BAL,OFF,OFF,6,5,1,1,0,0,1,BAL-F1,1200000,7,8,0.42903103805887494,0.4718681920314902,5645.960000000001,3136.6399999999994,4700.35,2,73.10666666666667,76.83000000000001,0.18393566573658193,2500000,12000000,1200000,43000000,22000000,68700000,4152955566.4937997,905708838.0582445,489355685.72090554,0,0,0
global-demand-boom,seed-5,OFF,JPQ,OFF,OFF,26,23,1,1,0,2,1,JPQ-F1,1200000,27,28,0.40719067405355486,0.48697986235962265,8068.32,4482.38,5974.990000000001,1,70.93666666666667,79.79,0.18820109685338957,2500000,12600000,1200000,54000000,0,57700000,4103112968.923014,888430908.2681156,579231577.3726426,1.862645149230957e-9,0,0
global-demand-boom,seed-5,OFF,CONSV,OFF,OFF,3,2,1,1,0,0,1,CONSV-F1,1200000,4,5,0.3089108827705316,0.4905097345923742,4939.569999999999,2744.1900000000005,3284.9699999999993,0,74.84,81.91199999999999,0.1647154296711493,0,12750000,1200000,22300000,0,23500000,3560498282.0153646,764866031.4927261,503609267.70381886,0,0,0
global-demand-boom,seed-5,OFF,VAP,OFF,OFF,27,26,1,1,0,0,1,VAP-F1,1200000,28,29,0.4034425469728159,0.4804768229676468,7891.620000000002,4384.1900000000005,5702.16,1,69.70666666666666,77.23800000000001,0.22301334140061824,0,12000000,1200000,39500000,0,40700000,4005844806.372709,846736704.6737789,530566518.7191994,0,0,0
global-demand-boom,seed-5,ON,MASS,growth,chinaVolume,26,25,1,1,0,0,1,MASS-F1,1200000,27,28,0.42359408611276766,0.5008561689217811,7459.120000000001,4143.94,5939.12,3,65.82666666666667,35.762,0.1437272045659262,0,5000000,1200000,20000000,44000000,65200000,3433967375.4229903,529251998.9079836,28480792.60453169,99845667.4937065,5,0
global-demand-boom,seed-5,ON,BAL,balanced,balancedGeneralist,6,5,1,1,0,0,1,BAL-F1,1200000,7,8,0.42891146745572556,0.4730486802426456,5840.519999999999,3244.709999999999,4833.660000000001,2,73.06,76.596,0.1744929901295327,2500000,11500000,1200000,48000000,22000000,73700000,4276038802.0122094,920209709.7285686,491918536.6650417,0,0,0
global-demand-boom,seed-5,ON,JPQ,opportunistic,japanQuality,2,0,1,1,0,1,1,JPQ-F1,1200000,3,4,0.3001696459669189,0.48717735218240316,4792.279999999999,2662.4099999999994,3927,1,74.24,71.68,0.2347521547985468,2500000,12000000,1200000,54700000,0,58400000,3710934243.359469,859469409.3680512,547344656.3475695,0,0,0
global-demand-boom,seed-5,ON,CONSV,conservative,europePdConservative,2,0,1,1,0,1,1,CONSV-F1,1200000,3,4,0.28890929385929914,0.4853315225036602,4605.939999999999,2558.84,3064.0200000000004,0,74.89,70.78,0.19326143367973334,2500000,13000000,1200000,49200000,0,52900000,3505470339.821901,805074347.4589185,534785222.90064627,0,0,0
global-demand-boom,seed-5,ON,VAP,valueAdded,usProcessedGrowth,4,0,1,1,0,3,1,VAP-F1,1200000,5,6,0.28708768623933667,0.47201038650908383,4062.1200000000003,2256.6900000000005,2716.8900000000012,0,74.84666666666665,56.855999999999995,0.32130025667929174,2500000,12500000,1200000,50700000,0,54400000,3305188356.94545,795563745.0367998,534255696.9527974,0,0,0
global-disease-crisis,seed-1,OFF,MASS,OFF,OFF,23,20,0,0,0,3,0,,0,-1,-1,0,0.48894897631966117,2617.979999999999,1454.4700000000005,3416.7999999999993,3,69.20333333333333,39.322,0.1727987639779904,0,500000,0,0,0,0,1066504080.6465594,-210667002.95008057,-88560000,53300298.65897971,11,13
global-disease-crisis,seed-1,OFF,BAL,OFF,OFF,14,13,1,1,0,0,1,BAL-F1,1200000,15,16,0.40814964800158315,0.47292148262808587,6531.949999999998,3628.7999999999997,5604.659999999999,1,73.42,80.22999999999999,0.18447896911241332,2500000,12000000,1200000,43000000,22000000,68700000,3909977976.4044776,778704314.2296753,400363365.34546053,0,0,0
global-disease-crisis,seed-1,OFF,JPQ,OFF,OFF,2,1,1,1,0,0,1,JPQ-F1,1200000,3,4,0.4567772295171858,0.4727131029117131,5125.6900000000005,2847.5199999999986,3687.6899999999982,1,75.43666666666667,82.08,0.1830750478091879,2500000,13000000,1200000,53000000,0,56700000,3863284228.691609,765214680.7514788,489049894.58933043,0,0,0
global-disease-crisis,seed-1,OFF,CONSV,OFF,OFF,14,11,1,1,0,2,1,CONSV-F1,1200000,15,16,0.4060581792499156,0.48359479497070523,6317.949999999999,3509.9400000000005,4238.000000000001,1,73.99333333333333,81.53200000000001,0.15425591902497998,0,12000000,1200000,25100000,0,26300000,3548037946.3572197,696611507.7769367,450122442.92136514,0,0,0
global-disease-crisis,seed-1,OFF,VAP,OFF,OFF,31,31,0,0,0,0,0,,0,-1,-1,0,0.4763134817715912,6008.309999999999,3337.9700000000007,4002.9100000000008,0,70.84,80.298,0.2965994134377444,0,12000000,0,0,0,0,2942405463.9210706,599159261.3958691,428431214.90614015,0,0,0
global-disease-crisis,seed-1,ON,MASS,growth,chinaVolume,31,30,0,0,0,1,0,,0,-1,-1,0,0.4864473748129914,6869.710000000001,3816.5,6044.66,2,69.57000000000001,48.386,0.15003943046632265,0,5000000,0,20000000,22000000,42000000,2990265501.970874,394757414.1103819,55240885.6622747,11152071.61961767,5,0
global-disease-crisis,seed-1,ON,BAL,balanced,balancedGeneralist,14,13,1,1,0,0,1,BAL-F1,1200000,15,16,0.422892055771109,0.4736937940305636,6901.729999999997,3834.3399999999997,6039.950000000002,1,73.37,76.35999999999999,0.17029545655523642,2500000,12000000,1200000,52000000,22000000,77700000,4065969826.135516,778636103.5701587,389970361.62996054,0,0,0
global-disease-crisis,seed-1,ON,JPQ,opportunistic,japanQuality,2,0,1,1,0,1,1,JPQ-F1,1200000,3,4,0.45681281429437764,0.4817948992690038,4429.650000000001,2460.91,3292.2500000000005,1,74.89333333333333,72.97200000000001,0.2499923925215984,2500000,12100000,1200000,49200000,22000000,74900000,3306074051.2513647,707406407.6957538,441255004.53789407,0,0,0
global-disease-crisis,seed-1,ON,CONSV,conservative,europePdConservative,2,0,1,1,0,1,1,CONSV-F1,1200000,3,4,0.28890929385929914,0.4850980888525906,4599.959999999999,2555.51,3057.609999999999,0,74.90333333333335,70.602,0.19325625596475735,2500000,13000000,1200000,49200000,0,52900000,3304151394.771931,678750076.817748,441145636.5733083,0,0,0
global-disease-crisis,seed-1,ON,VAP,valueAdded,usProcessedGrowth,6,0,1,1,0,5,1,VAP-F1,1200000,7,8,0.288115228582403,0.4720302376092762,4213.78,2340.959999999999,2818.65,0,74.67666666666668,66.454,0.3186873738563754,2500000,12500000,1200000,49200000,0,52900000,3104592546.2417464,660423015.5503497,438743701.6491662,0,0,0
global-disease-crisis,seed-2,OFF,MASS,OFF,OFF,4,3,1,0,0,0,1,MASS-F1,1200000,5,-1,0.400548128584723,0.4772289962954742,7192.0099999999975,3995.500000000001,7076.580000000001,4,69.50333333333333,71.05199999999999,0.16582129970160342,0,6750000,720000,40000000,22000000,62720000,3286666855.7859006,474888933.9160722,92032712.13136564,0,5,0
global-disease-crisis,seed-2,OFF,BAL,OFF,OFF,3,2,1,1,0,0,1,BAL-F1,1200000,4,5,0.4335094113641763,0.4716599338706442,5546.289999999999,3081.25,4646.04,2,74.62333333333333,77.178,0.1727225044495884,2500000,12000000,1200000,48000000,22000000,73700000,4068096132.4802394,785524383.2432232,400829670.59002405,0,0,0
global-disease-crisis,seed-2,OFF,JPQ,OFF,OFF,22,19,1,1,0,2,1,JPQ-F1,1200000,23,24,0.4083651161596664,0.4814317966085858,7449.550000000001,4138.63,5895.390000000001,2,71.52666666666666,78.27399999999999,0.1789424955415011,2500000,12600000,1200000,48500000,0,52200000,3847287614.344711,742837535.9311051,474619256.3101758,0,0,0
global-disease-crisis,seed-2,OFF,CONSV,OFF,OFF,3,2,1,1,0,0,1,CONSV-F1,1200000,4,5,0.3089108827705316,0.49068274342371554,4915.290000000001,2730.7100000000005,3316.0700000000006,1,74.79333333333334,81.89,0.16481690050880782,0,13000000,1200000,22300000,0,23500000,3343157118.4531183,645380086.3121296,410955838.49765974,0,0,0
global-disease-crisis,seed-2,OFF,VAP,OFF,OFF,23,22,1,1,0,0,1,VAP-F1,1200000,24,25,0.44208440128050186,0.47660162538246026,5583.84,3102.1299999999987,4316.74,1,71.17666666666666,77.958,0.29621258030893494,0,12000000,1200000,0,0,1200000,2946522146.9511147,596194976.2984333,423713906.6211481,0,0,0
global-disease-crisis,seed-2,ON,MASS,growth,chinaVolume,4,3,1,0,0,0,1,MASS-F1,1200000,5,-1,0.40081498479188393,0.5018488339738167,7536.099999999998,4186.69,7503.24,5,67.51333333333334,38.124,0.15467167436236265,0,4500000,720000,12000000,22000000,34720000,3141102340.6505284,410848333.83134955,48519910.383907475,0,5,0
global-disease-crisis,seed-2,ON,BAL,balanced,balancedGeneralist,3,2,1,1,0,0,1,BAL-F1,1200000,4,5,0.43432995776472294,0.4715962221041578,5546.509999999999,3081.3999999999987,4654.02,2,74.62333333333333,76.97200000000001,0.17289761811907542,2500000,12000000,1200000,48000000,22000000,73700000,4066084977.464849,787734015.8176557,403240371.5515755,0,0,0
global-disease-crisis,seed-2,ON,JPQ,opportunistic,japanQuality,2,0,1,1,0,1,1,JPQ-F1,1200000,3,4,0.3001696459669189,0.48616922121573947,4770.29,2650.1399999999994,3672.5499999999997,1,74.68333333333334,73.83000000000001,0.23342172630166455,2500000,12000000,1200000,45200000,0,48900000,3493414275.3958755,728250927.1302084,461467155.01618725,0,0,0
global-disease-crisis,seed-2,ON,CONSV,conservative,europePdConservative,2,0,1,1,0,1,1,CONSV-F1,1200000,3,4,0.28890929385929914,0.4856088693929626,4607.16,2559.4900000000002,3114.1799999999994,1,74.87666666666667,70.72599999999998,0.19262810357772153,2500000,13000000,1200000,49200000,0,52900000,3309029708.589728,682127437.2065669,442021572.3716808,0,0,0
global-disease-crisis,seed-2,ON,VAP,valueAdded,usProcessedGrowth,4,0,1,1,0,3,1,VAP-F1,1200000,5,6,0.2871083958591349,0.47205482214229555,4061.4500000000007,2256.289999999999,2717.8399999999997,0,74.85333333333332,66.34599999999999,0.3185270677578284,2500000,12500000,1200000,49200000,0,52900000,3110536677.6744494,664470173.0970653,441926051.9053702,0,0,0
global-disease-crisis,seed-3,OFF,MASS,OFF,OFF,31,31,0,0,0,0,0,,0,-1,-1,0,0.4842853546280829,7742.120000000001,4301.16,5159.240000000001,0,69.98333333333333,67.638,0.1599639571958987,0,6000000,0,36000000,22000000,58000000,3433565740.6358685,486240635.8727033,99157842.75040163,0,5,0
global-disease-crisis,seed-3,OFF,BAL,OFF,OFF,31,31,0,0,0,0,0,,0,-1,-1,0,0.47107839413116825,8548.26,4748.98,5698.830000000003,0,70.65,75.5,0.1727950354309723,2500000,11500000,0,53000000,22000000,77500000,4041665322.7999372,763189962.116789,377988958.5129424,0,0,0
global-disease-crisis,seed-3,OFF,JPQ,OFF,OFF,2,1,1,1,0,0,1,JPQ-F1,1200000,3,4,0.30193230838002105,0.48386753988730513,5207.970000000001,2893.270000000001,3468.0599999999995,0,74.94666666666667,81.96600000000001,0.19562776788440406,2500000,13000000,1200000,26000000,0,29700000,3745486036.8937864,743683244.2990611,455504610.7688476,0,0,0
global-disease-crisis,seed-3,OFF,CONSV,OFF,OFF,8,5,1,1,0,2,1,CONSV-F1,1200000,9,10,0.4271599299651048,0.4864418208160332,5706.27,3170.1600000000008,4832.999999999999,2,74.08,81.336,0.15568098474008557,0,12000000,1200000,22300000,0,23500000,3514555664.12095,671934968.2166688,431877217.81955177,0,0,0
global-disease-crisis,seed-3,OFF,VAP,OFF,OFF,10,8,1,1,0,1,1,VAP-F1,1200000,11,12,0.44244152225615224,0.4787193654399024,5370.31,2983.5199999999995,4835.61,2,73.96,81.138,0.24262419568993596,0,11250000,1200000,16000000,0,17200000,3479240498.9283466,664059335.1873261,419598050.1192951,0,0,0
global-disease-crisis,seed-3,ON,MASS,growth,chinaVolume,31,31,0,0,0,0,0,,0,-1,-1,0,0.5105360209237306,7924.83,4402.73,5286.9400000000005,0,68.05000000000001,37.062,0.1513314521693575,0,2000000,0,12000000,22000000,34000000,3218853830.1188784,398871948.83737946,43288689.6449135,12244471.494105227,5,0
global-disease-crisis,seed-3,ON,BAL,balanced,balancedGeneralist,31,31,0,0,0,0,0,,0,-1,-1,0,0.4712665492003851,8555.3,4752.92,5705.9900000000025,0,70.64,75.66400000000002,0.17300115719493356,2500000,11500000,0,53000000,22000000,77500000,4040015322.7658825,771728823.2307556,385577731.5017108,0,0,0
global-disease-crisis,seed-3,ON,JPQ,opportunistic,japanQuality,2,0,1,1,0,1,1,JPQ-F1,1200000,3,4,0.3001696459669189,0.4801776077598056,4336.55,2409.21,2891.5699999999997,0,74.94666666666667,72.958,0.25557388936749964,2500000,12000000,1200000,38800000,22000000,64500000,3251919853.722626,691685044.5435729,417464036.2539972,0,0,0
global-disease-crisis,seed-3,ON,CONSV,conservative,europePdConservative,2,0,1,1,0,1,1,CONSV-F1,1200000,3,4,0.28890929385929914,0.48564100766147966,4600.139999999999,2555.6500000000005,3563.4400000000005,1,74.7,70.49199999999999,0.19316412171813752,2500000,13000000,1200000,48000000,0,51700000,3287727365.99395,670961049.8669686,434411355.2137112,0,0,0
global-disease-crisis,seed-3,ON,VAP,valueAdded,usProcessedGrowth,4,0,1,1,0,3,1,VAP-F1,1200000,5,6,0.2866806124019363,0.4718233449346245,4046.8199999999993,2248.26,3668.5600000000004,2,74.50333333333333,66.66,0.3205777706301996,2500000,11750000,1200000,48000000,0,51700000,3080091058.137441,652747795.07234,434771035.7819215,0,0,0
global-disease-crisis,seed-4,OFF,MASS,OFF,OFF,31,31,0,0,0,0,0,,0,-1,-1,0,0.4814023538625437,7949.78,4416.5599999999995,5294.119999999999,0,70.25,71.65599999999999,0.15237062199724602,0,6750000,0,53000000,22000000,75000000,3542739824.7071953,512500815.13232815,121894297.391877,0,5,0
global-disease-crisis,seed-4,OFF,BAL,OFF,OFF,31,30,1,0,1,0,1,BAL-F1,1200000,25,-1,0.40566039545311794,0.47600332819162666,8856.44,4920.27,6454.300000000001,1,69.32333333333334,72.76,0.17219208422858348,2500000,12000000,0,53000000,22000000,77500000,4101990503.3822646,771951389.7636884,388918248.41980284,0,0,0
global-disease-crisis,seed-4,OFF,JPQ,OFF,OFF,2,1,1,1,0,0,1,JPQ-F1,1200000,3,4,0.30193230838002105,0.48436770558678166,5232.080000000001,2906.75,3479.5299999999993,0,74.94000000000001,81.958,0.19344528808629294,2500000,12500000,1200000,30000000,0,33700000,3741932897.7550025,737663221.2611641,449747403.88416165,0,0,0
global-disease-crisis,seed-4,OFF,CONSV,OFF,OFF,31,29,0,0,0,2,0,,0,-1,-1,0,0.4834985223544887,7852.889999999999,4362.69,5224.81,0,71,80.308,0.15425967232721238,0,12000000,0,25100000,0,25100000,3529328631.3769917,671136585.7988763,431732724.5231079,0,0,0
global-disease-crisis,seed-4,OFF,VAP,OFF,OFF,9,7,1,1,0,1,1,VAP-F1,1200000,10,11,0.4404076607545191,0.4772113131570288,4498.780000000001,2499.3,4626.6,4,73.85000000000001,81.006,0.2958596474504103,0,11500000,1200000,0,0,1200000,2926885644.3431525,580972164.153998,413897556.2580735,0,0,0
global-disease-crisis,seed-4,ON,MASS,growth,chinaVolume,31,31,0,0,0,0,0,,0,-1,-1,0,0.49702177987083657,7924.330000000001,4402.4400000000005,5286.320000000001,0,68.67333333333333,39.902,0.13499793026505652,0,3000000,0,16000000,22000000,38000000,3301857463.6965337,436144485.1320746,75418974.25953849,0,5,0
global-disease-crisis,seed-4,ON,BAL,balanced,balancedGeneralist,31,30,1,0,1,0,1,BAL-F1,1200000,25,-1,0.40566039545311794,0.4766437054989723,8875.320000000002,4930.76,6464.700000000002,1,69.32333333333334,71.73600000000002,0.17236668867986057,2500000,12000000,0,53000000,22000000,77500000,4101062720.9808393,778698309.5447327,394652918.82246417,0,0,0
global-disease-crisis,seed-4,ON,JPQ,opportunistic,japanQuality,2,0,1,1,0,1,1,JPQ-F1,1200000,3,4,0.3001696459669189,0.48019083123497885,4334.410000000002,2407.979999999999,2892.4600000000005,0,74.94666666666667,73.06,0.2557341165206392,2500000,12000000,1200000,38800000,22000000,64500000,3243506093.849082,688258160.8734057,418554708.3272153,0,0,0
global-disease-crisis,seed-4,ON,CONSV,conservative,europePdConservative,2,0,1,1,0,1,1,CONSV-F1,1200000,3,4,0.28890929385929914,0.4853473090207855,4582.749999999999,2545.9699999999993,3052.4100000000003,0,74.88,70.554,0.19419637165201895,2500000,13000000,1200000,48000000,0,51700000,3272147899.4951916,667805045.3657905,433873635.6938527,0,0,0
global-disease-crisis,seed-4,ON,VAP,valueAdded,usProcessedGrowth,6,0,1,1,0,5,1,VAP-F1,1200000,7,8,0.2882717062587975,0.4719993179335037,4189.11,2327.2700000000004,3886.7200000000007,3,74.27,66.378,0.3184425846442151,2500000,12250000,1200000,48000000,0,51700000,3061565219.6781883,642334730.5145805,426387291.4397592,0,0,0
global-disease-crisis,seed-5,OFF,MASS,OFF,OFF,26,25,1,1,0,0,1,MASS-F1,1200000,27,28,0.4370956591566452,0.4996470442005876,7222.290000000001,4012.3599999999997,5928.219999999999,3,65.88,60.504,0.1719370657849165,0,5500000,1200000,28000000,22000000,51200000,3205046014.196831,428346806.4426633,59112544.5807318,3416180.100091085,5,0
global-disease-crisis,seed-5,OFF,BAL,OFF,OFF,6,5,1,1,0,0,1,BAL-F1,1200000,7,8,0.42908394861895327,0.47216009003991893,5648.589999999999,3138.1,4717.12,2,73.09333333333335,80.07000000000001,0.18383663323550825,2500000,12000000,1200000,43000000,22000000,68700000,3903833597.3549066,763692539.2356198,393766593.2636731,0,0,0
global-disease-crisis,seed-5,OFF,JPQ,OFF,OFF,26,23,1,1,0,2,1,JPQ-F1,1200000,27,28,0.40719067405355486,0.486421886259342,8035.200000000001,4463.9400000000005,5954.6100000000015,1,70.94333333333333,79.79400000000001,0.18837116222056147,2500000,12500000,1200000,54000000,0,57700000,3847053084.4493055,737655107.2659025,469392108.6390953,0,0,0
global-disease-crisis,seed-5,OFF,CONSV,OFF,OFF,3,2,1,1,0,0,1,CONSV-F1,1200000,4,5,0.3089108827705316,0.49045290795629787,4911.51,2728.6400000000003,3265.5600000000004,0,74.80333333333333,81.902,0.16481770632460174,0,13000000,1200000,22300000,0,23500000,3331985608.674415,631720731.2540195,405605948.3342807,0,0,0
global-disease-crisis,seed-5,OFF,VAP,OFF,OFF,27,26,1,1,0,0,1,VAP-F1,1200000,28,29,0.4119855021667239,0.4784050276952564,7346.470000000001,4081.359999999999,5341.08,1,69.75666666666666,77.186,0.23775006887056951,0,12000000,1200000,16000000,0,17200000,3541124601.5422378,671145725.2549822,430869508.0179245,0,0,0
global-disease-crisis,seed-5,ON,MASS,growth,chinaVolume,26,25,1,1,0,0,1,MASS-F1,1200000,27,28,0.4211251678645748,0.49737762528784646,7383.789999999999,4102.11,5916.36,3,66.01,37.458,0.1441927878537136,0,4500000,1200000,24000000,22000000,47200000,3249373791.2724977,447035940.30188125,78593431.62179185,0,4,0
global-disease-crisis,seed-5,ON,BAL,balanced,balancedGeneralist,6,5,1,1,0,0,1,BAL-F1,1200000,7,8,0.4289551777351165,0.4721972446690054,5647.659999999999,3137.5299999999997,4720.459999999999,2,73.08999999999999,80.072,0.1845563541553549,2500000,12000000,1200000,43000000,22000000,68700000,3903449319.168107,771540297.2138258,399653258.7372387,0,0,0
global-disease-crisis,seed-5,ON,JPQ,opportunistic,japanQuality,2,0,1,1,0,1,1,JPQ-F1,1200000,3,4,0.3001696459669189,0.48636191372745624,4773.930000000001,2652.1699999999987,3918.3900000000003,1,74.28666666666668,73.08,0.23366834478455142,2500000,12000000,1200000,53200000,0,56900000,3487028630.8079896,717744322.9673567,448794527.2980925,0,0,0
global-disease-crisis,seed-5,ON,CONSV,conservative,europePdConservative,2,0,1,1,0,1,1,CONSV-F1,1200000,3,4,0.28890929385929914,0.4854454354626018,4594.4,2552.4200000000005,3057.0000000000005,0,74.90333333333334,70.79400000000001,0.1932989637683511,2500000,13000000,1200000,48000000,0,51700000,3291604032.744082,673751801.863728,440180283.9055046,0,0,0
global-disease-crisis,seed-5,ON,VAP,valueAdded,usProcessedGrowth,4,0,1,1,0,3,1,VAP-F1,1200000,5,6,0.28694606417423046,0.47269697478714756,4070.420000000001,2261.3199999999993,2722.7599999999998,0,74.85,66.14200000000001,0.3184536315938729,2500000,12500000,1200000,49200000,0,52900000,3100874700.9415536,655437797.1604732,436467107.4715469,0,0,0
