scenario,seed,mode,companyId,hosoProductionCumulative,pdProductionCumulative,vapProductionCumulative,hosoProductionShare,pdProductionShare,vapProductionShare,hosoSalesDesiredCumulative,pdSalesDesiredCumulative,vapSalesDesiredCumulative
baseline,seed-1,OFF,MASS,300012.3400000001,143065.04,93768.87000000001,0.5588422010957513,0.266491644488529,0.17466615441571956,308879.45,157351.69,106201.47000000002
baseline,seed-1,OFF,BAL,393592.4499999999,195982.30999999997,131077.96,0.5461610552167208,0.27195111398455557,0.18188783079872373,402739.88999999984,204501.00999999992,140105.03000000003
baseline,seed-1,OFF,JPQ,349064.39999999985,208532.77000000002,124693.34999999998,0.511606697979623,0.3056363292282004,0.18275697279217656,361834.8899999999,211704.06999999992,129856.73000000003
baseline,seed-1,OFF,CONSV,366556.24000000005,183827.13999999998,100364.41,0.5632846482659588,0.2824859996835333,0.15422935205050792,360936.02,181450.66,100306.90000000001
baseline,seed-1,OFF,VAP,202329.99,152197.46,148569.97000000003,0.4021686098092095,0.3025208517268882,0.2953105384639024,200144.59999999995,150108.41000000003,150108.38999999998
baseline,seed-1,ON,MASS,341148.82,150196.71000000002,88591.74999999999,0.5882512329609161,0.2589878512379822,0.15276091580110177,424392.7000000001,161777.19999999992,96790.18000000002
baseline,seed-1,ON,BAL,418253.08000000013,190405.16999999998,124340.62000000005,0.5706053544120744,0.2597618874910407,0.16963275809688497,425622.20999999985,201660.39,135631.58000000002
baseline,seed-1,ON,JPQ,279874.23000000004,220915.17999999996,138920.60000000003,0.43750172050614,0.3453364439302739,0.21716183556358612,275932.08999999985,216459.70999999993,167162.92999999988
baseline,seed-1,ON,CONSV,280950.6400000001,212981.80000000005,111358.48000000003,0.4641580283411487,0.3518668345462707,0.1839751371125805,275856.72000000003,227541.81000000008,112406.10999999997
baseline,seed-1,ON,VAP,169617.35999999996,180757.09999999998,165163.61000000007,0.32901034835312926,0.3506183355188492,0.32037131612802144,168029,209246.49000000005,180422.01999999996
baseline,seed-2,OFF,MASS,273176.19999999995,140136.77,93072.43999999997,0.5394630149395497,0.2767393515543823,0.183797633506068,290624.9600000002,162881.00999999995,111345.77999999997
baseline,seed-2,OFF,BAL,411591.6599999999,188749.79999999993,126654.06999999995,0.566154320096026,0.25962993197496,0.17421574792901406,417313.58999999997,199883.9899999999,137893.51999999993
baseline,seed-2,OFF,JPQ,350904.39999999985,209098.01999999993,121770.98999999998,0.5146935841924372,0.30669723537619337,0.17860918043136945,361552.5600000001,211581.28999999992,126741.67000000003
baseline,seed-2,OFF,CONSV,331951.61999999994,193798.69999999995,108455.37,0.5234131847666016,0.3055770439397982,0.1710097712936004,326264.04,191190.46999999988,108297.97999999992
baseline,seed-2,OFF,VAP,202332.06999999998,152199.41,148504.49000000002,0.4022218729209364,0.30256168361081615,0.2952164434682475,200144.58999999997,150108.43000000002,150108.36999999988
baseline,seed-2,ON,MASS,340671.45000000007,147509.61000000002,87638.53,0.591628794706342,0.25617330942144567,0.1521978958722123,404334.64000000013,162933.30999999997,97869.43999999997
baseline,seed-2,ON,BAL,411433.3399999999,188818.2499999999,126978.01999999995,0.5657543839558459,0.25964048686081415,0.17460512918334004,415907.45,199143.05,137362.56
baseline,seed-2,ON,JPQ,274888.92,217469.16,139642.62999999998,0.4349503341538968,0.34409638558792127,0.22095328025818195,270934.7200000001,213064.96999999997,168093.69
baseline,seed-2,ON,CONSV,280953.50000000006,213019.98000000004,111307.64000000003,0.4641702685191965,0.3519356096882718,0.18389412179253173,275856.75000000006,227541.76000000004,112406.03999999989
baseline,seed-2,ON,VAP,187189.92999999996,180240.33,164232.42,0.3520840131189949,0.3390125671412558,0.30890341973974933,184579.73,210281.41000000015,180690.55000000005
baseline,seed-3,OFF,MASS,335667.79,152479.78000000003,99655.65999999999,0.5710546878076869,0.2594061621607626,0.1695391500315505,343907.65,168814.93999999997,113610.76999999999
baseline,seed-3,OFF,BAL,422298.3099999998,189930.56999999992,127559.16999999994,0.5708368903769127,0.25673646661364696,0.17242664300944033,428062.7600000001,201557.48999999993,139086.00000000003
baseline,seed-3,OFF,JPQ,349770.1900000001,208718.49000000008,122080.31999999998,0.5139378813904248,0.30668233492856717,0.17937978368100804,361958.61999999994,211757.83999999994,126843.12
baseline,seed-3,OFF,CONSV,367313.75999999995,178142.63999999998,100528.28000000001,0.5686106364008509,0.27576914053132034,0.15562022306782883,361671.25000000006,175858.6600000001,100490.69000000002
baseline,seed-3,OFF,VAP,349439.54000000015,153406.69999999998,149225.94,0.5358908886436469,0.235260305078496,0.2288488062778571,350544.5200000002,152908.35999999993,152108.49
baseline,seed-3,ON,MASS,345758.1400000001,149105.30999999997,89819.26999999999,0.5913602851132662,0.2550191837378056,0.15362053114892804,434792.4099999999,174923.7200000001,106237.06
baseline,seed-3,ON,BAL,422291.26999999984,189929.4899999999,127735.02999999994,0.5706979737262412,0.25667680767792894,0.17262521859582988,428062.74999999977,201557.44000000003,139086.01000000004
baseline,seed-3,ON,JPQ,275260.22,216278.87000000002,139102.50000000003,0.4364764778675634,0.3429505339157857,0.22057298821665097,271314.0800000001,211912.63000000015,167775.02999999985
baseline,seed-3,ON,CONSV,284494.4,211265.11,111247.18999999999,0.4686841183136859,0.3480441154932886,0.18327176619302554,278908.73999999993,225667.68999999994,112413.23000000003
baseline,seed-3,ON,VAP,169707.82000000004,181293.97999999998,163653.75,0.32975029609609774,0.35226275127121426,0.317986952632688,168229.05000000002,210205.6999999999,179029.81999999992
baseline,seed-4,OFF,MASS,343977.4499999999,153234.9,97586.36,0.5783090047387628,0.257624802178875,0.1640661930823623,362128.75,177229.49999999994,117520.03000000006
baseline,seed-4,OFF,BAL,425510.37999999983,189301.03999999995,127350.74999999994,0.5733388162320373,0.255066948508033,0.17159423525992978,437437.43999999994,204715.79000000007,141341.9199999999
baseline,seed-4,OFF,JPQ,350862.0600000002,208852.30000000008,121945.40999999996,0.5147172760393357,0.3063878920124625,0.17889483194820185,361958.6199999999,211477.84999999995,126843.09999999999
baseline,seed-4,OFF,CONSV,366556.67,183827.30000000005,100315.68999999999,0.5633269733074704,0.28250714008364486,0.15416588660888497,360936.07,181450.65000000005,100306.84
baseline,seed-4,OFF,VAP,202327.06999999995,152195.27,148307.74999999997,0.4023766159260675,0.3026773318199792,0.2949460522539532,200144.6399999998,150108.4500000001,150108.50000000003
baseline,seed-4,ON,MASS,341361.30999999994,145640.66999999998,87671.60999999997,0.5940090443341933,0.2534319873652103,0.1525589683005965,428401.0299999998,172817.00000000006,104976.94
baseline,seed-4,ON,BAL,397003.1399999999,195947.9999999999,131628.6,0.5479081432776467,0.2704298632473494,0.18166199347500395,404472.95000000007,199461.38999999998,136032.35
baseline,seed-4,ON,JPQ,275001.42,217235.46999999997,139613.71,0.43523171458569476,0.34380828316060785,0.2209600022536973,271030.36,212845.71999999994,168156.53000000006
baseline,seed-4,ON,CONSV,279341.74000000005,211532.09,110851.02000000002,0.46423500708006327,0.3515428854234622,0.18422210749647452,273630.33,226526.67,112466.20999999998
baseline,seed-4,ON,VAP,169779.51000000004,180651.63999999993,164235.3200000001,0.3298825936727528,0.35100720666726143,0.31911019965998577,168288.59999999992,209580.41999999995,180704.0599999999
baseline,seed-5,OFF,MASS,353338.94999999995,158634.56,99915.58999999998,0.5774558657769847,0.2592537765421871,0.16329035768082809,358933.2299999999,175880.05000000005,116000.26
baseline,seed-5,OFF,BAL,409788.9200000001,186977.03999999992,125566.29000000002,0.5673136150296489,0.2588518510699196,0.17383453390043158,415752.44000000006,199653.00999999998,137264.38999999998
baseline,seed-5,OFF,JPQ,337967.37999999995,206372.21999999994,127472.50000000003,0.5030683132977212,0.30718741148008494,0.18974427522219392,350054.1099999999,210377.2200000001,133091.14
baseline,seed-5,OFF,CONSV,331498.99,177883.88,107937.84999999999,0.5369963768590175,0.28815472126061153,0.17484890188037103,325879.7700000001,175598.05,107848.08999999998
baseline,seed-5,OFF,VAP,202318.85000000003,152157.09999999998,148581.1,0.40217873897205103,0.3024648993588301,0.2953563616691188,200144.59000000003,150108.48000000004,150108.42000000007
baseline,seed-5,ON,MASS,349439.27999999997,158995.73999999996,93129.33000000003,0.580884289436367,0.2643037939332674,0.15481191663036553,450365.2099999996,184512.92999999996,109437.95000000004
baseline,seed-5,ON,BAL,409693.04000000015,186932.50999999992,125864.63,0.5670568975761029,0.25873363427583185,0.17420946814806534,415142.21000000014,199346.23,137257.66000000003
baseline,seed-5,ON,JPQ,275189.32,217368.15000000005,139645.62,0.4352862622041281,0.34382645931072564,0.22088727848514625,271254.50999999983,212968.88999999993,168241.85000000003
baseline,seed-5,ON,CONSV,284299.88,210325.99999999994,111489.66999999998,0.4690522788930263,0.34700644126355107,0.1839412798434226,278908.70999999996,225355.31000000003,112413.15999999995
baseline,seed-5,ON,VAP,169715.33999999997,180130.86999999994,165121.62000000008,0.32956493612426235,0.3497905296336665,0.3206445342420712,168304.11000000004,209622.99000000005,180731.90999999986
ecuador-early-expansion,seed-1,OFF,MASS,295463.41,141957.62,91643.55,0.5584637890519906,0.26831813235352103,0.17321807859448843,296153.20999999996,146742.09999999998,96597.58000000003
ecuador-early-expansion,seed-1,OFF,BAL,418338.4200000001,190408.04999999996,124006.53000000006,0.5709132818289383,0.2598529791075573,0.1692337390635044,430136.8099999999,203947.24000000005,137223.07000000004
ecuador-early-expansion,seed-1,OFF,JPQ,339532.54000000004,208402.97000000012,126333.17000000006,0.5035567423953311,0.3090800094704088,0.1873632481342601,352477.97000000015,211466.76999999993,131902.47999999998
ecuador-early-expansion,seed-1,OFF,CONSV,366556.03,183827.05,100312.85,0.5633292189179668,0.28250837530211687,0.15416240577991627,360935.9899999999,181450.65,100306.82999999997
ecuador-early-expansion,seed-1,OFF,VAP,202308.52000000002,152181.40000000005,147804.92,0.4027684616469482,0.3029722543038667,0.2942592840491851,200144.57000000007,150108.43000000008,150108.4200000001
ecuador-early-expansion,seed-1,ON,MASS,322194.33,148115.93000000005,87731.63999999998,0.5773658393751437,0.2654208044234672,0.15721335620138915,393739.82000000007,154661.72000000003,92747.80000000003
ecuador-early-expansion,seed-1,ON,BAL,418338.54000000015,190375.93999999997,124152.05000000006,0.5708250041109123,0.25976891044539846,0.16940608544368924,430633.8400000001,204208.0600000001,137406.03999999998
ecuador-early-expansion,seed-1,ON,JPQ,280168.75,221040.23,139053.56999999998,0.4375841598106902,0.3452337326304655,0.2171821075588444,276246.22,216650.61000000002,167308.49999999997
ecuador-early-expansion,seed-1,ON,CONSV,278965.42000000004,212972.54000000007,110705.92000000003,0.462902601782001,0.3533970012273252,0.18370039699067384,273217.5,227826.0100000001,112330.68000000002
ecuador-early-expansion,seed-1,ON,VAP,169548.50000000003,181345.88999999993,165159.76,0.3285478859146856,0.3514086457787423,0.32004346830657215,168567.01,210664.46000000002,181018.49000000002
ecuador-early-expansion,seed-2,OFF,MASS,333390.44999999995,156430.30000000002,101922.58999999998,0.5634038061163477,0.264354982009599,0.17224121187405333,346324.79,176404.35999999996,118556.81000000003
ecuador-early-expansion,seed-2,OFF,BAL,413803.0800000001,189643.51999999996,123876.37000000008,0.5689399304960765,0.2607418269768105,0.1703182425271129,422071.15,200073.89999999997,134787.62000000002
ecuador-early-expansion,seed-2,OFF,JPQ,336747.17999999993,206291.21999999994,128806.46999999997,0.5012275824923691,0.30705186451747407,0.19172055299015678,345371.60999999975,208199.30999999997,134083.09999999998
ecuador-early-expansion,seed-2,OFF,CONSV,331950.66,193798.16999999998,108246.74,0.5235851411390777,0.3056774828884057,0.17073737597251668,326264.09,191190.4600000001,108297.98000000003
ecuador-early-expansion,seed-2,OFF,VAP,202302.77999999997,152177.55999999997,147168.29999999996,0.4032758466164685,0.3033548740409224,0.2933692793426092,200144.59999999995,150108.4999999999,150108.4
ecuador-early-expansion,seed-2,ON,MASS,340542.75000000006,148788.8,89146.46000000002,0.5886874593556288,0.25720735693998115,0.1541051837043901,424788.18000000017,170085.14999999997,102777.94000000002
ecuador-early-expansion,seed-2,ON,BAL,413758.7200000001,189690.24999999994,124162.87000000008,0.5686530884379232,0.26070253337273885,0.17064437818933798,423135.61,200593.91000000006,135148.23999999996
ecuador-early-expansion,seed-2,ON,JPQ,274879.91,217399.83999999997,139642.53999999998,0.4349900523369733,0.34402939006946565,0.22098055759356106,270979.27999999997,213092.06,168114.35000000006
ecuador-early-expansion,seed-2,ON,CONSV,278966.98000000004,213010.78000000006,110646.80000000003,0.46292003100570606,0.3534717868120078,0.1836081821822861,273217.5,227825.99000000008,112330.70000000001
ecuador-early-expansion,seed-2,ON,VAP,170269.55,180195.07999999996,164461.46000000005,0.3306679411019939,0.34994358122347224,0.31938847767453393,168621.71999999994,210034.5,180849.0900000001
ecuador-early-expansion,seed-3,OFF,MASS,325747.89999999997,155002.56,98666.67,0.5621992915535652,0.26751463147111304,0.17028607697532172,342999.32,175973.32000000004,116382.03999999998
ecuador-early-expansion,seed-3,OFF,BAL,422323.4299999998,189937.6799999999,127349.78999999995,0.5710075797963496,0.25680757273858457,0.17218484746506577,429597.4400000001,202334.92,139640.62000000008
ecuador-early-expansion,seed-3,OFF,JPQ,349780.2400000001,208726.7000000001,121807.65999999997,0.5141448382851111,0.30680908509092714,0.17904607662396185,361958.5999999999,211757.81999999995,126843.12999999998
ecuador-early-expansion,seed-3,OFF,CONSV,367312.73,178142.52000000002,100446.61999999998,0.5686819423513977,0.2758043106455165,0.15551374700308576,361671.2199999999,175858.72999999998,100490.64000000004
ecuador-early-expansion,seed-3,OFF,VAP,343771.72,151345.09000000003,149128.05999999997,0.5336041247794491,0.23491857994926685,0.231477295271284,340944.61999999994,150108.38,152108.40999999995
ecuador-early-expansion,seed-3,ON,MASS,338791.72,147671.50999999998,87894.3,0.5898620672736717,0.2571072934309749,0.15303063929535318,397530.1799999999,155518.04,93525.34999999998
ecuador-early-expansion,seed-3,ON,BAL,422320.77999999985,189936.5899999999,127544.52999999994,0.5708565766051696,0.25673979750525106,0.17240362588957936,426800.92000000004,200918.2999999998,138629.94999999998
ecuador-early-expansion,seed-3,ON,JPQ,275290.38,216257.03999999998,139102.44000000003,0.4365185778365193,0.34291142156124477,0.22057000060223597,271358.60000000003,211939.7,167795.61999999997
ecuador-early-expansion,seed-3,ON,CONSV,279374.98000000004,211495.02000000002,110610.89,0.46447856389917896,0.35162383962024135,0.1838975964805798,273630.4099999999,226526.66999999993,112466.13000000002
ecuador-early-expansion,seed-3,ON,VAP,170221.63,180767.42999999993,165173.37000000008,0.3297830684809818,0.35021423391857465,0.3200026976004435,168664.31999999998,210084.78999999998,181124.41999999993
ecuador-early-expansion,seed-4,OFF,MASS,325877,155523.55,99109.72999999997,0.5613630132441411,0.2679083478073808,0.1707286389484782,339052.82999999996,173615.38,114747.94000000002
ecuador-early-expansion,seed-4,OFF,BAL,425574.82999999984,189216.68999999992,127267.40999999995,0.5735054357475355,0.25498876484108884,0.1715057994113756,430602.1500000001,201303.08000000005,138912.55000000008
ecuador-early-expansion,seed-4,OFF,JPQ,349872.75999999995,207999.07000000004,124192.27999999998,0.5129616921201146,0.30495530691389117,0.18208300096599422,359328.8100000001,210333.8799999999,129198.85999999994
ecuador-early-expansion,seed-4,OFF,CONSV,366556.08,183827.02000000002,100288.50000000003,0.5633503598435831,0.28251889278708336,0.1541307473693335,360936.05,181450.63000000006,100306.90000000002
ecuador-early-expansion,seed-4,OFF,VAP,202296.35000000006,152172.26999999996,147753.94999999995,0.4028021878825559,0.3029976729241778,0.2942001391932664,200144.58999999982,150108.44,150108.40000000002
ecuador-early-expansion,seed-4,ON,MASS,345909.29000000004,158481.09999999998,92892.17,0.5791384399370375,0.26533689515394515,0.15552466490901726,425360.10000000015,173027.57,102207.66000000002
ecuador-early-expansion,seed-4,ON,BAL,396994.69999999984,195943.88999999996,131504.00999999998,0.5480002142336742,0.27047538341892097,0.18152440234740475,403611.94000000006,199117.99000000002,135806.35999999996
ecuador-early-expansion,seed-4,ON,JPQ,275043.05,217190.71999999997,139613.67999999996,0.4352997705379677,0.3437391731184481,0.22096105634358415,271117.77999999985,212885.77999999994,168178.56000000006
ecuador-early-expansion,seed-4,ON,CONSV,278966.29000000004,213010.09000000005,110703.43000000002,0.4628764484411714,0.3534382377932986,0.18368531376553,273217.50000000006,227826.04999999987,112330.73999999999
ecuador-early-expansion,seed-4,ON,VAP,170204.31000000003,180651.05999999994,164234.65000000005,0.3304360468874936,0.35071745323273773,0.31884649987976865,168667.51999999996,210092.22000000006,181129.62999999998
ecuador-early-expansion,seed-5,OFF,MASS,342863.31999999995,152835.11,97925.18,0.5775769599190976,0.25746130616334484,0.16496173391755764,358595.0700000001,174879.84,116222.52999999998
ecuador-early-expansion,seed-5,OFF,BAL,410186.62000000005,186806.81999999995,125205.48000000001,0.5679690299176854,0.25866394261569925,0.17336702746661548,415354.9299999998,199147.3300000001,136947.51000000004
ecuador-early-expansion,seed-5,OFF,JPQ,341966.11999999994,205481.38999999998,128258.81999999998,0.506086897247211,0.30409866073032055,0.18981444202246855,350715.24,208065.56,133444.98
ecuador-early-expansion,seed-5,OFF,CONSV,331960.25999999995,193812.93000000002,108326.82,0.5235140431554322,0.30565041309493124,0.1708355437496366,326264.1400000001,191190.5500000001,108298.05999999998
ecuador-early-expansion,seed-5,OFF,VAP,202283.82,152131.27,147464.88999999998,0.4030521799255671,0.30312281035796645,0.29382500971646647,200144.5600000001,150108.41000000003,150108.46
ecuador-early-expansion,seed-5,ON,MASS,377478.45,149290.24000000002,86941.17,0.6150763978274684,0.24325866297797463,0.14166493919455683,427701.4699999999,155726.55000000008,92452.88999999997
ecuador-early-expansion,seed-5,ON,BAL,410153.56000000006,186806.93999999992,125411.26000000001,0.5677873675460403,0.25860221889072726,0.17361041356323234,414142.5099999999,198533.19000000003,136512.07000000004
ecuador-early-expansion,seed-5,ON,JPQ,275003.06,217171.07,139647.96000000002,0.435253949414779,0.34372186955350037,0.2210241810317205,271117.8499999999,212885.86,168178.51000000004
ecuador-early-expansion,seed-5,ON,CONSV,276650.3300000001,210385.34000000003,110631.51,0.4628835901613337,0.352010863303553,0.18510554653511338,270991.2099999999,226810.94000000012,112594.47999999995
ecuador-early-expansion,seed-5,ON,VAP,170145.69999999998,180130.32999999993,165120.4700000001,0.3301258351579803,0.34949855111550027,0.32037561372651946,168593.37999999992,209998.28000000006,181049.1
ecuador-delayed-expansion,seed-1,OFF,MASS,303605.57999999996,141796.90999999997,91313.00999999998,0.5656732104811582,0.2641938047252222,0.1701329847936197,308907.33999999997,151754.59000000003,100512.93000000002
ecuador-delayed-expansion,seed-1,OFF,BAL,417906.9900000001,190287.17999999996,124230.04000000005,0.5705805246388566,0.25980460148907414,0.16961487387206936,422873.4499999999,200288.3699999999,134679.86
ecuador-delayed-expansion,seed-1,OFF,JPQ,348919.1999999999,208543.40000000002,124819.31999999998,0.5114003314055281,0.3056557617707356,0.18294390682373646,361834.8499999999,211704.10000000006,129856.66000000003
ecuador-delayed-expansion,seed-1,OFF,CONSV,366556.5,183827.22,100382.28000000001,0.5632692857340427,0.2824782179769687,0.15425249628898868,360936.1199999999,181450.65999999995,100306.87000000004
ecuador-delayed-expansion,seed-1,OFF,VAP,202322.26,152191.70999999996,148775.34,0.4019999153170967,0.3023940842296054,0.29560600045329793,200144.59999999995,150108.46999999997,150108.44000000012
ecuador-delayed-expansion,seed-1,ON,MASS,320135.20999999996,145986.89,86467.48,0.5793363132182116,0.2641868310292786,0.15647685575250986,411003.4300000001,164870.77999999994,98976.76999999999
ecuador-delayed-expansion,seed-1,ON,BAL,417785.7900000001,190314.88999999998,124402.80000000008,0.570353317638846,0.25981431514837305,0.1698323672127811,425306.63000000006,201500.45000000007,135520.33999999997
ecuador-delayed-expansion,seed-1,ON,JPQ,279938.29,220971.73,138920.59000000003,0.437519377198912,0.34535973513364726,0.21712088766744062,276034.68,216522.10999999996,167210.51000000007
ecuador-delayed-expansion,seed-1,ON,CONSV,280949.2200000001,212981.80000000005,111358.13000000003,0.464157039656171,0.3518678634830973,0.18397509686073177,275856.7299999999,227541.7700000001,112406.15000000004
ecuador-delayed-expansion,seed-1,ON,VAP,169409.88999999998,180755.70999999996,165161.6900000001,0.32874232218518834,0.3507590486814699,0.3204986291333418,167791.80000000002,208943.97000000006,180164.66999999998
ecuador-delayed-expansion,seed-2,OFF,MASS,296160.98,151101.41000000003,99745.62,0.5414198230844919,0.2762325363389103,0.18234764057659775,313919.41,177562.06999999995,121637.27
ecuador-delayed-expansion,seed-2,OFF,BAL,411437.5999999999,188821.3999999999,126817.12999999995,0.5658796692995548,0.2596996273278838,0.17442070337256155,416558.2400000002,199472.6200000001,137597.71
ecuador-delayed-expansion,seed-2,OFF,JPQ,337850.2899999999,207016.13999999993,127741.08000000003,0.502299312715078,0.30778148760188534,0.1899191996830366,342680.17999999993,206920.86000000007,130906.24999999996
ecuador-delayed-expansion,seed-2,OFF,CONSV,331949.25999999995,193797.51,108441.06,0.5234242038356364,0.3055837731859345,0.17099202297842894,326264.0599999999,191190.48000000004,108297.97999999997
ecuador-delayed-expansion,seed-2,OFF,VAP,202316.98000000004,152188.09999999998,148614.44999999998,0.40212507751388626,0.3024889532712037,0.29538596921490995,200144.54,150108.34,150108.40999999997
ecuador-delayed-expansion,seed-2,ON,MASS,341398.5399999999,146299.90000000002,88320.62000000001,0.592686186460566,0.2539844775275319,0.15332933601190213,426156.05000000016,171675.20999999996,104248.23000000001
ecuador-delayed-expansion,seed-2,ON,BAL,411396.8699999999,188816.3099999999,127064.05999999992,0.5656671862851091,0.25962081530284103,0.17471199841204982,415248.51999999996,198809.25000000012,137124.49000000002
ecuador-delayed-expansion,seed-2,ON,JPQ,274883.41000000003,217443.58999999997,139642.53999999998,0.4349630679984988,0.3440728962981348,0.22096403570336628,270979.2099999999,213091.97999999995,168114.32999999993
ecuador-delayed-expansion,seed-2,ON,CONSV,286129.81000000006,213595.30000000002,111458.54999999999,0.46815683848615974,0.3494780930498043,0.18236506846403577,281135.00000000006,226995.14999999994,112353.12000000001
ecuador-delayed-expansion,seed-2,ON,VAP,185847,180399.68999999997,164367.23,0.3502490096754341,0.3399829578538007,0.30976803247076523,184421.33999999994,210078.66,180519.22999999986
ecuador-delayed-expansion,seed-3,OFF,MASS,330796.71,148629.68000000002,97985.04000000001,0.572896019741071,0.25740688922628363,0.16969709103264546,346515.74999999994,168650.90999999995,114362.97999999994
ecuador-delayed-expansion,seed-3,OFF,BAL,422345.3499999998,189930.8399999999,127712.56999999993,0.5707456286227915,0.2566671958638939,0.17258717551331454,428062.7400000001,201557.41999999993,139086.02000000005
ecuador-delayed-expansion,seed-3,OFF,JPQ,349809.8200000001,208807.8600000001,122211.41999999997,0.5137997479837452,0.3066964382104115,0.17950381380584343,361673.07,211621.05999999997,126762.66
ecuador-delayed-expansion,seed-3,OFF,CONSV,367313.8900000001,178142.74000000002,100549.01000000001,0.5685923887599496,0.275760347850833,0.15564726338921744,361671.29999999993,175858.65,100490.62000000002
ecuador-delayed-expansion,seed-3,OFF,VAP,349635.4100000001,153212.50999999995,149446.40000000002,0.5360086686022347,0.2348824837229917,0.22910884767477357,349306.2899999999,152520.2999999999,151725.10999999996
ecuador-delayed-expansion,seed-3,ON,MASS,350723.95999999996,150156.21000000005,90223.90999999996,0.5933370651070451,0.254026685114405,0.15263624977854995,423296.29,170043.76999999987,103198.54999999996
ecuador-delayed-expansion,seed-3,ON,BAL,422332.8599999998,189931.8299999999,127874.12999999995,0.5706130371597048,0.2566164952677391,0.1727704675725562,427750.2299999999,201399.12,138972.98
ecuador-delayed-expansion,seed-3,ON,JPQ,275300.6500000001,216321.24000000002,139101.50000000003,0.4364839712064587,0.3429732326876287,0.2205427961059126,271358.5899999999,211939.69999999987,167795.61999999988
ecuador-delayed-expansion,seed-3,ON,CONSV,286927.9,211694.22999999998,111223.35,0.4704927877796192,0.3471276527293438,0.18237955949103699,281547.87999999995,225706.7099999999,112488.51000000011
ecuador-delayed-expansion,seed-3,ON,VAP,169358.77000000005,181288.44999999998,163649.76000000004,0.3293015059120122,0.3524975977887328,0.31820089629925496,167776.96000000005,209608.69999999992,178537.63999999996
ecuador-delayed-expansion,seed-4,OFF,MASS,354903.70999999996,156970.03,99509.64,0.5804928979260116,0.256745660963175,0.1627614411108133,364985.48000000004,178622.83000000005,118200.32999999999
ecuador-delayed-expansion,seed-4,OFF,BAL,425263.59999999986,189319.94999999995,127639.55999999995,0.5729592547987357,0.25507148382916833,0.17196926137209606,431573.44999999984,201714.86000000002,139198.27000000005
ecuador-delayed-expansion,seed-4,OFF,JPQ,349452.69999999984,208260.61000000004,124879.07999999997,0.5119493054998752,0.30510244920837765,0.18294824529174727,361834.8900000001,211424.04,130056.72
ecuador-delayed-expansion,seed-4,OFF,CONSV,366556.66000000003,183827.23,100355.54000000001,0.5632925301606513,0.2824897670639076,0.15421770277544117,360936.02999999974,181450.55999999994,100306.86000000002
ecuador-delayed-expansion,seed-4,OFF,VAP,202323.72000000003,152192.71,148613.44999999998,0.40213020145017037,0.30249189334571025,0.29537790520411944,200144.59999999986,150108.36000000002,150108.47000000006
ecuador-delayed-expansion,seed-4,ON,MASS,341609.92,146020.17,87898.51,0.5935585477420235,0.25371488054633606,0.1527265717116404,427391.8599999998,172312.7499999999,104654.40999999996
ecuador-delayed-expansion,seed-4,ON,BAL,425278.60999999987,189323.76999999993,127787.36999999994,0.5728508643876077,0.2550193749307557,0.17212976068163655,430950.17999999993,201399.18000000002,138973.00999999995
ecuador-delayed-expansion,seed-4,ON,JPQ,275256.98000000004,219212.64,139398.75,0.43424943257540993,0.34583306310109774,0.21991750432349225,271322.10000000003,214736.08000000002,168011.1599999999
ecuador-delayed-expansion,seed-4,ON,CONSV,280953.63,213019.98000000004,111357.97000000003,0.4641317903817276,0.351906272591957,0.18396193702631541,275856.69999999995,227541.75999999995,112406.06000000004
ecuador-delayed-expansion,seed-4,ON,VAP,169442.91999999995,181172.65,164194.09000000005,0.3291370251288601,0.3519216208957695,0.3189413539753703,167994.81,209903.81000000003,180387.07000000012
ecuador-delayed-expansion,seed-5,OFF,MASS,357122.51999999996,158083.68,99548.77999999998,0.5809184660854638,0.257149084013927,0.16193244990060915,367755.3100000001,179775.55000000002,118900.64000000001
ecuador-delayed-expansion,seed-5,OFF,BAL,409710.59000000014,186934.04999999993,125787.03,0.5671271166725015,0.25875672089514,0.17411616243235845,415142.27999999997,199346.11999999988,137257.73000000007
ecuador-delayed-expansion,seed-5,OFF,JPQ,338148.98999999993,206326.34999999995,127609.62000000004,0.5031342912360366,0.30699444605931964,0.18987126270464388,346368.93,208709.6700000001,132053.35000000003
ecuador-delayed-expansion,seed-5,OFF,CONSV,331496.38,177882.66999999998,107976.33,0.5369620007199095,0.28813658350235805,0.17490141577773244,325879.81999999983,175598.14,107848.10999999999
ecuador-delayed-expansion,seed-5,OFF,VAP,202298.37000000002,152141.65,148601.59000000003,0.402150370821213,0.3024434698354277,0.29540615934335934,200144.63000000012,150108.4299999999,150108.44
ecuador-delayed-expansion,seed-5,ON,MASS,352556.83,158821.78,93046.26000000002,0.5832930567532736,0.26276513075975844,0.15394181248696803,445006.09,182272.64000000004,108529.07999999999
ecuador-delayed-expansion,seed-5,ON,BAL,409565.14000000013,186911.75999999992,126094.8,0.5668159159845315,0.25867572726692717,0.17450835674854134,414015.2199999999,198794.91999999998,137078.46999999997
ecuador-delayed-expansion,seed-5,ON,JPQ,274844.55,217122.12000000002,139647.43,0.43514631798118497,0.3437575570273051,0.2210961249915098,270979.2100000001,212801.60000000003,168114.32000000007
ecuador-delayed-expansion,seed-5,ON,CONSV,284286.33,210325.99999999994,111488.90999999997,0.4690409971773033,0.34701463405684496,0.18394436876585168,278908.7400000001,225355.31999999992,112413.2
ecuador-delayed-expansion,seed-5,ON,VAP,169569.16000000003,179811.65,164589.49000000002,0.3299201529738197,0.34984832781193775,0.32023151921424253,167970.70999999996,209545.51999999996,180370.2399999999
global-demand-boom,seed-1,OFF,MASS,281179.67,130341.12000000002,84147.09,0.5672743410365828,0.26296059369431,0.1697650652691072,289429.09999999986,139795.55000000002,93105.31999999998
global-demand-boom,seed-1,OFF,BAL,412095.32999999996,187461.29999999993,126223.33,0.5677965123203458,0.25828944078312654,0.17391404689652773,427288.84000000014,202668.54,139863.46000000005
global-demand-boom,seed-1,OFF,JPQ,347502.3,208053.83000000013,126973.80000000005,0.5091385516236627,0.30482740881414544,0.18603403956219183,361638.88,211618.81000000003,132047.22999999998
global-demand-boom,seed-1,OFF,CONSV,333310.36,178881.77999999997,100999.56999999998,0.5435663179464706,0.291722437017291,0.16471124503623832,327687.37,176603.13000000003,100916.15
global-demand-boom,seed-1,OFF,VAP,326125.13,152201.16,151899.18000000002,0.5174737384066689,0.24150271171998172,0.24102354987334929,321744.57000000024,150108.42,151908.40999999997
global-demand-boom,seed-1,ON,MASS,327420.44,144282.41,84308.15000000001,0.5888740330676911,0.2594956035042472,0.1516303634280617,403906.3600000001,159410.68,95226.86999999997
global-demand-boom,seed-1,ON,BAL,412076.11999999994,187455.9699999999,126337.07,0.5677002725945817,0.25825035740600955,0.17404936999940873,425701.5800000002,201864.45999999993,139289.83999999994
global-demand-boom,seed-1,ON,JPQ,280805.75999999995,221518.22,139053.69999999998,0.43781654515947604,0.3453787478229676,0.21680470701755633,276767.54000000015,216967.43000000002,167549.99000000002
global-demand-boom,seed-1,ON,CONSV,307432.45,212608.23000000007,113314.91,0.48540259982547873,0.33568540857119467,0.17891199160332663,302299.6600000002,227264.81000000003,113114.49999999999
global-demand-boom,seed-1,ON,VAP,168444.86999999997,181253.06,164888.07000000007,0.3273405611501284,0.35223084188065745,0.3204285969692142,166628.82000000007,208072.0999999999,178644.18999999994
global-demand-boom,seed-2,OFF,MASS,363013.74,153412.99,98876.54000000001,0.5899753141243667,0.24932906662433305,0.16069561925130027,382285.4,183688.72000000003,123499.06000000006
global-demand-boom,seed-2,OFF,BAL,411239.1899999999,188799.0699999999,127192.83999999995,0.5654862532694216,0.2596135808823357,0.17490016584824272,418462.7500000002,200437.5,138285.99000000002
global-demand-boom,seed-2,OFF,JPQ,341572.8999999999,206339.04999999993,129700.29,0.5040831316742448,0.3045090360233162,0.19140783230243896,353714.3499999998,209428.52000000002,134505.94999999995
global-demand-boom,seed-2,OFF,CONSV,331161.68000000005,177727.62000000002,107985.24,0.5368379768112979,0.288109831863056,0.17505219132564623,325541.1199999998,175449.8,107758.07000000002
global-demand-boom,seed-2,OFF,VAP,368513.9199999999,151586.93000000005,149417.49000000005,0.5504164680537352,0.22641191576619102,0.2231716161800736,366400.09000000014,150065.05000000005,150065.06999999998
global-demand-boom,seed-2,ON,MASS,369639.34,149168.50000000003,88306.90999999997,0.6088459224553514,0.24570066861330586,0.14545340893134284,448468.64999999997,179629.7699999999,109115.80999999995
global-demand-boom,seed-2,ON,BAL,411221.15999999986,188796.1699999999,127311.49999999996,0.5653854804573057,0.2595747098324151,0.1750398097102792,418150.2299999999,200279.15999999997,138173.02000000005
global-demand-boom,seed-2,ON,JPQ,275201.63,217684.37000000002,139211.99,0.4353781128144388,0.34438389845220047,0.22023798873336078,271199.83999999997,213242.55,168246.17
global-demand-boom,seed-2,ON,CONSV,280700.2,212743.00000000006,108611.20000000003,0.46623727025331924,0.3533617560140745,0.18040097373260622,275369.7399999999,227169.67999999996,109533.41000000005
global-demand-boom,seed-2,ON,VAP,168313.65000000002,181192.91,165038.37000000005,0.3271116673912227,0.3521420568656657,0.32074627574311154,166637.29,208085.25,178879.32000000007
global-demand-boom,seed-3,OFF,MASS,362609.9,154210.84000000003,101957.06999999998,0.5860098635405171,0.2492184391680109,0.16477169729147198,371004.1099999998,174683.55999999997,119821.47000000003
global-demand-boom,seed-3,OFF,BAL,414982.6900000001,187466.55999999994,126272.04,0.5694669494286356,0.2572541279808086,0.17327892259055583,422603.8399999998,200387.14000000004,138244.99999999994
global-demand-boom,seed-3,OFF,JPQ,349799.7500000001,208792.53000000012,122231.50999999997,0.5137889643956184,0.3066763134114336,0.17953472219294792,361958.58000000013,211757.93999999992,126843.17000000003
global-demand-boom,seed-3,OFF,CONSV,367314,178142.78999999998,100575.51,0.568569094765076,0.27574904536506917,0.15568185986985478,361671.4199999999,175858.68000000008,100490.59999999998
global-demand-boom,seed-3,OFF,VAP,200339.14000000004,150704.33,148581.07,0.4009793834386118,0.30163516387725864,0.2973854526841296,198149.45999999996,148612.06000000003,148612.06000000006
global-demand-boom,seed-3,ON,MASS,351279.3400000001,148261.85,90231.61000000003,0.5956180752995053,0.25138807690012155,0.15299384780037334,441527.2299999999,185472.73000000004,114586.01999999999
global-demand-boom,seed-3,ON,BAL,414770.60000000015,187525.7799999999,126383.27999999998,0.5692084228068066,0.2573500953766157,0.17344148181657762,418766.57,198394.86000000007,136818.94
global-demand-boom,seed-3,ON,JPQ,275425.93000000005,216402.21000000002,139102.52000000002,0.4365391436199978,0.342988895166388,0.22047196121361418,271382.3099999999,211952.40000000002,167806.62
global-demand-boom,seed-3,ON,CONSV,288833.87,212742.81,112444.39,0.4703973269190909,0.346474771623065,0.18312790145784413,283774.13000000006,226721.85000000003,112632.15000000001
global-demand-boom,seed-3,ON,VAP,168382.2,181271.29000000004,163632.39000000007,0.32804759795847094,0.3531585361358469,0.3187938659056821,166664.62999999998,208106.99000000002,177312.65999999983
global-demand-boom,seed-4,OFF,MASS,400198.37,152040.46000000002,98713.18999999997,0.6147893511414251,0.233566308005312,0.15164434085326284,412842.77000000014,182781.39000000007,124185.31000000001
global-demand-boom,seed-4,OFF,BAL,415020.0800000001,186926.61999999997,126296.86000000002,0.5698918641999389,0.2566814597028499,0.1734266760972112,425431.7600000002,201727.74,139192.36999999997
global-demand-boom,seed-4,OFF,JPQ,349200.1799999999,207956.28000000003,125052.53999999996,0.5118668619147504,0.30482781669547027,0.18330532138977937,360324.31999999995,210989.60000000006,129616.91999999998
global-demand-boom,seed-4,OFF,CONSV,366556.6399999999,183827.32000000007,100393.38999999997,0.563259677061594,0.282473445026936,0.15426687791146998,360936.0200000002,181450.65999999995,100306.80999999997
global-demand-boom,seed-4,OFF,VAP,358414.8099999999,154006.54000000004,150473.18,0.5406815017767607,0.2323243487919565,0.22699414943128285,359243.0299999999,153460.57,152033.41999999998
global-demand-boom,seed-4,ON,MASS,348474.96,153146.46000000002,89338.62000000002,0.5896760126116142,0.25914858811773467,0.1511753992706512,455385.06,196472.02999999994,118733.30999999997
global-demand-boom,seed-4,ON,BAL,415006.5000000001,186918.32999999993,126387.78,0.5698191879445834,0.25664574172346116,0.17353507033195537,421763.04999999993,199871.56999999998,137868.41999999998
global-demand-boom,seed-4,ON,JPQ,273702.56999999995,217987.97,139515.85000000003,0.43361818627976817,0.34535133587605166,0.22103047784418034,269679.48000000004,213428.84999999995,167495.18
global-demand-boom,seed-4,ON,CONSV,288720.5400000001,213219.16999999998,111982.82,0.47028823001495007,0.34730631241045995,0.18240545757459006,283774.26000000007,226721.85999999996,112428.44000000005
global-demand-boom,seed-4,ON,VAP,167608.71999999994,181150.25999999998,163961.73000000004,0.32690062392837604,0.3533117669461801,0.31978760912544385,165791.74000000008,207150.6599999999,177794.94999999998
global-demand-boom,seed-5,OFF,MASS,281764.56,141162.48999999996,93543.18000000002,0.5455581825113134,0.27332163946797083,0.18112017802071578,293198.26999999996,169323.91,117932.54999999994
global-demand-boom,seed-5,OFF,BAL,415123.56,186956.9299999999,126291.08000000002,0.5699337770693056,0.256677961771627,0.17338826115906755,423780.14999999985,200891.07000000007,138595.48000000004
global-demand-boom,seed-5,OFF,JPQ,341637.73,205798.00999999998,129657.01999999997,0.5045656225891412,0.303943598510786,0.19149077890007268,354567.3400000001,209753.26999999987,134718.78
global-demand-boom,seed-5,OFF,CONSV,331162.01999999996,177736.55000000002,107986.93000000001,0.5368289901448485,0.28811918905534334,0.17505182079980808,325541.00000000006,175449.90000000002,107758.11
global-demand-boom,seed-5,OFF,VAP,369997.29,151146.36000000002,149545.46000000002,0.5516673589645729,0.22535979449554502,0.22297284653988195,366166.4500000001,149995.01,149994.98999999993
global-demand-boom,seed-5,ON,MASS,344375.6100000001,148481.16999999998,86337.5,0.5945770217205876,0.25635814290154935,0.1490648353778632,440006.3600000001,190344.90000000005,114898.04000000001
global-demand-boom,seed-5,ON,BAL,415099.01,186955.7099999999,126390.48999999999,0.5698424593937546,0.25665033887723676,0.17350720172900855,419389.14999999997,198666.74999999997,137008.81000000003
global-demand-boom,seed-5,ON,JPQ,275138.01,217331.54,139649.66,0.4352628517649384,0.34381416758399097,0.22092298065107052,271117.83999999997,212885.75999999998,168178.54999999996
global-demand-boom,seed-5,ON,CONSV,288719.86999999994,212536.13999999998,111982.29,0.47081186873031244,0.3465800162840449,0.1826081149856426,283774.18000000005,226721.93999999992,112428.42000000003
global-demand-boom,seed-5,ON,VAP,182779.24,179564.58,164192.85,0.3471348728664995,0.34102958109261416,0.3118355460408864,180862.46000000002,208654.10000000006,179376.99
global-disease-crisis,seed-1,OFF,MASS,303326.42,133042.75,85622.00999999998,0.5810949142857165,0.25487547509902375,0.1640296106152598,299623.72,138085.51999999993,92060.38000000002
global-disease-crisis,seed-1,OFF,BAL,393597.0599999999,195986.65,131383.00999999998,0.5459295818813938,0.2718386918053583,0.18223172631324785,405402.13,205854.92999999996,141050.75
global-disease-crisis,seed-1,OFF,JPQ,348657.03999999986,208547.96000000005,125209.76999999997,0.5109166086777399,0.3056029399832599,0.18348045133900018,361834.8800000002,211704.06000000006,130056.69999999998
global-disease-crisis,seed-1,OFF,CONSV,366556.6299999999,183827.26,100385.49,0.5632665599601505,0.2824768122925514,0.15425662774729818,360935.99999999994,181450.58999999997,100306.88999999997
global-disease-crisis,seed-1,OFF,VAP,202329.95000000007,152197.44000000003,149238.61000000004,0.4016347867859284,0.3021193173020807,0.29624589591199085,200144.57,150108.39999999994,150108.44000000012
global-disease-crisis,seed-1,ON,MASS,332673.64,137520.86,81368.30999999998,0.6031473369279557,0.2493294643995305,0.14752319867251382,387550.99000000005,149234.13999999993,89427.68000000001
global-disease-crisis,seed-1,ON,BAL,414948.06,190434.55,124571.77,0.5684575247017492,0.2608855501353386,0.17065692516291223,422736.03000000026,201819.38000000015,135742.23999999996
global-disease-crisis,seed-1,ON,JPQ,278061.87,219820.83,138884.59000000003,0.43667737706815934,0.34521375933113646,0.21810886360070414,274098.99,215318.70999999996,166049.93
global-disease-crisis,seed-1,ON,CONSV,286134.8400000001,213557.12000000002,111507.98999999999,0.46815259065384424,0.3494063113061446,0.18244109804001127,281135.0399999999,226995.27000000005,112353.13
global-disease-crisis,seed-1,ON,VAP,169277.12000000002,181277.21999999997,163639.30000000002,0.32920889492137634,0.35254660092645246,0.3182445041521712,167623.85999999996,209410.02999999994,178372.32000000007
global-disease-crisis,seed-2,OFF,MASS,327559.17000000004,150502.75000000003,99159.79000000002,0.5674754852862343,0.260736468141505,0.1717880465722608,329293.85000000003,172328.38000000018,117851.12
global-disease-crisis,seed-2,OFF,BAL,405005.0399999999,188925.0299999999,126996.14999999995,0.5617843112988734,0.26205875824574665,0.17615693045538003,409010.9900000003,198911.94999999992,137201.87000000008
global-disease-crisis,seed-2,OFF,JPQ,350526.5100000001,209174.39000000007,122519.42999999998,0.5138024983805453,0.306608262465588,0.17958923915386685,361958.61000000004,211757.90999999995,126843.16999999995
global-disease-crisis,seed-2,OFF,CONSV,331951.22,193798.48999999996,108483.04,0.5233902222803852,0.3055636751649926,0.1710461025546221,326264.0999999999,191190.5,108297.99000000005
global-disease-crisis,seed-2,OFF,VAP,202329.11000000002,152197.23999999996,149074.21000000002,0.40176506157975683,0.3022181706867045,0.2960167677335387,200144.59000000005,150108.41999999995,150108.44000000006
global-disease-crisis,seed-2,ON,MASS,337996.76999999996,148222.65,86880.27,0.5897695913951725,0.2586332754777795,0.15159713312704812,397753.5299999998,167493.50999999998,99607.65999999997
global-disease-crisis,seed-2,ON,BAL,405171.3399999999,188826.1199999999,127133.92999999995,0.5618550871845975,0.26184704010735127,0.17629787270805114,408728.72000000003,198803.25000000003,137131.26000000007
global-disease-crisis,seed-2,ON,JPQ,273993.35000000003,218709.96999999997,138996.62000000002,0.43373971192715327,0.3462244590366748,0.22003582903617183,270040.22000000003,214227.9399999999,167399.34
global-disease-crisis,seed-2,ON,CONSV,286628.81000000006,212561.31999999998,111972.04,0.46898977729593444,0.3477985556599486,0.18321166704411693,281547.86000000004,226654.70000000004,112488.52
global-disease-crisis,seed-2,ON,VAP,169565.96000000002,181217.88,163578.88000000003,0.3296622274646965,0.35231534664876174,0.3180224258865417,167960.95000000004,209871.64999999997,178746.3
global-disease-crisis,seed-3,OFF,MASS,394781.29999999993,154092.88,100436.48999999999,0.6080006355047268,0.23731764642031836,0.1546817180749548,400455.00999999995,172396.13,116308.51
global-disease-crisis,seed-3,OFF,BAL,421576.9899999999,189475.42999999993,127538.20999999993,0.5707857274062629,0.2565364659446059,0.17267780664913115,427535.08,203595.95999999993,140770.49999999994
global-disease-crisis,seed-3,OFF,JPQ,349682.2300000001,208726.6900000001,122163.87999999998,0.5138057677297712,0.30669267123223265,0.17950156103799614,359770.8899999999,210806.24,126296.2
global-disease-crisis,seed-3,OFF,CONSV,367313.82999999996,178142.76,100571.33,0.5685726864560281,0.27575086847639657,0.15567644506757544,361671.27000000014,175858.64999999994,100490.70000000003
global-disease-crisis,seed-3,OFF,VAP,313318.26999999996,152198.71000000005,149123.14999999997,0.5097588893195113,0.24762247463405956,0.2426186360464293,308944.5700000001,150108.50000000006,150108.48000000004
global-disease-crisis,seed-3,ON,MASS,367205.2299999999,148951.25999999998,86453.61,0.6093579082063179,0.24717683955180972,0.1434652522418725,435308.00000000006,169860.83000000007,100539.66
global-disease-crisis,seed-3,ON,BAL,421575.70999999985,189476.40999999992,127691.66999999995,0.5706656566277194,0.2564846061176365,0.17284973725464414,426062.8400000001,202846.1499999999,140235.22999999992
global-disease-crisis,seed-3,ON,JPQ,272512.12,216967.48,138320.78,0.4340744744372407,0.3455994722398862,0.2203260533228731,268527.8199999999,212551.48,167596.28999999992
global-disease-crisis,seed-3,ON,CONSV,288747.49000000005,213182.86999999997,111729.76,0.470533248926132,0.34739567237968794,0.1820710786941801,283774.24999999994,226721.86999999994,112428.46
global-disease-crisis,seed-3,ON,VAP,169601.57000000004,177802.05999999994,163694.03000000006,0.3318378918033004,0.34788275101866034,0.32027935717803924,167920.14999999997,205591.94000000012,178691.16000000006
global-disease-crisis,seed-4,OFF,MASS,381615.15000000014,154367.86,101120.70999999998,0.5989843380603712,0.24229627791217412,0.1587193840274547,387585.43,178944.1300000001,121967.2
global-disease-crisis,seed-4,OFF,BAL,425335.94999999984,189256.43999999994,127840.28999999995,0.5728949727805625,0.2549139404800985,0.1721910867393391,431632.1700000001,201775.04000000007,139244.20000000013
global-disease-crisis,seed-4,OFF,JPQ,350649.46000000014,208102.59000000008,122028.78999999996,0.5150695192890564,0.3056822075074851,0.17924827320345843,361006.9900000001,210747.79,126395.41999999998
global-disease-crisis,seed-4,OFF,CONSV,366556.51,183827.30999999997,100388.32999999999,0.5632639780297913,0.2824756867668661,0.15426033520334267,360935.99999999977,181450.68,100306.82999999996
global-disease-crisis,seed-4,OFF,VAP,202326.82000000007,152195.1,149001.99000000005,0.40182167317536127,0.30225992644520094,0.29591840037943784,200144.58999999994,150108.4300000001,150108.41
global-disease-crisis,seed-4,ON,MASS,360325.80000000005,146290.21999999997,85000.2,0.6090532811963811,0.24727215896819052,0.14367455983542846,437436.2300000002,171138.73,101240.59000000004
global-disease-crisis,seed-4,ON,BAL,425237.9299999999,189311.29999999993,128003.29999999994,0.5726705018431492,0.25494667697112283,0.1723828211857281,430950.17999999993,201399.09,138973.05000000005
global-disease-crisis,seed-4,ON,JPQ,274507.73000000004,218752.74000000002,139333.41000000003,0.43393990786000014,0.3458028079563463,0.2202572841836535,270555.3700000001,214259.64000000016,167640.06999999995
global-disease-crisis,seed-4,ON,CONSV,281501.34,209525.20999999996,111068.28,0.46753655067923444,0.3479937039153782,0.1844697454053874,276269.53,224056.03000000006,112337.85999999996
global-disease-crisis,seed-4,ON,VAP,169559.19999999998,181175.44,162078.28,0.3306453355348379,0.35329733892040005,0.316057325544762,167906.97000000003,209790.59999999998,177996.13000000006
global-disease-crisis,seed-5,OFF,MASS,341123.37000000005,156379.92000000004,102423.37999999999,0.5686084434285944,0.2606650576144582,0.1707264989569475,346549.4900000002,179317.20999999996,122532.73999999998
global-disease-crisis,seed-5,OFF,BAL,409645.02000000014,186935.25999999995,125985.8,0.5669308750280667,0.25871026218114185,0.17435886279079138,417476.32999999984,200528.59999999995,138101.18999999994
global-disease-crisis,seed-5,OFF,JPQ,341144.00999999995,205059.46999999997,129213.26,0.5050866965482673,0.3036043643217963,0.19130893912993627,353779.83999999985,208816.42999999993,134277.27000000002
global-disease-crisis,seed-5,OFF,CONSV,328946.94000000006,176767.12999999998,107342.54999999999,0.5365686125369628,0.2883373643367556,0.1750940231262815,323330.12,174482.59000000003,107170.85
global-disease-crisis,seed-5,OFF,VAP,325998.83999999997,152121.12000000002,149012.53,0.5198245110853689,0.24256616014265187,0.23760932877197927,321630.67000000004,150065.65999999997,150065.67999999993
global-disease-crisis,seed-5,ON,MASS,360474.51,146164.27999999994,84639.35,0.6096530306363095,0.24720054761368307,0.14314642175000758,447834.87,175172.37000000002,103695.88999999998
global-disease-crisis,seed-5,ON,BAL,410772.2200000001,186745.12999999998,126114.2,0.5676538288027935,0.2580665948022857,0.17427957639492087,417262.05000000005,197572.49000000005,135977.90000000005
global-disease-crisis,seed-5,ON,JPQ,273970.08,218422.31999999998,139428.67000000004,0.4336197271800385,0.34570281108225775,0.22067746173770372,270066.5999999999,213968.62999999998,167414.81000000003
global-disease-crisis,seed-5,ON,CONSV,284650.3,208500.99999999997,111516.02,0.4707552245423153,0.34481936281921105,0.1844254126384737,278908.74,223782.75999999998,112413.17000000003
global-disease-crisis,seed-5,ON,VAP,169634.61,179870.04,163177.43000000002,0.3308768077089801,0.35084128549997295,0.3182819067910468,167947.29999999996,209506.37999999995,178732.77999999997
