scenario,seed,mode,companyId,managementProfileId,orientationProfileId,totalCapexPaidUsd,salesHiresTotal,normalQuarters,liquidityStressQuarters,severeDistressQuarters,endingRevenueCumulative,endingOperatingProfitCumulative,endingCash,endingDebt,endingProductionCumulative,endingContractsCumulative,endingBacklog,endingRegularWorkers,capexIntensityPerTon
baseline,seed-1,OFF,MASS,OFF,OFF,50000000,113,26,6,0,2736597182.355258,302023373.7714251,35905498.84842421,79471541.1382243,536846.2499999999,570816.9400000001,47182.43,7429,93.13653583311797
baseline,seed-1,OFF,BAL,OFF,OFF,75000000,111,32,0,0,3697234917.0644326,651923990.5787483,314818164.750164,0,720652.7200000001,744499.2200000001,27429.91,7374,104.07231932740085
baseline,seed-1,OFF,JPQ,OFF,OFF,58000000,68,32,0,0,3528258397.605046,615043169.972515,367134649.8838553,0,682290.5199999999,701165.4500000001,20774.93,8463,85.00777645276386
baseline,seed-1,OFF,CONSV,OFF,OFF,25100000,81,32,0,0,3261153477.6189184,571848463.8094637,351518350.7948436,0,650747.7899999999,641621.8900000001,0,6811,38.57101074442374
baseline,seed-1,OFF,VAP,OFF,OFF,0,76,32,0,0,2697087306.943241,469976840.7146942,325717002.579418,0,503097.42000000004,495993.4,0,6500,0
baseline,seed-1,ON,MASS,growth,chinaVolume,46000000,76,28,4,0,2904328058.051279,325313514.5005472,29276317.915784378,40945219.0436796,579937.28,682600.2099999998,182170.58,7478,79.31892221172606
baseline,seed-1,ON,BAL,balanced,balancedGeneralist,74000000,78,32,0,0,3725921052.6024613,630898433.9689367,274826962.3329253,0,732998.87,760434.2799999998,38140.4,7373,100.95513516958083
baseline,seed-1,ON,JPQ,opportunistic,japanQuality,66000000,114,32,0,0,3341975481.233276,583427985.7642745,311396201.2194793,0,639710.0100000001,651927.0099999998,35291.270000000004,8660,103.17174808629302
baseline,seed-1,ON,CONSV,conservative,europePdConservative,67100000,82,32,0,0,3121452152.478589,550698120.1182439,306245125.3374825,0,605290.9199999999,614083.9799999999,21205.32,7647,110.85578485135711
baseline,seed-1,ON,VAP,valueAdded,usProcessedGrowth,49500000,115,32,0,0,2832157872.787732,500998184.00663656,314954887.5886888,0,515538.07000000007,546078.58,54964.64,7014,96.01618751453213
baseline,seed-2,OFF,MASS,OFF,OFF,32000000,27,28,4,0,2585883039.9822774,259943865.63632482,17251791.431994468,107666704.40818949,506385.4099999998,563579.2600000001,101055.06,5595,63.192973904994645
baseline,seed-2,OFF,BAL,OFF,OFF,75000000,75,32,0,0,3712242602.2013807,636841249.8247248,283639767.25932777,0,726995.5299999999,752353.5100000001,35795.729999999996,7383,103.16432069396632
baseline,seed-2,OFF,JPQ,OFF,OFF,50000000,84,32,0,0,3524334739.979549,615093364.904473,374150455.3054412,0,681773.41,697678.1599999999,17804.75,8330,73.33814910734051
baseline,seed-2,OFF,CONSV,OFF,OFF,40000000,93,32,0,0,3223064956.1310124,573541590.4250039,334643035.75020444,0,634205.6900000001,624620.0900000002,0,7239,63.071020381416
baseline,seed-2,OFF,VAP,OFF,OFF,0,67,32,0,0,2701490191.370941,473558306.9936943,327505813.4979681,0,503035.97000000003,495925.05000000005,0,6500,0
baseline,seed-2,ON,MASS,growth,chinaVolume,38000000,56,28,4,0,2886847449.6357827,326345146.756308,31006072.28090832,47905420.06700635,575819.5900000001,664791.0200000001,158102.83,6953,65.99289197507156
baseline,seed-2,ON,BAL,balanced,balancedGeneralist,75000000,70,32,0,0,3713600231.390696,636545928.801869,283095408.3608477,0,727229.6099999998,750090.33,32331.56,7383,103.13111425702266
baseline,seed-2,ON,JPQ,opportunistic,japanQuality,62000000,116,32,0,0,3313621907.935973,590649960.7916496,320488784.87837046,0,632000.7100000001,644427.7799999999,35575.899999999994,8596,98.10115561420808
baseline,seed-2,ON,CONSV,conservative,europePdConservative,67100000,85,32,0,0,3129043030.4054546,557806836.4339038,310505831.0894193,0,605281.12,614165.2099999998,21210.38,7647,110.85757969784355
baseline,seed-2,ON,VAP,valueAdded,usProcessedGrowth,58700000,95,32,0,0,2907113022.339353,513830503.1320701,292224591.31761014,0,531662.68,563947.7,58871.5,8379,110.40835140055344
baseline,seed-3,OFF,MASS,OFF,OFF,62000000,95,27,5,0,2985353565.8540874,372956455.8518603,48009753.447266884,42119247.114929296,587803.23,624901.03,55539.57000000001,7236,105.47747415406343
baseline,seed-3,OFF,BAL,OFF,OFF,75000000,78,32,0,0,3758463152.2975187,642144650.783348,285117408.0397847,0,739788.0499999999,765817.1699999999,36935.659999999996,7363,101.38038861265738
baseline,seed-3,OFF,JPQ,OFF,OFF,52000000,66,32,0,0,3507950310.813117,601508832.39377,360994830.9179985,0,680569,698307.19,19638.19,8437,76.40665384406283
baseline,seed-3,OFF,CONSV,OFF,OFF,22300000,78,32,0,0,3230700105.972831,554703885.6763468,339245376.42890227,0,645984.6800000002,636928.25,0,6811,34.52094250903906
baseline,seed-3,OFF,VAP,OFF,OFF,49000000,100,32,0,0,3406755575.6963444,568371547.6903672,327031855.23690027,0,652072.1799999999,651103.9900000002,1104.98,9598,75.14505526060015
baseline,seed-3,ON,MASS,growth,chinaVolume,34000000,87,28,4,0,2916959293.584819,323263145.9731503,31365687.438808538,48881524.03686288,584682.7199999999,715456.3700000001,237775.76,6994,58.15119694318999
baseline,seed-3,ON,BAL,balanced,balancedGeneralist,75000000,78,32,0,0,3757504302.7668114,647590562.1730261,290341573.9471094,0,739955.7899999999,766090.82,37139.46,7369,101.35740677155862
baseline,seed-3,ON,JPQ,opportunistic,japanQuality,62000000,104,32,0,0,3292781052.1488295,575262456.8906143,308450702.31776315,0,630641.59,643116.9299999999,35627.96,8689,98.31257719618525
baseline,seed-3,ON,CONSV,conservative,europePdConservative,67100000,54,32,0,0,3121782704.087565,548461683.1890306,298392324.2082387,0,607006.6999999998,615268.51,20932.010000000002,7665,110.54243717573466
baseline,seed-3,ON,VAP,valueAdded,usProcessedGrowth,49200000,99,32,0,0,2820643802.6896157,497619204.9116314,311494599.5643906,0,514655.55000000005,545158.9200000002,54877.45,6967,95.59791981258144
baseline,seed-4,OFF,MASS,OFF,OFF,56000000,120,28,4,0,3003306021.998628,370188895.0888381,20452328.159585223,12425230.238694463,594798.7100000001,655214.2500000001,94917.9,7036,94.14949807137273
baseline,seed-4,OFF,BAL,OFF,OFF,75000000,100,32,0,0,3754318324.147251,637753778.5356402,284338879.95399505,0,742162.1699999998,780346.1700000002,53957.63,7298,101.05608050596275
baseline,seed-4,OFF,JPQ,OFF,OFF,50000000,78,32,0,0,3501847007.9347467,603174103.9646477,364942233.40395606,0,681659.77,697929.9500000002,18170.18,8529,73.3503753639444
baseline,seed-4,OFF,CONSV,OFF,OFF,25100000,85,32,0,0,3244189525.472703,562674035.1211054,345421152.2252474,0,650699.66,641572.2300000002,0,6808,38.573863708488794
baseline,seed-4,OFF,VAP,OFF,OFF,0,71,32,0,0,2682165190.4866076,454904909.03720284,314467131.2917477,0,502830.08999999997,495727.27,0,6500,0
baseline,seed-4,ON,MASS,growth,chinaVolume,34000000,92,28,4,0,2859438355.3794556,308027938.8635131,23950710.034145553,55857527.13243109,574673.59,705755.7699999999,237820.14,6745,59.1640203963436
baseline,seed-4,ON,BAL,balanced,balancedGeneralist,75000000,79,32,0,0,3698029714.261762,656552291.1195353,417629040.0447638,0,724579.74,737487.1500000001,16007.41,7416,103.50827639757082
baseline,seed-4,ON,JPQ,opportunistic,japanQuality,57000000,126,32,0,0,3290378591.3215027,580932079.5023205,319367910.20981866,0,631850.6,644456.48,35979.770000000004,8567,90.21119865993639
baseline,seed-4,ON,CONSV,conservative,europePdConservative,65600000,83,32,0,0,3088895158.5276947,543988170.989485,298591671.10380083,0,601724.85,610934.2599999999,22150.57,7674,109.01992829446881
baseline,seed-4,ON,VAP,valueAdded,usProcessedGrowth,49500000,100,32,0,0,2813361820.639298,491793692.9939721,307587322.5785683,0,514666.47000000003,545743.24,55843.520000000004,6975,96.17879322894301
baseline,seed-5,OFF,MASS,OFF,OFF,56000000,102,28,4,0,3106572644.4650373,403066785.2505636,45183541.764384136,0,611889.1000000002,649037.11,57963.17,8005,91.51985220851292
baseline,seed-5,OFF,BAL,OFF,OFF,75000000,87,32,0,0,3680793284.092798,633107445.403752,278395555.64909923,0,722332.2499999999,749677.7399999998,38894.81,7271,103.83033569385834
baseline,seed-5,OFF,JPQ,OFF,OFF,54000000,81,32,0,0,3484463158.2696123,599292152.7380736,362282734.1940005,0,671812.1000000001,691142.34,21230.24,8592,80.37961805094012
baseline,seed-5,OFF,CONSV,OFF,OFF,29200000,82,32,0,0,3125271927.1572957,541736300.230231,328430707.9075223,0,617320.72,608145.31,0,7058,47.301182438846375
baseline,seed-5,OFF,VAP,OFF,OFF,0,64,32,0,0,2692343069.5415096,465561902.4011597,325582877.04358876,0,503057.05,496026.4600000001,0,6500,0
baseline,seed-5,ON,MASS,growth,chinaVolume,38000000,108,28,4,0,3012412551.3060474,350668455.51311207,36317761.275532976,28184454.307961173,601564.35,743286,257516.56,7602,63.16863690476339
baseline,seed-5,ON,BAL,balanced,balancedGeneralist,75000000,85,32,0,0,3680837670.2832117,634315976.5637007,279695162.4596154,0,722490.1799999999,749137.7100000001,38115.22,7265,103.80763929552649
baseline,seed-5,ON,JPQ,opportunistic,japanQuality,62000000,118,32,0,0,3303136229.604519,580646995.1634701,317298931.24081254,0,632203.09,644378.7100000002,35052.11,8606,98.06975160466236
baseline,seed-5,ON,CONSV,conservative,europePdConservative,68100000,85,32,0,0,3118279241.9367046,548030576.7799937,301595421.45841897,0,606115.5500000002,615039.8499999999,22237.39,7484,112.35481419343223
baseline,seed-5,ON,VAP,valueAdded,usProcessedGrowth,49500000,119,32,0,0,2825273324.7717533,497321438.75018156,313654095.84193796,0,514967.82999999996,545489.9299999999,55738.92,6973,96.12250924489788
ecuador-early-expansion,seed-1,OFF,MASS,OFF,OFF,44000000,56,26,6,0,2546287618.6166277,221022642.36293206,30352168.065110255,0,529064.5800000001,538290.8099999999,12826.23,6083,83.16565059033057
ecuador-early-expansion,seed-1,OFF,BAL,OFF,OFF,74000000,93,32,0,0,3512233542.9815345,520483500.40308136,216839198.87438166,0,732752.9999999999,767952.8400000001,48471.049999999996,7358,100.98900993922919
ecuador-early-expansion,seed-1,OFF,JPQ,OFF,OFF,59000000,77,32,0,0,3287482010.8842025,496287553.2768837,288943158.8831985,0,674268.6799999999,693139.9200000002,20771.24,8588,87.50221054313246
ecuador-early-expansion,seed-1,OFF,CONSV,OFF,OFF,25100000,81,32,0,0,3073026148.094622,469592192.5368043,288481486.7214487,0,650695.93,641570.3599999999,0,6811,38.574084826379654
ecuador-early-expansion,seed-1,OFF,VAP,OFF,OFF,0,70,32,0,0,2537365446.9899344,367608946.88105154,258646094.77722475,0,502294.83999999997,495295.3900000001,0,6500,0
ecuador-early-expansion,seed-1,ON,MASS,growth,chinaVolume,34000000,38,28,4,0,2654823717.1024857,241909512.10997695,25543255.396906324,52535399.68337984,558041.8999999999,640786.5700000001,148361.4,6964,60.92732463279192
ecuador-early-expansion,seed-1,ON,BAL,balanced,balancedGeneralist,74000000,95,32,0,0,3511594615.7847567,519420308.81301296,216082056.58824414,0,732866.5299999999,769061.4899999999,49896.13,7362,100.97336550490307
ecuador-early-expansion,seed-1,ON,JPQ,opportunistic,japanQuality,66000000,102,32,0,0,3149587707.3841333,478681710.4913429,247471050.08212206,0,640262.55,651160.0599999999,32834.99,8574,103.08271192809886
ecuador-early-expansion,seed-1,ON,CONSV,conservative,europePdConservative,65600000,78,32,0,0,2927894924.7598047,448505271.65820205,240661943.69490638,0,602643.88,611414.35,21676.96,7686,108.8536732506103
ecuador-early-expansion,seed-1,ON,VAP,valueAdded,usProcessedGrowth,50700000,107,32,0,0,2676106621.140494,400277167.47186637,246789470.14013767,0,516054.1499999999,544424.53,52580.7,6933,98.2455038875281
ecuador-early-expansion,seed-2,OFF,MASS,OFF,OFF,50000000,146,28,4,0,2849215503.2561536,297010548.5720599,30362429.60373255,44556322.379327185,591743.34,638158.6699999999,66751.04000000001,8138,84.49609251200022
ecuador-early-expansion,seed-2,OFF,BAL,OFF,OFF,74000000,86,32,0,0,3494665605.4355235,527172913.2527364,234749425.68471763,0,727322.97,753395.1,34099.32,7311,101.7429712140124
ecuador-early-expansion,seed-2,OFF,JPQ,OFF,OFF,55000000,107,32,0,0,3285863641.757006,489568389.1638062,289864724.54534554,0,671844.87,684264.3199999998,14319.45,8853,81.86413628491351
ecuador-early-expansion,seed-2,OFF,CONSV,OFF,OFF,40000000,86,32,0,0,3031129861.2792063,465973234.43889797,268263338.99410537,0,633995.57,624412.5499999998,0,7237,63.09192349719416
ecuador-early-expansion,seed-2,OFF,VAP,OFF,OFF,0,71,32,0,0,2538071791.472369,366177353.94196266,256636077.6064171,0,501648.64,494669.89999999997,0,6500,0
ecuador-early-expansion,seed-2,ON,MASS,growth,chinaVolume,34000000,100,28,4,0,2750538973.7457514,259945150.19373566,19761540.781562768,56493479.67080207,578478.0099999998,696593.17,211099.99,7108,58.77492214440444
ecuador-early-expansion,seed-2,ON,BAL,balanced,balancedGeneralist,74000000,90,32,0,0,3495637712.079251,527824898.11592555,235431995.4287806,0,727611.84,755759.5799999998,36932.9,7333,101.70257812187334
ecuador-early-expansion,seed-2,ON,JPQ,opportunistic,japanQuality,62000000,121,32,0,0,3119936692.294451,480144162.1717737,252566952.49331793,0,631922.29,642636.65,31975.480000000003,8597,98.11332972603324
ecuador-early-expansion,seed-2,ON,CONSV,conservative,europePdConservative,65600000,57,32,0,0,2934017220.48925,455767120.8437986,244890087.91576946,0,602624.5599999998,611414.48,21693.79,7686,108.85716307347317
ecuador-early-expansion,seed-2,ON,VAP,valueAdded,usProcessedGrowth,48000000,107,32,0,0,2672290491.94687,401969123.265832,251979557.81848097,0,514926.0900000001,543023.2500000001,53851.84,7073,93.21726152970807
ecuador-early-expansion,seed-3,OFF,MASS,OFF,OFF,48000000,113,27,5,0,2776826913.3878484,275539784.908506,12933190.195225265,47692509.42257188,579417.1299999999,633131.4800000001,82923.15,7075,82.84187248657976
ecuador-early-expansion,seed-3,OFF,BAL,OFF,OFF,75000000,83,32,0,0,3542052986.109167,529643737.354252,225663974.94465017,0,739610.8999999998,768016.96,39916.67,7343,101.40467102364232
ecuador-early-expansion,seed-3,OFF,JPQ,OFF,OFF,52000000,70,32,0,0,3297171283.1202297,489435078.7143842,289875758.81051373,0,680314.6000000001,698006.9600000001,19592.36,8372,76.43522570293213
ecuador-early-expansion,seed-3,OFF,CONSV,OFF,OFF,22300000,79,32,0,0,3044204698.134771,452917398.0949405,276650083.57329214,0,645901.8699999996,636847.34,0,6811,34.525368381423036
ecuador-early-expansion,seed-3,OFF,VAP,OFF,OFF,45500000,106,32,0,0,3141658238.736116,446115315.3331217,232241074.3321162,0,644244.87,637721.87,0,9605,70.62531984150685
ecuador-early-expansion,seed-3,ON,MASS,growth,chinaVolume,44000000,42,28,4,0,2719243455.371432,263841557.09119803,16955004.91650178,52443566.90874854,574357.53,646222.2400000001,126072.36000000002,7143,76.60733550407183
ecuador-early-expansion,seed-3,ON,BAL,balanced,balancedGeneralist,75000000,74,32,0,0,3542844564.79116,536562891.4483928,231362499.06536984,0,739801.8999999998,763361.1300000001,33505.06,7351,101.37849064729357
ecuador-early-expansion,seed-3,ON,JPQ,opportunistic,japanQuality,62000000,124,32,0,0,3101639080.0635643,466233674.25655484,241080271.47688794,0,630649.8600000001,642273.96,33872.96,8687,98.31128797840373
ecuador-early-expansion,seed-3,ON,CONSV,conservative,europePdConservative,65600000,78,32,0,0,2918606174.5808725,443410349.9686354,234264417.57366776,0,601480.8899999999,610663.45,22219.57,7686,109.06414665975508
ecuador-early-expansion,seed-3,ON,VAP,valueAdded,usProcessedGrowth,49500000,105,32,0,0,2670190989.533091,399182692.19827735,248090828.3262907,0,516162.43,543716.5900000001,52707.399999999994,6997,95.90004448793377
ecuador-early-expansion,seed-4,OFF,MASS,OFF,OFF,48000000,106,28,4,0,2775246328.2405934,277418518.8601405,18416748.607382264,47057711.734715074,580510.2800000001,625445.09,66033.79,7100,82.68587422775698
ecuador-early-expansion,seed-4,OFF,BAL,OFF,OFF,75000000,78,32,0,0,3540451452.941958,529671744.4506086,227801144.83508137,0,742058.9299999998,767298.5399999998,36102.64,7305,101.0701400763414
ecuador-early-expansion,seed-4,OFF,JPQ,OFF,OFF,53000000,91,32,0,0,3299011001.231086,492201723.9250715,293146507.5485096,0,682064.1100000001,696236.5200000001,16072.41,8568,77.70530544408794
ecuador-early-expansion,seed-4,OFF,CONSV,OFF,OFF,25100000,74,32,0,0,3056766872.845982,461101666.2696929,283080137.62862504,0,650671.6000000001,641545.4,0,6807,38.575527193748734
ecuador-early-expansion,seed-4,OFF,VAP,OFF,OFF,0,68,32,0,0,2524235334.815917,353423115.37053484,248392083.9001613,0,502222.57000000007,495245.43000000005,0,6500,0
ecuador-early-expansion,seed-4,ON,MASS,growth,chinaVolume,38000000,61,28,4,0,2825446414.2418604,275025694.9175809,21799985.05282812,48519362.93748803,597282.56,700162.56,185234.1,7483,63.62147925430804
ecuador-early-expansion,seed-4,ON,BAL,balanced,balancedGeneralist,75000000,119,32,0,0,3482671271.1393256,537468201.8048512,341109633.692595,0,724442.6,735700.9300000002,14358.33,7411,103.5278709451929
ecuador-early-expansion,seed-4,ON,JPQ,opportunistic,japanQuality,62000000,125,32,0,0,3098289492.2161527,469437706.9786637,246074097.93803462,0,631847.4500000001,642693.65,32311.979999999996,8594,98.12495088806641
ecuador-early-expansion,seed-4,ON,CONSV,conservative,europePdConservative,65600000,55,32,0,0,2914094734.9515486,443652193.01241124,237894188.94128,0,602679.8099999999,611465.6399999999,21673.12,7686,108.84718371435075
ecuador-early-expansion,seed-4,ON,VAP,valueAdded,usProcessedGrowth,49500000,103,32,0,0,2655225916.65633,388144731.3328011,239756610.1407277,0,515090.0200000001,542948.29,53115.79,6997,96.09970699878828
ecuador-early-expansion,seed-5,OFF,MASS,OFF,OFF,52000000,140,28,4,0,2840434910.604871,290205844.91156334,17946159.936032623,36160385.49738451,593623.6100000001,646046.16,77809.78,7178,87.59759403774387
ecuador-early-expansion,seed-5,OFF,BAL,OFF,OFF,75000000,85,32,0,0,3466417345.093081,522586271.18211937,219407044.37215412,0,722198.9199999999,747853.4500000002,36431.92,7248,103.84950451047477
ecuador-early-expansion,seed-5,OFF,JPQ,OFF,OFF,55000000,81,32,0,0,3293218141.4243817,486397580.17421544,290187240.299739,0,675706.33,689115.4399999998,15309.11,8836,81.39630717977735
ecuador-early-expansion,seed-5,OFF,CONSV,OFF,OFF,40000000,85,32,0,0,3023152190.936649,456416179.75177765,265643863.55707747,0,634100.0100000002,624489.79,0,7313,63.08153188642906
ecuador-early-expansion,seed-5,OFF,VAP,OFF,OFF,0,61,32,0,0,2530756675.0780296,362352157.7269624,257632696.07828346,0,501879.98000000004,495009.0399999999,0,6500,0
ecuador-early-expansion,seed-5,ON,MASS,growth,chinaVolume,46000000,39,28,4,0,2888940962.5567856,296377167.3617542,34377224.99765721,28295838.14633736,613709.86,675534.3799999999,105789.59,7227,74.95398558530573
ecuador-early-expansion,seed-5,ON,BAL,balanced,balancedGeneralist,75000000,81,32,0,0,3467327259.96531,524346323.8972649,220703742.2611089,0,722371.7599999999,746163.16,34080.97,7250,103.82465671138641
ecuador-early-expansion,seed-5,ON,JPQ,opportunistic,japanQuality,62000000,129,32,0,0,3110464969.7777033,473512073.82762086,251017766.74932063,0,631822.09,642994.3200000001,32898.58,8552,98.1288894156898
ecuador-early-expansion,seed-5,ON,CONSV,conservative,europePdConservative,65600000,54,32,0,0,2903864785.1247964,440126385.5298888,237914067.55977097,0,597667.18,608523.27,25077.379999999997,7725,109.76008419936994
ecuador-early-expansion,seed-5,ON,VAP,valueAdded,usProcessedGrowth,49500000,119,32,0,0,2666509598.8172555,397555076.8952117,248831412.85343707,0,515396.50000000006,543730.26,54018.380000000005,7000,96.04256140660635
ecuador-delayed-expansion,seed-1,OFF,MASS,OFF,OFF,56000000,104,26,6,0,2752230164.391337,305870832.14044213,32316641.88354822,35714074.05163501,536715.5000000001,559897.67,30249.19,6799,104.33833194681351
ecuador-delayed-expansion,seed-1,OFF,BAL,OFF,OFF,74000000,70,32,0,0,3768225963.642112,654191334.0645615,311184096.9201118,0,732424.2099999998,755326.11,31937.52,7329,101.03434456378773
ecuador-delayed-expansion,seed-1,OFF,JPQ,OFF,OFF,58000000,79,32,0,0,3565116735.4738426,632095845.051366,392410370.3705219,0,682281.9199999999,701332.73,20950.81,8475,85.00884795540237
ecuador-delayed-expansion,seed-1,OFF,CONSV,OFF,OFF,25100000,76,32,0,0,3289398578.752941,582925028.4516587,372765284.53196895,0,650765.9999999999,641639.2300000002,0,6811,38.56993143464779
ecuador-delayed-expansion,seed-1,OFF,VAP,OFF,OFF,0,67,32,0,0,2723080164.50359,483129458.7974912,345807619.41084963,0,503289.30999999994,496217.69,0,6500,0
ecuador-delayed-expansion,seed-1,ON,MASS,growth,chinaVolume,38000000,105,28,4,0,2813757455.1834116,321756873.151173,22728462.391631905,27423308.78451448,552589.58,673934.0199999998,217380.64,6785,68.76713093287066
ecuador-delayed-expansion,seed-1,ON,BAL,balanced,balancedGeneralist,74000000,77,32,0,0,3767131926.69125,652726202.9164919,310627598.73448503,0,732503.4799999999,759807.0500000002,37794.72,7330,101.02341083758402
ecuador-delayed-expansion,seed-1,ON,JPQ,opportunistic,japanQuality,66000000,118,32,0,0,3379808969.5580845,605854678.5969708,341720803.07162577,0,639830.6100000001,652357.03,35958.5,8660,103.15230151305201
ecuador-delayed-expansion,seed-1,ON,CONSV,conservative,europePdConservative,67100000,82,32,0,0,3151173109.85938,566845042.4007694,331505845.35316086,0,605289.1499999999,614202.1299999999,21250.050000000003,7647,110.8561090183097
ecuador-delayed-expansion,seed-1,ON,VAP,valueAdded,usProcessedGrowth,49500000,103,32,0,0,2869554850.3610945,528051557.9237242,344854116.7198559,0,515327.29,545576.3600000001,54373.020000000004,7006,96.05546021053921
ecuador-delayed-expansion,seed-2,OFF,MASS,OFF,OFF,32000000,52,28,4,0,2843679681.045075,324066755.6319668,35059612.112318784,28337177.471486643,547008.0099999999,610970.17,111021.76000000001,7024,58.50005743060327
ecuador-delayed-expansion,seed-2,OFF,BAL,OFF,OFF,75000000,72,32,0,0,3755651059.189024,657456007.1256672,318034183.3778871,0,727076.13,750783.9700000002,33273.56,7383,103.15288441665662
ecuador-delayed-expansion,seed-2,OFF,JPQ,OFF,OFF,54000000,55,32,0,0,3526796722.7782364,622073290.78789,389658579.468606,0,672607.51,678272.4799999999,7564.97,8592,80.2845629838418
ecuador-delayed-expansion,seed-2,OFF,CONSV,OFF,OFF,40000000,88,32,0,0,3249341854.4475794,582473002.7009931,354766536.42718905,0,634187.8300000002,624608.6400000001,0,7229,63.07279658772384
ecuador-delayed-expansion,seed-2,OFF,VAP,OFF,OFF,0,67,32,0,0,2725574359.7916107,483926305.67866886,345518599.98978895,0,503119.52999999985,496055.38000000006,0,6500,0
ecuador-delayed-expansion,seed-2,ON,MASS,growth,chinaVolume,34000000,82,28,4,0,2938824703.555958,342213674.9538732,41689736.20329292,28875211.293099597,576019.0599999999,701604.31,227992.85,6826,59.025824596845816
ecuador-delayed-expansion,seed-2,ON,BAL,balanced,balancedGeneralist,75000000,68,32,0,0,3756843639.3666196,657452634.7862368,317868857.5467504,0,727277.2399999999,748733.24,30267.260000000002,7383,103.12436011334552
ecuador-delayed-expansion,seed-2,ON,JPQ,opportunistic,japanQuality,62000000,119,32,0,0,3350101712.4493556,610228994.1607819,348172978.4463065,0,631969.5399999999,644625.5799999998,35888.96,8598,98.10599415914889
ecuador-delayed-expansion,seed-2,ON,CONSV,conservative,europePdConservative,67000000,85,32,0,0,3184684441.4570475,579582926.4627125,340232694.8336144,0,611183.66,618851.7999999999,18890.28,7523,109.6233495509353
ecuador-delayed-expansion,seed-2,ON,VAP,valueAdded,usProcessedGrowth,58700000,94,32,0,0,2943089918.1580644,537220216.9354001,316979209.7073495,0,530613.92,563524.18,57931.95,7979,110.6265738373392
ecuador-delayed-expansion,seed-3,OFF,MASS,OFF,OFF,58000000,88,27,5,0,2960023719.5029306,361643668.313661,40857693.27354871,25508397.856582075,577411.4299999999,628124.1499999999,78937.62,6626,100.44830598521405
ecuador-delayed-expansion,seed-3,OFF,BAL,OFF,OFF,75000000,78,32,0,0,3803891537.1204996,663355947.4252937,320264580.28154993,0,739988.7599999999,766153.2699999997,37262.729999999996,7426,101.3528908195849
ecuador-delayed-expansion,seed-3,OFF,JPQ,OFF,OFF,52000000,69,32,0,0,3545379704.026969,620011928.1026524,387338523.547545,0,680829.1000000001,698063.6099999999,19134.51,8437,76.37746388924914
ecuador-delayed-expansion,seed-3,OFF,CONSV,OFF,OFF,22300000,81,32,0,0,3258493938.93319,565142408.2622151,359933773.0914876,0,646005.6400000001,636948.63,0,6811,34.51982245851599
ecuador-delayed-expansion,seed-3,OFF,VAP,OFF,OFF,49000000,84,32,0,0,3432249097.3270464,580987277.6091703,345271018.5285773,0,652294.32,649506.23,0,9599,75.11946447732367
ecuador-delayed-expansion,seed-3,ON,MASS,growth,chinaVolume,34000000,70,28,4,0,3004201373.524713,360944139.7352444,47447465.1730382,17990493.423089985,591104.0800000001,696105.5699999998,188308.26,7324,57.51948117157303
ecuador-delayed-expansion,seed-3,ON,BAL,balanced,balancedGeneralist,75000000,77,32,0,0,3803104040.7262235,669237554.4239812,325547641.0064329,0,740138.8199999997,765851.2999999999,36712.92,7388,101.33234195174363
ecuador-delayed-expansion,seed-3,ON,JPQ,opportunistic,japanQuality,62000000,100,32,0,0,3330231551.305752,597306980.7969848,337793650.5375725,0,630723.3900000001,643772.77,36780.41,8475,98.29982680680351
ecuador-delayed-expansion,seed-3,ON,CONSV,conservative,europePdConservative,68000000,75,32,0,0,3166704217.946453,565391369.0934465,326164132.749721,0,609845.4799999999,618181.7000000001,20219.89,7815,111.50365499142507
ecuador-delayed-expansion,seed-3,ON,VAP,valueAdded,usProcessedGrowth,49200000,129,32,0,0,2857232182.3395114,520027269.6246996,337870673.4821234,0,514296.9799999999,545335.05,54925.56,7014,95.66457108109016
ecuador-delayed-expansion,seed-4,OFF,MASS,OFF,OFF,56000000,114,28,4,0,3119332654.693302,400030790.899649,53579233.47735524,0,611383.38,659996.53,75878.2,8022,91.59555498548227
ecuador-delayed-expansion,seed-4,OFF,BAL,OFF,OFF,75000000,79,32,0,0,3799627912.5864735,660563363.5064219,320082900.30661196,0,742223.1099999998,769620.2400000001,39083.26,7323,101.04778332757657
ecuador-delayed-expansion,seed-4,OFF,JPQ,OFF,OFF,54500000,69,32,0,0,3547940666.319518,624265395.2731651,390626557.3143667,0,682592.3900000001,701128.7199999999,20436.33,8482,79.84267155395622
ecuador-delayed-expansion,seed-4,OFF,CONSV,OFF,OFF,25100000,82,32,0,0,3271789682.310666,572408341.535139,365575904.7518099,0,650739.4299999999,641611.8000000002,0,6810,38.57150626326732
ecuador-delayed-expansion,seed-4,OFF,VAP,OFF,OFF,0,69,32,0,0,2707764072.8580356,466898202.0460765,333516132.9837258,0,503129.88000000006,496038.57999999996,0,6500,0
ecuador-delayed-expansion,seed-4,ON,MASS,growth,chinaVolume,34000000,88,28,4,0,2917697816.9788785,334899694.4154019,33609067.27772179,29024961.542189334,575528.6000000001,703798.5399999998,232699.44,6757,59.07612584326825
ecuador-delayed-expansion,seed-4,ON,BAL,balanced,balancedGeneralist,75000000,77,32,0,0,3798869755.210857,662818542.6861163,322217842.0253965,0,742389.7499999999,768763.9800000002,37782.29,7328,101.02510170702116
ecuador-delayed-expansion,seed-4,ON,JPQ,opportunistic,japanQuality,66000000,120,32,0,0,3336305928.7256308,596467127.2700621,333613926.29978675,0,633868.3700000001,646634.0100000001,36391.09,8536,104.12256412163299
ecuador-delayed-expansion,seed-4,ON,CONSV,conservative,europePdConservative,67100000,84,32,0,0,3136079434.3069754,560411053.7174076,327641823.3317941,0,605331.5800000001,614265.0900000001,21210.38,7647,110.84833869067262
ecuador-delayed-expansion,seed-4,ON,VAP,valueAdded,usProcessedGrowth,50700000,120,32,0,0,2852264573.8749614,512131984.48024124,329991867.19675225,0,514809.6600000001,546346.13,55701.47,7014,98.48300049381356
ecuador-delayed-expansion,seed-5,OFF,MASS,OFF,OFF,56000000,119,28,4,0,3149698898.9920764,411572834.18309903,65870528.448263995,0,614754.9800000001,664163.13,76701.08,8006,91.09320269353489
ecuador-delayed-expansion,seed-5,OFF,BAL,OFF,OFF,75000000,85,32,0,0,3723902419.7732015,653804538.229109,312822282.2071631,0,722431.6699999998,748692.94,37369.03,7269,103.81604671345599
ecuador-delayed-expansion,seed-5,OFF,JPQ,OFF,OFF,54000000,70,32,0,0,3517182702.112809,614530235.5371608,386607851.29088825,0,672084.96,684767.0499999999,14582.09,8592,80.34698470264831
ecuador-delayed-expansion,seed-5,OFF,CONSV,OFF,OFF,29200000,86,32,0,0,3151815215.4880347,551948766.0391531,348621845.291133,0,617355.3800000002,608187.2599999999,0,7058,47.29852682258959
ecuador-delayed-expansion,seed-5,OFF,VAP,OFF,OFF,0,69,32,0,0,2717468101.58066,477683816.3148314,344764769.84153944,0,503041.61,496097.02999999985,0,6500,0
ecuador-delayed-expansion,seed-5,ON,MASS,growth,chinaVolume,38000000,84,28,4,0,3083235168.4378614,380225764.8612585,59329447.117875874,14754603.114005685,604424.87,734612.7999999999,237302.36,7604,62.86968304265839
ecuador-delayed-expansion,seed-5,ON,BAL,balanced,balancedGeneralist,75000000,88,32,0,0,3723695131.7871957,654781453.5647606,314098593.13862425,0,722571.7,747319.8099999999,35164.3,7266,103.795927795124
ecuador-delayed-expansion,seed-5,ON,JPQ,opportunistic,japanQuality,62000000,118,32,0,0,3338327359.512088,601452569.4012781,346079104.4883793,0,631614.1,643868.61,35190.44,8547,98.1612031776998
ecuador-delayed-expansion,seed-5,ON,CONSV,conservative,europePdConservative,68100000,88,32,0,0,3148364609.391925,565895832.1936251,327904695.03124523,0,606101.24,615084.56,22181.93,7484,112.35746688127549
ecuador-delayed-expansion,seed-5,ON,VAP,valueAdded,usProcessedGrowth,49500000,114,32,0,0,2856878941.6977096,517882222.1486111,338002211.25209266,0,513970.3,545006.9900000001,56634.2,7073,96.30906688577141
global-demand-boom,seed-1,OFF,MASS,OFF,OFF,66300000,0,25,7,0,2886565920.5280805,405771442.3761933,89334000.35839513,0,495667.8800000001,521420.4599999999,41836.56,8200,133.75891937964587
global-demand-boom,seed-1,OFF,BAL,OFF,OFF,75000000,109,32,0,0,4286310113.835439,914536844.0284407,478207495.5175282,0,725779.9599999997,767984.4,59092.21000000001,7311,103.33710509174162
global-demand-boom,seed-1,OFF,JPQ,OFF,OFF,59000000,108,32,0,0,4093520804.555354,901327949.2540336,583553477.6608459,0,682529.9299999999,703703.37,23073.44,8603,86.44309561633438
global-demand-boom,seed-1,OFF,CONSV,OFF,OFF,22300000,113,32,0,0,3560419697.0992646,771869683.1998327,506032963.706588,0,613191.7099999998,604159.3099999999,0,6644,36.3670930906747
global-demand-boom,seed-1,OFF,VAP,OFF,OFF,22000000,117,32,0,0,3787887765.5043163,831677202.6925652,540835104.94024,0,630225.4700000001,620839.3300000001,0,8803,34.90814168459424
global-demand-boom,seed-1,ON,MASS,growth,chinaVolume,68000000,96,27,5,0,3211502521.810388,488625059.3551482,27882894.858587258,63743872.2076041,556011.0000000001,658207.04,179810.66999999998,7404,122.29973867423483
global-demand-boom,seed-1,ON,BAL,balanced,balancedGeneralist,75000000,103,32,0,0,4283941728.0076857,912727509.9610722,477713338.2749414,0,725869.1599999998,765106.0999999999,54229.62,7311,103.32440628831789
global-demand-boom,seed-1,ON,JPQ,opportunistic,japanQuality,66000000,121,32,0,0,3879886885.0281096,873668394.0782135,529788499.45884025,0,641377.68,656975.0600000002,42393.2,8631,102.90348738047759
global-demand-boom,seed-1,ON,CONSV,conservative,europePdConservative,67000000,95,32,0,0,3754885568.796871,845835448.0192051,532430548.04341125,0,633355.5900000001,641551.4199999998,21479.989999999998,7200,105.78575615003254
global-demand-boom,seed-1,ON,VAP,valueAdded,usProcessedGrowth,49200000,109,32,0,0,3292017443.8195677,789444351.4259608,533313388.8465762,0,514585.99999999994,549241.27,62268.19,7073,95.61084055920684
global-demand-boom,seed-2,OFF,MASS,OFF,OFF,62000000,131,28,4,0,3603388256.959528,598665893.1622641,167519413.71937782,0,615303.2699999998,688415.97,119502.15,8200,100.76331952534564
global-demand-boom,seed-2,OFF,BAL,OFF,OFF,75000000,78,32,0,0,4302736834.478615,917388948.5829084,487418770.8686456,0,727231.1,755343.54,39636.46,7344,103.13090295505789
global-demand-boom,seed-2,OFF,JPQ,OFF,OFF,55000000,72,32,0,0,4074621526.4946976,893007518.2790614,584281546.7593282,0,677612.24,696053.5399999999,20341.3,8856,81.16736498148262
global-demand-boom,seed-2,OFF,CONSV,OFF,OFF,29200000,103,32,0,0,3606040020.7581697,787161901.3011477,509369703.27712154,0,616874.5400000002,607704.74,0,7025,47.33539497350627
global-demand-boom,seed-2,OFF,VAP,OFF,OFF,39000000,152,32,0,0,4015932648.925246,859646367.3019034,543067664.3561151,0,669518.3400000001,663598.85,0,9552,58.25083148581112
global-demand-boom,seed-2,ON,MASS,growth,chinaVolume,68000000,98,28,4,0,3521619228.0226364,558362681.1412449,23282480.97635628,73180243.63884541,607114.7500000001,736860.9599999998,234689.01,7580,112.00518518121984
global-demand-boom,seed-2,ON,BAL,balanced,balancedGeneralist,75000000,77,32,0,0,4300938128.860226,921823015.2498302,491886473.6861728,0,727328.83,754886.47,38875.92,7344,103.11704542221983
global-demand-boom,seed-2,ON,JPQ,opportunistic,japanQuality,57000000,118,32,0,0,3834861500.377042,874688883.2183902,537280906.4618047,0,632097.99,648261.6499999999,43229.880000000005,8590,90.17589187397985
global-demand-boom,seed-2,ON,CONSV,conservative,europePdConservative,67000000,60,32,0,0,3584338798.858889,812668859.6841722,500765713.69368374,0,602054.4000000003,610978.01,20724.98,7536,111.28562468773582
global-demand-boom,seed-2,ON,VAP,valueAdded,usProcessedGrowth,50700000,141,32,0,0,3298869099.472478,795013738.8596281,533756105.4921948,0,514544.93000000005,549471.0199999999,62302.95999999999,7014,98.53366935322829
global-demand-boom,seed-3,OFF,MASS,OFF,OFF,80000000,138,27,5,0,3621546027.4571595,612390247.768074,48466702.54239476,32253144.46911017,618777.8099999998,664596.9500000001,71129.98999999999,8200,129.28711842462485
global-demand-boom,seed-3,OFF,BAL,OFF,OFF,75000000,119,32,0,0,4293140065.478776,923339577.0102898,490016358.2602013,0,728721.29,759447.4499999998,42470.12,7284,102.92000663243968
global-demand-boom,seed-3,OFF,JPQ,OFF,OFF,52000000,76,32,0,0,4062183527.5428896,889019140.4572057,579936567.1034745,0,680823.79,698996.1099999999,20072.32,8437,76.37805958572628
global-demand-boom,seed-3,OFF,CONSV,OFF,OFF,22300000,93,32,0,0,3719367840.5476456,800219066.8150307,527002845.4320844,0,646032.2999999999,636975.28,0,6811,34.51839791911333
global-demand-boom,seed-3,OFF,VAP,OFF,OFF,0,86,32,0,0,3092451787.808896,710070373.2611355,510018161.1664569,0,499624.5400000001,492500.32000000007,0,6500,0
global-demand-boom,seed-3,ON,MASS,growth,chinaVolume,56000000,98,27,5,0,3423560011.797333,544828677.689343,25281845.45595802,117864865.1633805,589772.8,741253.3300000001,278705.3,7376,94.95181873426512
global-demand-boom,seed-3,ON,BAL,balanced,balancedGeneralist,75000000,88,32,0,0,4289681134.661498,924604987.7721026,491507765.192636,0,728679.66,752269.5599999999,33283.770000000004,7285,102.92588652742138
global-demand-boom,seed-3,ON,JPQ,opportunistic,japanQuality,62000000,106,32,0,0,3815394346.4556847,860651142.374937,522313382.7786167,1.862645149230957e-9,630930.66,647214.0000000002,43558.04,8688,98.26753386814329
global-demand-boom,seed-3,ON,CONSV,conservative,europePdConservative,68000000,50,32,0,0,3644218133.4575315,816699318.5880541,504644200.4789325,0,614021.0700000001,621997.1799999998,20124.9,7627,110.74538533343814
global-demand-boom,seed-3,ON,VAP,valueAdded,usProcessedGrowth,49200000,111,32,0,0,3276428806.4335594,784491390.8628969,528174837.0287751,0,513285.88000000006,548169.99,62513.42,6979,95.85301664639594
global-demand-boom,seed-4,OFF,MASS,OFF,OFF,97000000,152,27,5,0,3776204318.6660395,636555331.4935402,53500498.292908944,6117668.7277389765,650952.0199999999,718847.1299999999,110109.02,8543,149.01251861849974
global-demand-boom,seed-4,OFF,BAL,OFF,OFF,75000000,102,32,0,0,4279813000.6808987,908331861.4000044,476520530.23234975,0,728243.5599999999,764560.1300000001,51651.65,7286,102.98752247119083
global-demand-boom,seed-4,OFF,JPQ,OFF,OFF,53000000,104,32,0,0,4065311846.505156,884272523.9317639,576870315.3304045,0,682209,699365.8300000001,19056.83,8503,77.68880211196276
global-demand-boom,seed-4,OFF,CONSV,OFF,OFF,25100000,94,32,0,0,3737075596.9856615,802180685.0344703,527892972.48284453,0,650777.3500000001,641649.9100000003,0,6812,38.56925874878712
global-demand-boom,seed-4,OFF,VAP,OFF,OFF,50500000,147,32,0,0,3990352762.3682995,842431763.4338067,540207133.8008333,0,662894.5299999998,661930.67,828.2,9358,76.18104798662317
global-demand-boom,seed-4,ON,MASS,growth,chinaVolume,60000000,129,28,4,0,3422899616.9705687,535444032.7498852,26929150.32434266,134996023.58994406,590960.04,770199.1999999998,331208.44,7033,101.52970749088212
global-demand-boom,seed-4,ON,BAL,balanced,balancedGeneralist,75000000,89,32,0,0,4275234659.0377192,914999785.9682841,483661243.970574,0,728312.61,757809.64,42304.18,7286,102.97775841063634
global-demand-boom,seed-4,ON,JPQ,opportunistic,japanQuality,66000000,188,32,0,0,3806734859.8831863,855083819.1992146,513928175.9512223,0,631206.3899999999,646058.1599999999,40888.59,8694,104.56167910467448
global-demand-boom,seed-4,ON,CONSV,conservative,europePdConservative,68000000,82,32,0,0,3634137973.3850994,810495094.8018779,505206905.1485902,0,613922.5300000001,621829.62,19172.190000000002,7784,110.76316094801079
global-demand-boom,seed-4,ON,VAP,valueAdded,usProcessedGrowth,49200000,160,32,0,0,3266516555.405256,770920199.531121,519574451.2332961,0,512720.7099999999,546561.23,60644.22,7073,95.95867504552334
global-demand-boom,seed-5,OFF,MASS,OFF,OFF,36300000,25,28,4,0,3037735898.3198175,426476651.2190095,46677255.16553943,13467080.396851525,516470.22999999986,579544.5400000002,113047.35,6298,70.2847867920674
global-demand-boom,seed-5,OFF,BAL,OFF,OFF,75000000,96,32,0,0,4293726211.158447,919758789.521245,488392211.1834626,0,728371.5699999997,761479.96,47258.91,7312,102.96942259841364
global-demand-boom,seed-5,OFF,JPQ,OFF,OFF,55000000,82,32,0,0,4063237634.309018,889834419.3767695,582567297.9036895,0,677092.76,697471.7899999999,22279.03,8856,81.22963831425402
global-demand-boom,seed-5,OFF,CONSV,OFF,OFF,29200000,121,32,0,0,3594436978.228712,777820107.8717624,508378412.4908511,0,616885.5000000001,607706.27,0,7013,47.33455398124935
global-demand-boom,seed-5,OFF,VAP,OFF,OFF,39500000,138,32,0,0,4002389356.194036,860686105.8843558,543589622.2277356,0,670689.11,663361.6699999999,0,9554,58.89464941513662
global-demand-boom,seed-5,ON,MASS,growth,chinaVolume,60000000,116,28,4,0,3354843023.283273,513638619.7605994,29715013.510175258,158259108.23199242,579194.28,744818.2100000002,305163.22,6791,103.59218326534578
global-demand-boom,seed-5,ON,BAL,balanced,balancedGeneralist,75000000,81,32,0,0,4291598253.1401014,920926701.9465685,491143866.5169338,0,728445.2099999998,753386.7299999999,36061.37,7312,102.95901321116521
global-demand-boom,seed-5,ON,JPQ,opportunistic,japanQuality,62000000,107,32,0,0,3824081157.4964,866327306.0993959,532818050.24999267,0,632119.21,648129.25,42953.14,8550,98.08276511640898
global-demand-boom,seed-5,ON,CONSV,conservative,europePdConservative,68000000,55,32,0,0,3642527450.5406165,815825131.8773696,511429059.9788023,0,613238.2999999999,621856.8599999999,20538.39,7784,110.88674663666637
global-demand-boom,seed-5,ON,VAP,valueAdded,usProcessedGrowth,56000000,90,32,0,0,3345015260.9074593,788036618.5746149,499969656.98919296,0,526536.6699999999,564961.0399999999,69955.56,8008,106.35536552468417
global-disease-crisis,seed-1,OFF,MASS,OFF,OFF,71000000,42,25,7,0,2862600190.877019,366294607.97753227,58409853.85528241,22383087.856086038,521991.17999999993,528778.48,12375.51,8543,136.0176238993157
global-disease-crisis,seed-1,OFF,BAL,OFF,OFF,75000000,129,32,0,0,4019657960.8185654,790124402.9407334,424429460.543162,0,720966.72,750061.85,34504.950000000004,7380,104.02699309061035
global-disease-crisis,seed-1,OFF,JPQ,OFF,OFF,58000000,93,32,0,0,3842176334.737891,751522795.9516408,475787151.90735406,0,682414.77,701747.3099999999,21232.54,8554,84.99229874523378
global-disease-crisis,seed-1,OFF,CONSV,OFF,OFF,25100000,89,32,0,0,3545603380.235758,695153680.5727583,449712793.32032347,0,650769.3800000002,641641.9300000002,0,6811,38.569731108123115
global-disease-crisis,seed-1,OFF,VAP,OFF,OFF,0,67,32,0,0,2939866559.5316095,605088262.4644196,433138056.0350599,0,503765.9999999999,496658.92999999993,0,6500,0
global-disease-crisis,seed-1,ON,MASS,growth,chinaVolume,42000000,56,27,5,0,2987172951.090098,398460164.7092257,46386424.57423397,7926864.638672464,551562.8099999999,625878.38,128195.78,6517,76.1472659840862
global-disease-crisis,seed-1,ON,BAL,balanced,balancedGeneralist,74000000,79,32,0,0,4052658996.419236,777083795.941295,391323814.42794645,0,729954.38,758247.2099999998,39392.26,7188,101.37619833173684
global-disease-crisis,seed-1,ON,JPQ,opportunistic,japanQuality,66000000,119,32,0,0,3624746300.971767,726084161.001513,424492675.2348751,0,636767.2900000002,649012.47,35468.729999999996,8586,103.64854011266813
global-disease-crisis,seed-1,ON,CONSV,conservative,europePdConservative,67000000,64,32,0,0,3423186091.9486647,691422941.9832594,419656917.10975134,0,611199.95,619060.0599999999,19043.09,7523,109.62042781580726
global-disease-crisis,seed-1,ON,VAP,valueAdded,usProcessedGrowth,49200000,94,32,0,0,3090165894.0439844,658347000.7770708,439254159.95674926,0,514193.64,545808.37,55626.42,7014,95.68379725583537
global-disease-crisis,seed-2,OFF,MASS,OFF,OFF,40000000,56,27,5,0,3192250541.566479,421545427.4717108,63252221.402450845,4489254.960869484,577221.71,617968.0199999999,71064.34,7406,69.29746284144441
global-disease-crisis,seed-2,OFF,BAL,OFF,OFF,75000000,69,32,0,0,4023443608.856817,775312839.8159246,392937617.91647965,0,720926.2199999999,742703.9999999998,30699.5,7398,104.03283709115202
global-disease-crisis,seed-2,OFF,JPQ,OFF,OFF,50000000,72,32,0,0,3837071094.577007,753772522.7004042,484917615.76391804,0,682220.33,698691.52,18371.19,8429,73.29010555871298
global-disease-crisis,seed-2,OFF,CONSV,OFF,OFF,40000000,96,32,0,0,3500207307.3909793,686136101.3776289,424266837.3787072,0,634232.7500000001,624648.38,0,7242,63.06832941061462
global-disease-crisis,seed-2,OFF,VAP,OFF,OFF,0,80,32,0,0,2942753687.3494,603968360.7492616,431308084.9004636,0,503600.5599999999,496498.38999999996,0,6500,0
global-disease-crisis,seed-2,ON,MASS,growth,chinaVolume,38000000,52,28,4,0,3144286988.309061,413000748.29563737,51726480.128016844,2027899.2421371676,573099.69,664463.85,163459.26,6776,66.30609065588573
global-disease-crisis,seed-2,ON,BAL,balanced,balancedGeneralist,75000000,69,32,0,0,4023346704.385547,776588995.9280382,393978448.3366491,0,721131.3899999998,742587.96,30503.51,7414,104.00323857764675
global-disease-crisis,seed-2,ON,JPQ,opportunistic,japanQuality,66000000,93,32,0,0,3605945536.4489584,730498505.3954844,425666518.8383617,0,631699.94,644545.62,36598.85,8522,104.4799845952178
global-disease-crisis,seed-2,ON,CONSV,conservative,europePdConservative,67000000,54,32,0,0,3426679252.520806,698019027.5124527,418751068.5512298,0,611162.1700000002,619222.19,20381.699999999997,7716,109.62720418379295
global-disease-crisis,seed-2,ON,VAP,valueAdded,usProcessedGrowth,49200000,108,32,0,0,3095852574.1129365,660180331.170136,440602623.1921506,0,514362.72000000003,545596.02,55492.63,7014,95.65234432231013
global-disease-crisis,seed-3,OFF,MASS,OFF,OFF,75000000,148,27,5,0,3542931687.1179495,514165233.28520304,118408912.66784741,0,649310.67,688017.4799999999,59883.97,8543,115.50711156494624
global-disease-crisis,seed-3,OFF,BAL,OFF,OFF,75000000,82,32,0,0,4095115058.4760895,779994902.6445867,389365089.3240562,0,738590.6299999998,769523.0000000001,46339.04,7429,101.5447488143737
global-disease-crisis,seed-3,OFF,JPQ,OFF,OFF,52000000,59,32,0,0,3816853298.906488,737494465.457288,469106267.05315125,0,680572.8,695028.74,16355.94,8437,76.40622722506689
global-disease-crisis,seed-3,OFF,CONSV,OFF,OFF,22300000,88,32,0,0,3511684526.8419585,674940076.6407682,435165339.6641935,0,646027.9199999999,636970.91,0,6811,34.51863195014854
global-disease-crisis,seed-3,OFF,VAP,OFF,OFF,16000000,90,32,0,0,3476484286.2248826,667638684.9593002,423391136.1543696,0,614640.1300000002,605340.94,0,8805,26.031492606901526
global-disease-crisis,seed-3,ON,MASS,growth,chinaVolume,46000000,83,27,5,0,3275703639.7082396,460542614.6346844,88850276.88850474,0,602610.0999999999,705346.7999999999,181449.41,6861,76.33459844101519
global-disease-crisis,seed-3,ON,BAL,balanced,balancedGeneralist,75000000,78,32,0,0,4094642116.148136,787431110.2399793,395874575.1272811,0,738743.7899999997,766988.7999999999,42650.63,7430,101.52369605705928
global-disease-crisis,seed-3,ON,JPQ,opportunistic,japanQuality,62000000,88,32,0,0,3572237799.1603694,720076854.6523407,423120506.4632701,0,627800.3799999998,641919.24,39084.33,8609,98.75750632709082
global-disease-crisis,seed-3,ON,CONSV,conservative,europePdConservative,68000000,50,32,0,0,3428513688.4266324,686468846.7186153,412116493.03605795,0,613660.1200000001,621366.96,19244.83,7815,110.8105248879461
global-disease-crisis,seed-3,ON,VAP,valueAdded,usProcessedGrowth,46800000,71,32,0,0,3065916415.7540293,650378314.5896918,436179173.92190534,0,511097.66,542237.0299999999,55073.01,6964,91.56762721238051
global-disease-crisis,seed-4,OFF,MASS,OFF,OFF,58000000,93,27,5,0,3480148662.5005713,501112778.10908324,111961193.90064782,0,637103.7199999997,686864.2299999999,83370.73000000001,8200,91.03698217301262
global-disease-crisis,seed-4,OFF,BAL,OFF,OFF,75000000,80,32,0,0,4101383041.848768,786905316.481648,402411764.756759,0,742432.6799999998,770185.9699999999,39758.39,7348,101.0192600896825
global-disease-crisis,seed-4,OFF,JPQ,OFF,OFF,48500000,78,32,0,0,3805684847.66286,738846367.0869315,474199166.7354192,0,680780.8400000001,696285.8700000001,17405.03,8393,71.24172296035827
global-disease-crisis,seed-4,OFF,CONSV,OFF,OFF,25100000,100,32,0,0,3528879132.496587,682921048.1101384,441349932.6109124,0,650772.1499999999,641644.7800000001,0,6812,38.569566936753525
global-disease-crisis,seed-4,OFF,VAP,OFF,OFF,0,77,32,0,0,2924337693.1412134,585719484.8796742,418591795.0721964,0,503523.91,496414.4700000001,0,6500,0
global-disease-crisis,seed-4,ON,MASS,growth,chinaVolume,46000000,91,28,4,0,3210083223.70056,439690532.1231367,72847431.23629047,0,591616.2200000001,709395.81,210596.91999999998,6478,77.75310825656537
global-disease-crisis,seed-4,ON,BAL,balanced,balancedGeneralist,75000000,77,32,0,0,4101249194.7350516,790744972.6525037,405698367.4248582,0,742552.5299999999,769107.73,38106.05,7361,101.00295530607109
global-disease-crisis,seed-4,ON,JPQ,opportunistic,japanQuality,66000000,86,32,0,0,3590428242.8490815,719265672.1139698,418856300.44137716,0,632593.88,645355.3400000002,36483.23,8682,104.33234036345719
global-disease-crisis,seed-4,ON,CONSV,conservative,europePdConservative,65800000,60,32,0,0,3361149309.7182436,675637075.5098681,406542829.79425585,0,602094.83,611103.64,21256.57,7551,109.28511045344801
global-disease-crisis,seed-4,ON,VAP,valueAdded,usProcessedGrowth,49200000,86,32,0,0,3066192976.427068,641829639.1195016,426051869.42150193,0,512812.92,544647.4799999999,56087.81,7014,95.94142050867205
global-disease-crisis,seed-5,OFF,MASS,OFF,OFF,50000000,68,27,5,0,3314059899.8092484,460835741.6329521,87029794.22968368,0,599926.6700000002,646163.8699999999,77521.20999999999,7709,83.34351930045048
global-disease-crisis,seed-5,OFF,BAL,OFF,OFF,75000000,93,32,0,0,4015881354.6455293,769381734.8401976,386370779.51188254,0,722566.0799999998,753400.3,43712.82,7284,103.79673510276045
global-disease-crisis,seed-5,OFF,JPQ,OFF,OFF,55000000,66,32,0,0,3809481592.21753,736210437.6022243,470670750.22239655,0,675416.74,694852.1699999999,21335.43,8856,81.43120645780856
global-disease-crisis,seed-5,OFF,CONSV,OFF,OFF,29200000,96,32,0,0,3363788028.5263143,640021321.0635985,406746317.3211401,0,613056.62,603887.1399999999,0,7074,47.630184631233575
global-disease-crisis,seed-5,OFF,VAP,OFF,OFF,16000000,74,32,0,0,3539353577.448313,680628207.3152549,440167826.7844725,0,627132.49,617876.3399999999,0,8761,25.51295022204957
global-disease-crisis,seed-5,ON,MASS,growth,chinaVolume,46000000,110,28,4,0,3215276127.359626,437314531.0501274,73690062.44014953,0,591278.1399999999,725918.03,242242.18,6531,77.79756579534634
global-disease-crisis,seed-5,ON,BAL,balanced,balancedGeneralist,75000000,89,32,0,0,4020573691.7902694,783274587.2987187,407535994.9161276,0,723631.5499999999,748613.9,33551.63,7272,103.64390552070319
global-disease-crisis,seed-5,ON,JPQ,opportunistic,japanQuality,66000000,93,32,0,0,3596796861.1528897,722146197.0695559,424018866.59038574,0,631821.0700000001,643915.9500000001,34974.85,8578,104.45995414492903
global-disease-crisis,seed-5,ON,CONSV,conservative,europePdConservative,68100000,64,32,0,0,3380470502.2254744,681120441.9583445,404033586.9353746,0,604667.3200000001,613659.28,22750.58,7548,112.6239135926843
global-disease-crisis,seed-5,ON,VAP,valueAdded,usProcessedGrowth,48000000,130,32,0,0,3075311075.235883,644079081.0059767,431748668.36527365,0,512682.08000000013,544407.1699999999,57359.3,6989,93.62527358085148
