scenario,seed,companyId,proposed_hosoLineExpansion,proposed_pdLineExpansion,proposed_vapLineExpansion,proposed_commonProcessingExpansion,proposed_freezingPackagingExpansion,proposed_coldStorageExpansion,proposed_qualityControlEquipment,proposed_environmentalEquipment,proposed_newFactoryConstruction,proposed_pdMechanization,approved_hosoLineExpansion,approved_pdLineExpansion,approved_vapLineExpansion,approved_commonProcessingExpansion,approved_freezingPackagingExpansion,approved_coldStorageExpansion,approved_qualityControlEquipment,approved_environmentalEquipment,approved_newFactoryConstruction,approved_pdMechanization,completed_hosoLineExpansion,completed_pdLineExpansion,completed_vapLineExpansion,completed_commonProcessingExpansion,completed_freezingPackagingExpansion,completed_coldStorageExpansion,completed_qualityControlEquipment,completed_environmentalEquipment,completed_newFactoryConstruction,completed_pdMechanization,rejected_hosoLineExpansion,rejected_pdLineExpansion,rejected_vapLineExpansion,rejected_commonProcessingExpansion,rejected_freezingPackagingExpansion,rejected_coldStorageExpansion,rejected_qualityControlEquipment,rejected_environmentalEquipment,rejected_newFactoryConstruction,rejected_pdMechanization,vapDevSpendTurns,vapDevTotalUsd,totalCapexPaidUsd,salesHiresTotal,salesLayoffsTotal,normalQuarters,liquidityStressQuarters,severeDistressQuarters,endingRevenueCumulative,endingOperatingProfitCumulative,endingCash,endingDebt,endingProductionCumulative,endingContractsCumulative,endingBacklog,endingFactoryCount,endingRegularWorkers
baseline,seed-1,MASS,1,2,2,0,0,0,0,0,1,0,0,0,0,0,0,0,0,0,0,0,1,2,2,0,0,0,0,0,1,0,0,0,0,0,0,0,0,0,0,0,0,0,50000000,113,0,26,6,0,2736597182.355258,302023373.7714251,35905498.84842421,79471541.1382243,536846.2499999999,570816.9400000001,47182.43,1,7429
baseline,seed-1,BAL,3,3,2,2,0,0,0,0,1,0,0,0,0,0,0,0,0,0,0,0,3,3,2,1,0,0,0,0,1,0,0,0,0,1,0,0,0,0,0,0,0,0,75000000,111,0,32,0,0,3697234917.0644326,651923990.5787483,314818164.750164,0,720652.7200000001,744499.2200000001,27429.91,1,7374
baseline,seed-1,JPQ,3,2,1,4,0,0,0,0,0,0,0,0,0,0,0,0,0,0,0,0,3,2,1,4,0,0,0,0,0,0,0,0,0,0,0,0,0,0,0,0,0,0,58000000,68,0,32,0,0,3528258397.605046,615043169.972515,367134649.8838553,0,682290.5199999999,701165.4500000001,20774.93,1,8463
baseline,seed-1,CONSV,2,1,1,0,0,0,0,0,0,0,0,0,0,0,0,0,0,0,0,0,2,1,0,0,0,0,0,0,0,0,0,0,0,0,0,0,0,0,0,0,0,0,25100000,81,0,32,0,0,3261153477.6189184,571848463.8094637,351518350.7948436,0,650747.7899999999,641621.8900000001,0,1,6811
baseline,seed-1,VAP,0,0,0,0,0,0,0,0,0,0,0,0,0,0,0,0,0,0,0,0,0,0,0,0,0,0,0,0,0,0,0,0,0,0,0,0,0,0,0,0,0,0,0,76,0,32,0,0,2697087306.943241,469976840.7146942,325717002.579418,0,503097.42000000004,495993.4,0,1,6500
baseline,seed-2,MASS,0,1,1,0,0,0,0,0,1,0,0,0,0,0,0,0,0,0,0,0,0,1,1,0,0,0,0,0,1,0,0,0,0,0,0,0,0,0,0,0,0,0,32000000,27,0,28,4,0,2585883039.9822774,259943865.63632482,17251791.431994468,107666704.40818949,506385.4099999998,563579.2600000001,101055.06,1,5595
baseline,seed-2,BAL,3,2,1,4,0,0,0,0,1,0,0,0,0,0,0,0,0,0,0,0,3,2,1,3,0,0,0,0,1,0,0,0,0,1,0,0,0,0,0,0,0,0,75000000,75,0,32,0,0,3712242602.2013807,636841249.8247248,283639767.25932777,0,726995.5299999999,752353.5100000001,35795.729999999996,1,7383
baseline,seed-2,JPQ,3,2,1,5,0,0,0,0,0,0,0,0,0,0,0,0,0,0,0,0,3,2,0,3,0,0,0,0,0,0,0,0,0,1,0,0,0,0,0,0,0,0,50000000,84,0,32,0,0,3524334739.979549,615093364.904473,374150455.3054412,0,681773.41,697678.1599999999,17804.75,1,8330
baseline,seed-2,CONSV,2,3,2,0,0,0,0,0,0,0,0,0,0,0,0,0,0,0,0,0,2,3,2,0,0,0,0,0,0,0,0,0,0,0,0,0,0,0,0,0,0,0,40000000,93,0,32,0,0,3223064956.1310124,573541590.4250039,334643035.75020444,0,634205.6900000001,624620.0900000002,0,1,7239
baseline,seed-2,VAP,0,0,0,0,0,0,0,0,0,0,0,0,0,0,0,0,0,0,0,0,0,0,0,0,0,0,0,0,0,0,0,0,0,0,0,0,0,0,0,0,0,0,0,67,0,32,0,0,2701490191.370941,473558306.9936943,327505813.4979681,0,503035.97000000003,495925.05000000005,0,1,6500
baseline,seed-3,MASS,2,3,2,0,0,0,0,0,2,0,0,0,0,0,0,0,0,0,0,0,2,3,2,0,0,0,0,0,1,0,0,0,0,0,0,0,0,0,1,0,0,0,62000000,95,0,27,5,0,2985353565.8540874,372956455.8518603,48009753.447266884,42119247.114929296,587803.23,624901.03,55539.57000000001,1,7236
baseline,seed-3,BAL,3,2,1,3,0,0,0,0,1,0,0,0,0,0,0,0,0,0,0,0,3,2,1,3,0,0,0,0,1,0,0,0,0,0,0,0,0,0,0,0,0,0,75000000,78,0,32,0,0,3758463152.2975187,642144650.783348,285117408.0397847,0,739788.0499999999,765817.1699999999,36935.659999999996,1,7363
baseline,seed-3,JPQ,3,2,1,5,0,0,0,0,0,0,0,0,0,0,0,0,0,0,0,0,3,2,0,3,0,0,0,0,0,0,0,0,0,1,0,0,0,0,0,0,0,0,52000000,66,0,32,0,0,3507950310.813117,601508832.39377,360994830.9179985,0,680569,698307.19,19638.19,1,8437
baseline,seed-3,CONSV,2,1,1,0,0,0,0,0,0,0,0,0,0,0,0,0,0,0,0,0,2,0,0,0,0,0,0,0,0,0,0,0,0,0,0,0,0,0,0,0,0,0,22300000,78,0,32,0,0,3230700105.972831,554703885.6763468,339245376.42890227,0,645984.6800000002,636928.25,0,1,6811
baseline,seed-3,VAP,4,1,1,4,0,0,0,0,0,0,0,0,0,0,0,0,0,0,0,0,3,1,1,3,0,0,0,0,0,0,1,0,0,1,0,0,0,0,0,0,0,0,49000000,100,0,32,0,0,3406755575.6963444,568371547.6903672,327031855.23690027,0,652072.1799999999,651103.9900000002,1104.98,1,9598
baseline,seed-4,MASS,2,3,1,0,0,0,0,0,1,0,0,0,0,0,0,0,0,0,0,0,2,3,1,0,0,0,0,0,1,0,0,0,0,0,0,0,0,0,0,0,0,0,56000000,120,0,28,4,0,3003306021.998628,370188895.0888381,20452328.159585223,12425230.238694463,594798.7100000001,655214.2500000001,94917.9,1,7036
baseline,seed-4,BAL,3,2,1,3,0,0,0,0,1,0,0,0,0,0,0,0,0,0,0,0,3,2,1,3,0,0,0,0,1,0,0,0,0,0,0,0,0,0,0,0,0,0,75000000,100,0,32,0,0,3754318324.147251,637753778.5356402,284338879.95399505,0,742162.1699999998,780346.1700000002,53957.63,1,7298
baseline,seed-4,JPQ,3,2,1,4,0,0,0,0,0,0,0,0,0,0,0,0,0,0,0,0,3,2,0,3,0,0,0,0,0,0,0,0,0,0,0,0,0,0,0,0,0,0,50000000,78,0,32,0,0,3501847007.9347467,603174103.9646477,364942233.40395606,0,681659.77,697929.9500000002,18170.18,1,8529
baseline,seed-4,CONSV,2,1,1,0,0,0,0,0,0,0,0,0,0,0,0,0,0,0,0,0,2,1,0,0,0,0,0,0,0,0,0,0,0,0,0,0,0,0,0,0,0,0,25100000,85,0,32,0,0,3244189525.472703,562674035.1211054,345421152.2252474,0,650699.66,641572.2300000002,0,1,6808
baseline,seed-4,VAP,0,0,0,0,0,0,0,0,0,0,0,0,0,0,0,0,0,0,0,0,0,0,0,0,0,0,0,0,0,0,0,0,0,0,0,0,0,0,0,0,0,0,0,71,0,32,0,0,2682165190.4866076,454904909.03720284,314467131.2917477,0,502830.08999999997,495727.27,0,1,6500
baseline,seed-5,MASS,2,3,1,0,0,0,0,0,2,0,0,0,0,0,0,0,0,0,0,0,2,3,1,0,0,0,0,0,1,0,0,0,0,0,0,0,0,0,1,0,0,0,56000000,102,0,28,4,0,3106572644.4650373,403066785.2505636,45183541.764384136,0,611889.1000000002,649037.11,57963.17,1,8005
baseline,seed-5,BAL,3,2,1,3,0,0,0,0,1,0,0,0,0,0,0,0,0,0,0,0,3,2,1,3,0,0,0,0,1,0,0,0,0,0,0,0,0,0,0,0,0,0,75000000,87,0,32,0,0,3680793284.092798,633107445.403752,278395555.64909923,0,722332.2499999999,749677.7399999998,38894.81,1,7271
baseline,seed-5,JPQ,3,3,3,6,0,0,0,0,0,0,0,0,0,0,0,0,0,0,0,0,3,3,3,0,0,0,0,0,0,0,0,0,0,6,0,0,0,0,0,0,0,0,54000000,81,0,32,0,0,3484463158.2696123,599292152.7380736,362282734.1940005,0,671812.1000000001,691142.34,21230.24,1,8592
baseline,seed-5,CONSV,2,1,2,0,0,0,0,0,0,0,0,0,0,0,0,0,0,0,0,0,2,0,2,0,0,0,0,0,0,0,0,0,0,0,0,0,0,0,0,0,0,0,29200000,82,0,32,0,0,3125271927.1572957,541736300.230231,328430707.9075223,0,617320.72,608145.31,0,1,7058
baseline,seed-5,VAP,0,0,0,0,0,0,0,0,0,0,0,0,0,0,0,0,0,0,0,0,0,0,0,0,0,0,0,0,0,0,0,0,0,0,0,0,0,0,0,0,0,0,0,64,0,32,0,0,2692343069.5415096,465561902.4011597,325582877.04358876,0,503057.05,496026.4600000001,0,1,6500
ecuador-early-expansion,seed-1,MASS,1,2,1,0,0,0,0,0,2,0,0,0,0,0,0,0,0,0,0,0,1,2,1,0,0,0,0,0,1,0,0,0,0,0,0,0,0,0,1,0,0,0,44000000,56,0,26,6,0,2546287618.6166277,221022642.36293206,30352168.065110255,0,529064.5800000001,538290.8099999999,12826.23,1,6083
ecuador-early-expansion,seed-1,BAL,3,2,0,4,0,0,0,0,1,0,0,0,0,0,0,0,0,0,0,0,3,2,0,4,0,0,0,0,1,0,0,0,0,0,0,0,0,0,0,0,0,0,74000000,93,0,32,0,0,3512233542.9815345,520483500.40308136,216839198.87438166,0,732752.9999999999,767952.8400000001,48471.049999999996,1,7358
ecuador-early-expansion,seed-1,JPQ,3,2,2,4,0,0,0,0,0,0,0,0,0,0,0,0,0,0,0,0,3,2,2,3,0,0,0,0,0,0,0,0,0,1,0,0,0,0,0,0,0,0,59000000,77,0,32,0,0,3287482010.8842025,496287553.2768837,288943158.8831985,0,674268.6799999999,693139.9200000002,20771.24,1,8588
ecuador-early-expansion,seed-1,CONSV,2,1,1,0,0,0,0,0,0,0,0,0,0,0,0,0,0,0,0,0,2,1,0,0,0,0,0,0,0,0,0,0,0,0,0,0,0,0,0,0,0,0,25100000,81,0,32,0,0,3073026148.094622,469592192.5368043,288481486.7214487,0,650695.93,641570.3599999999,0,1,6811
ecuador-early-expansion,seed-1,VAP,0,0,0,0,0,0,0,0,0,0,0,0,0,0,0,0,0,0,0,0,0,0,0,0,0,0,0,0,0,0,0,0,0,0,0,0,0,0,0,0,0,0,0,70,0,32,0,0,2537365446.9899344,367608946.88105154,258646094.77722475,0,502294.83999999997,495295.3900000001,0,1,6500
ecuador-early-expansion,seed-2,MASS,1,2,2,0,0,0,0,0,1,0,0,0,0,0,0,0,0,0,0,0,1,2,2,0,0,0,0,0,1,0,0,0,0,0,0,0,0,0,0,0,0,0,50000000,146,0,28,4,0,2849215503.2561536,297010548.5720599,30362429.60373255,44556322.379327185,591743.34,638158.6699999999,66751.04000000001,1,8138
ecuador-early-expansion,seed-2,BAL,3,2,0,4,0,0,0,0,1,0,0,0,0,0,0,0,0,0,0,0,3,2,0,4,0,0,0,0,1,0,0,0,0,0,0,0,0,0,0,0,0,0,74000000,86,0,32,0,0,3494665605.4355235,527172913.2527364,234749425.68471763,0,727322.97,753395.1,34099.32,1,7311
ecuador-early-expansion,seed-2,JPQ,3,2,3,2,0,0,0,0,0,0,0,0,0,0,0,0,0,0,0,0,3,2,3,1,0,0,0,0,0,0,0,0,0,1,0,0,0,0,0,0,0,0,55000000,107,0,32,0,0,3285863641.757006,489568389.1638062,289864724.54534554,0,671844.87,684264.3199999998,14319.45,1,8853
ecuador-early-expansion,seed-2,CONSV,2,3,2,0,0,0,0,0,0,0,0,0,0,0,0,0,0,0,0,0,2,3,2,0,0,0,0,0,0,0,0,0,0,0,0,0,0,0,0,0,0,0,40000000,86,0,32,0,0,3031129861.2792063,465973234.43889797,268263338.99410537,0,633995.57,624412.5499999998,0,1,7237
ecuador-early-expansion,seed-2,VAP,0,0,0,0,0,0,0,0,0,0,0,0,0,0,0,0,0,0,0,0,0,0,0,0,0,0,0,0,0,0,0,0,0,0,0,0,0,0,0,0,0,0,0,71,0,32,0,0,2538071791.472369,366177353.94196266,256636077.6064171,0,501648.64,494669.89999999997,0,1,6500
ecuador-early-expansion,seed-3,MASS,1,3,1,0,0,0,0,0,2,0,0,0,0,0,0,0,0,0,0,0,1,3,1,0,0,0,0,0,1,0,0,0,0,0,0,0,0,0,1,0,0,0,48000000,113,0,27,5,0,2776826913.3878484,275539784.908506,12933190.195225265,47692509.42257188,579417.1299999999,633131.4800000001,82923.15,1,7075
ecuador-early-expansion,seed-3,BAL,3,2,1,3,0,0,0,0,1,0,0,0,0,0,0,0,0,0,0,0,3,2,1,3,0,0,0,0,1,0,0,0,0,0,0,0,0,0,0,0,0,0,75000000,83,0,32,0,0,3542052986.109167,529643737.354252,225663974.94465017,0,739610.8999999998,768016.96,39916.67,1,7343
ecuador-early-expansion,seed-3,JPQ,3,2,1,5,0,0,0,0,0,0,0,0,0,0,0,0,0,0,0,0,3,2,0,3,0,0,0,0,0,0,0,0,0,1,0,0,0,0,0,0,0,0,52000000,70,0,32,0,0,3297171283.1202297,489435078.7143842,289875758.81051373,0,680314.6000000001,698006.9600000001,19592.36,1,8372
ecuador-early-expansion,seed-3,CONSV,2,1,1,0,0,0,0,0,0,0,0,0,0,0,0,0,0,0,0,0,2,0,0,0,0,0,0,0,0,0,0,0,0,0,0,0,0,0,0,0,0,0,22300000,79,0,32,0,0,3044204698.134771,452917398.0949405,276650083.57329214,0,645901.8699999996,636847.34,0,1,6811
ecuador-early-expansion,seed-3,VAP,3,1,1,3,0,0,0,0,0,0,0,0,0,0,0,0,0,0,0,0,3,1,1,2,0,0,0,0,0,0,0,0,0,0,0,0,0,0,0,0,0,0,45500000,106,0,32,0,0,3141658238.736116,446115315.3331217,232241074.3321162,0,644244.87,637721.87,0,1,9605
ecuador-early-expansion,seed-4,MASS,1,3,1,0,0,0,0,0,2,0,0,0,0,0,0,0,0,0,0,0,1,3,1,0,0,0,0,0,1,0,0,0,0,0,0,0,0,0,1,0,0,0,48000000,106,0,28,4,0,2775246328.2405934,277418518.8601405,18416748.607382264,47057711.734715074,580510.2800000001,625445.09,66033.79,1,7100
ecuador-early-expansion,seed-4,BAL,3,2,1,3,0,0,0,0,1,0,0,0,0,0,0,0,0,0,0,0,3,2,1,3,0,0,0,0,1,0,0,0,0,0,0,0,0,0,0,0,0,0,75000000,78,0,32,0,0,3540451452.941958,529671744.4506086,227801144.83508137,0,742058.9299999998,767298.5399999998,36102.64,1,7305
ecuador-early-expansion,seed-4,JPQ,3,2,1,3,0,0,0,0,0,0,0,0,0,0,0,0,0,0,0,0,3,2,1,3,0,0,0,0,0,0,0,0,0,0,0,0,0,0,0,0,0,0,53000000,91,0,32,0,0,3299011001.231086,492201723.9250715,293146507.5485096,0,682064.1100000001,696236.5200000001,16072.41,1,8568
ecuador-early-expansion,seed-4,CONSV,2,1,1,0,0,0,0,0,0,0,0,0,0,0,0,0,0,0,0,0,2,1,0,0,0,0,0,0,0,0,0,0,0,0,0,0,0,0,0,0,0,0,25100000,74,0,32,0,0,3056766872.845982,461101666.2696929,283080137.62862504,0,650671.6000000001,641545.4,0,1,6807
ecuador-early-expansion,seed-4,VAP,0,0,0,0,0,0,0,0,0,0,0,0,0,0,0,0,0,0,0,0,0,0,0,0,0,0,0,0,0,0,0,0,0,0,0,0,0,0,0,0,0,0,0,68,0,32,0,0,2524235334.815917,353423115.37053484,248392083.9001613,0,502222.57000000007,495245.43000000005,0,1,6500
ecuador-early-expansion,seed-5,MASS,2,2,1,0,0,0,0,0,2,0,0,0,0,0,0,0,0,0,0,0,2,2,1,0,0,0,0,0,1,0,0,0,0,0,0,0,0,0,1,0,0,0,52000000,140,0,28,4,0,2840434910.604871,290205844.91156334,17946159.936032623,36160385.49738451,593623.6100000001,646046.16,77809.78,1,7178
ecuador-early-expansion,seed-5,BAL,3,2,1,3,0,0,0,0,1,0,0,0,0,0,0,0,0,0,0,0,3,2,1,3,0,0,0,0,1,0,0,0,0,0,0,0,0,0,0,0,0,0,75000000,85,0,32,0,0,3466417345.093081,522586271.18211937,219407044.37215412,0,722198.9199999999,747853.4500000002,36431.92,1,7248
ecuador-early-expansion,seed-5,JPQ,3,3,3,3,0,0,0,0,0,0,0,0,0,0,0,0,0,0,0,0,3,2,3,1,0,0,0,0,0,0,0,1,0,2,0,0,0,0,0,0,0,0,55000000,81,0,32,0,0,3293218141.4243817,486397580.17421544,290187240.299739,0,675706.33,689115.4399999998,15309.11,1,8836
ecuador-early-expansion,seed-5,CONSV,2,3,2,0,0,0,0,0,0,0,0,0,0,0,0,0,0,0,0,0,2,3,2,0,0,0,0,0,0,0,0,0,0,0,0,0,0,0,0,0,0,0,40000000,85,0,32,0,0,3023152190.936649,456416179.75177765,265643863.55707747,0,634100.0100000002,624489.79,0,1,7313
ecuador-early-expansion,seed-5,VAP,0,0,0,0,0,0,0,0,0,0,0,0,0,0,0,0,0,0,0,0,0,0,0,0,0,0,0,0,0,0,0,0,0,0,0,0,0,0,0,0,0,0,0,61,0,32,0,0,2530756675.0780296,362352157.7269624,257632696.07828346,0,501879.98000000004,495009.0399999999,0,1,6500
ecuador-delayed-expansion,seed-1,MASS,2,3,1,0,0,0,0,0,2,0,0,0,0,0,0,0,0,0,0,0,2,3,1,0,0,0,0,0,1,0,0,0,0,0,0,0,0,0,1,0,0,0,56000000,104,0,26,6,0,2752230164.391337,305870832.14044213,32316641.88354822,35714074.05163501,536715.5000000001,559897.67,30249.19,1,6799
ecuador-delayed-expansion,seed-1,BAL,3,2,0,4,0,0,0,0,1,0,0,0,0,0,0,0,0,0,0,0,3,2,0,4,0,0,0,0,1,0,0,0,0,0,0,0,0,0,0,0,0,0,74000000,70,0,32,0,0,3768225963.642112,654191334.0645615,311184096.9201118,0,732424.2099999998,755326.11,31937.52,1,7329
ecuador-delayed-expansion,seed-1,JPQ,3,2,1,4,0,0,0,0,0,0,0,0,0,0,0,0,0,0,0,0,3,2,1,4,0,0,0,0,0,0,0,0,0,0,0,0,0,0,0,0,0,0,58000000,79,0,32,0,0,3565116735.4738426,632095845.051366,392410370.3705219,0,682281.9199999999,701332.73,20950.81,1,8475
ecuador-delayed-expansion,seed-1,CONSV,2,1,1,0,0,0,0,0,0,0,0,0,0,0,0,0,0,0,0,0,2,1,0,0,0,0,0,0,0,0,0,0,0,0,0,0,0,0,0,0,0,0,25100000,76,0,32,0,0,3289398578.752941,582925028.4516587,372765284.53196895,0,650765.9999999999,641639.2300000002,0,1,6811
ecuador-delayed-expansion,seed-1,VAP,0,0,0,0,0,0,0,0,0,0,0,0,0,0,0,0,0,0,0,0,0,0,0,0,0,0,0,0,0,0,0,0,0,0,0,0,0,0,0,0,0,0,0,67,0,32,0,0,2723080164.50359,483129458.7974912,345807619.41084963,0,503289.30999999994,496217.69,0,1,6500
ecuador-delayed-expansion,seed-2,MASS,0,1,1,0,0,0,0,0,1,0,0,0,0,0,0,0,0,0,0,0,0,1,1,0,0,0,0,0,1,0,0,0,0,0,0,0,0,0,0,0,0,0,32000000,52,0,28,4,0,2843679681.045075,324066755.6319668,35059612.112318784,28337177.471486643,547008.0099999999,610970.17,111021.76000000001,1,7024
ecuador-delayed-expansion,seed-2,BAL,3,2,1,4,0,0,0,0,1,0,0,0,0,0,0,0,0,0,0,0,3,2,1,3,0,0,0,0,1,0,0,0,0,1,0,0,0,0,0,0,0,0,75000000,72,0,32,0,0,3755651059.189024,657456007.1256672,318034183.3778871,0,727076.13,750783.9700000002,33273.56,1,7383
ecuador-delayed-expansion,seed-2,JPQ,3,3,3,6,0,0,0,0,0,0,0,0,0,0,0,0,0,0,0,0,3,3,3,0,0,0,0,0,0,0,0,0,0,6,0,0,0,0,0,0,0,0,54000000,55,0,32,0,0,3526796722.7782364,622073290.78789,389658579.468606,0,672607.51,678272.4799999999,7564.97,1,8592
ecuador-delayed-expansion,seed-2,CONSV,2,3,2,0,0,0,0,0,0,0,0,0,0,0,0,0,0,0,0,0,2,3,2,0,0,0,0,0,0,0,0,0,0,0,0,0,0,0,0,0,0,0,40000000,88,0,32,0,0,3249341854.4475794,582473002.7009931,354766536.42718905,0,634187.8300000002,624608.6400000001,0,1,7229
ecuador-delayed-expansion,seed-2,VAP,0,0,0,0,0,0,0,0,0,0,0,0,0,0,0,0,0,0,0,0,0,0,0,0,0,0,0,0,0,0,0,0,0,0,0,0,0,0,0,0,0,0,0,67,0,32,0,0,2725574359.7916107,483926305.67866886,345518599.98978895,0,503119.52999999985,496055.38000000006,0,1,6500
ecuador-delayed-expansion,seed-3,MASS,2,2,2,0,0,0,0,0,2,0,0,0,0,0,0,0,0,0,0,0,2,2,2,0,0,0,0,0,1,0,0,0,0,0,0,0,0,0,1,0,0,0,58000000,88,0,27,5,0,2960023719.5029306,361643668.313661,40857693.27354871,25508397.856582075,577411.4299999999,628124.1499999999,78937.62,1,6626
ecuador-delayed-expansion,seed-3,BAL,3,2,1,3,0,0,0,0,1,0,0,0,0,0,0,0,0,0,0,0,3,2,1,3,0,0,0,0,1,0,0,0,0,0,0,0,0,0,0,0,0,0,75000000,78,0,32,0,0,3803891537.1204996,663355947.4252937,320264580.28154993,0,739988.7599999999,766153.2699999997,37262.729999999996,1,7426
ecuador-delayed-expansion,seed-3,JPQ,3,2,1,5,0,0,0,0,0,0,0,0,0,0,0,0,0,0,0,0,3,2,0,3,0,0,0,0,0,0,0,0,0,1,0,0,0,0,0,0,0,0,52000000,69,0,32,0,0,3545379704.026969,620011928.1026524,387338523.547545,0,680829.1000000001,698063.6099999999,19134.51,1,8437
ecuador-delayed-expansion,seed-3,CONSV,2,1,1,0,0,0,0,0,0,0,0,0,0,0,0,0,0,0,0,0,2,0,0,0,0,0,0,0,0,0,0,0,0,0,0,0,0,0,0,0,0,0,22300000,81,0,32,0,0,3258493938.93319,565142408.2622151,359933773.0914876,0,646005.6400000001,636948.63,0,1,6811
ecuador-delayed-expansion,seed-3,VAP,4,1,1,4,0,0,0,0,0,0,0,0,0,0,0,0,0,0,0,0,3,1,1,3,0,0,0,0,0,0,1,0,0,1,0,0,0,0,0,0,0,0,49000000,84,0,32,0,0,3432249097.3270464,580987277.6091703,345271018.5285773,0,652294.32,649506.23,0,1,9599
ecuador-delayed-expansion,seed-4,MASS,2,4,1,0,0,0,0,0,2,0,0,0,0,0,0,0,0,0,0,0,2,3,1,0,0,0,0,0,1,0,0,1,0,0,0,0,0,0,1,0,0,0,56000000,114,0,28,4,0,3119332654.693302,400030790.899649,53579233.47735524,0,611383.38,659996.53,75878.2,1,8022
ecuador-delayed-expansion,seed-4,BAL,3,2,1,3,0,0,0,0,1,0,0,0,0,0,0,0,0,0,0,0,3,2,1,3,0,0,0,0,1,0,0,0,0,0,0,0,0,0,0,0,0,0,75000000,79,0,32,0,0,3799627912.5864735,660563363.5064219,320082900.30661196,0,742223.1099999998,769620.2400000001,39083.26,1,7323
ecuador-delayed-expansion,seed-4,JPQ,3,2,1,4,0,0,0,0,0,0,0,0,0,0,0,0,0,0,0,0,3,2,1,3,0,0,0,0,0,0,0,0,0,0,0,0,0,0,0,0,0,0,54500000,69,0,32,0,0,3547940666.319518,624265395.2731651,390626557.3143667,0,682592.3900000001,701128.7199999999,20436.33,1,8482
ecuador-delayed-expansion,seed-4,CONSV,2,1,1,0,0,0,0,0,0,0,0,0,0,0,0,0,0,0,0,0,2,1,0,0,0,0,0,0,0,0,0,0,0,0,0,0,0,0,0,0,0,0,25100000,82,0,32,0,0,3271789682.310666,572408341.535139,365575904.7518099,0,650739.4299999999,641611.8000000002,0,1,6810
ecuador-delayed-expansion,seed-4,VAP,0,0,0,0,0,0,0,0,0,0,0,0,0,0,0,0,0,0,0,0,0,0,0,0,0,0,0,0,0,0,0,0,0,0,0,0,0,0,0,0,0,0,0,69,0,32,0,0,2707764072.8580356,466898202.0460765,333516132.9837258,0,503129.88000000006,496038.57999999996,0,1,6500
ecuador-delayed-expansion,seed-5,MASS,2,4,1,0,0,0,0,0,2,0,0,0,0,0,0,0,0,0,0,0,2,3,1,0,0,0,0,0,1,0,0,1,0,0,0,0,0,0,1,0,0,0,56000000,119,0,28,4,0,3149698898.9920764,411572834.18309903,65870528.448263995,0,614754.9800000001,664163.13,76701.08,1,8006
ecuador-delayed-expansion,seed-5,BAL,3,2,1,3,0,0,0,0,1,0,0,0,0,0,0,0,0,0,0,0,3,2,1,3,0,0,0,0,1,0,0,0,0,0,0,0,0,0,0,0,0,0,75000000,85,0,32,0,0,3723902419.7732015,653804538.229109,312822282.2071631,0,722431.6699999998,748692.94,37369.03,1,7269
ecuador-delayed-expansion,seed-5,JPQ,3,3,3,6,0,0,0,0,0,0,0,0,0,0,0,0,0,0,0,0,3,3,3,0,0,0,0,0,0,0,0,0,0,6,0,0,0,0,0,0,0,0,54000000,70,0,32,0,0,3517182702.112809,614530235.5371608,386607851.29088825,0,672084.96,684767.0499999999,14582.09,1,8592
ecuador-delayed-expansion,seed-5,CONSV,2,1,2,0,0,0,0,0,0,0,0,0,0,0,0,0,0,0,0,0,2,0,2,0,0,0,0,0,0,0,0,0,0,0,0,0,0,0,0,0,0,0,29200000,86,0,32,0,0,3151815215.4880347,551948766.0391531,348621845.291133,0,617355.3800000002,608187.2599999999,0,1,7058
ecuador-delayed-expansion,seed-5,VAP,0,0,0,0,0,0,0,0,0,0,0,0,0,0,0,0,0,0,0,0,0,0,0,0,0,0,0,0,0,0,0,0,0,0,0,0,0,0,0,0,0,0,0,69,0,32,0,0,2717468101.58066,477683816.3148314,344764769.84153944,0,503041.61,496097.02999999985,0,1,6500
global-demand-boom,seed-1,MASS,2,3,1,0,0,0,0,0,3,0,0,0,0,0,0,0,0,0,0,0,2,2,1,0,0,0,0,0,1,0,0,1,0,0,0,0,0,0,1,0,0,0,66300000,0,0,25,7,0,2886565920.5280805,405771442.3761933,89334000.35839513,0,495667.8800000001,521420.4599999999,41836.56,1,8200
global-demand-boom,seed-1,BAL,3,2,1,3,0,0,0,0,1,0,0,0,0,0,0,0,0,0,0,0,3,2,1,3,0,0,0,0,1,0,0,0,0,0,0,0,0,0,0,0,0,0,75000000,109,0,32,0,0,4286310113.835439,914536844.0284407,478207495.5175282,0,725779.9599999997,767984.4,59092.21000000001,1,7311
global-demand-boom,seed-1,JPQ,3,2,2,4,0,0,0,0,0,0,0,0,0,0,0,0,0,0,0,0,3,2,2,3,0,0,0,0,0,0,0,0,0,1,0,0,0,0,0,0,0,0,59000000,108,0,32,0,0,4093520804.555354,901327949.2540336,583553477.6608459,0,682529.9299999999,703703.37,23073.44,1,8603
global-demand-boom,seed-1,CONSV,2,1,1,0,0,0,0,0,0,0,0,0,0,0,0,0,0,0,0,0,2,0,0,0,0,0,0,0,0,0,0,0,0,0,0,0,0,0,0,0,0,0,22300000,113,0,32,0,0,3560419697.0992646,771869683.1998327,506032963.706588,0,613191.7099999998,604159.3099999999,0,1,6644
global-demand-boom,seed-1,VAP,2,0,1,0,0,0,0,0,0,0,0,0,0,0,0,0,0,0,0,0,2,0,1,0,0,0,0,0,0,0,0,0,0,0,0,0,0,0,0,0,0,0,22000000,117,0,32,0,0,3787887765.5043163,831677202.6925652,540835104.94024,0,630225.4700000001,620839.3300000001,0,1,8803
global-demand-boom,seed-2,MASS,2,3,2,0,0,0,0,0,2,0,0,0,0,0,0,0,0,0,0,0,2,3,2,0,0,0,0,0,1,0,0,0,0,0,0,0,0,0,1,0,0,0,62000000,131,0,28,4,0,3603388256.959528,598665893.1622641,167519413.71937782,0,615303.2699999998,688415.97,119502.15,1,8200
global-demand-boom,seed-2,BAL,3,2,1,4,0,0,0,0,1,0,0,0,0,0,0,0,0,0,0,0,3,2,1,3,0,0,0,0,1,0,0,0,0,1,0,0,0,0,0,0,0,0,75000000,78,0,32,0,0,4302736834.478615,917388948.5829084,487418770.8686456,0,727231.1,755343.54,39636.46,1,7344
global-demand-boom,seed-2,JPQ,3,3,3,3,0,0,0,0,0,0,0,0,0,0,0,0,0,0,0,0,3,2,3,1,0,0,0,0,0,0,0,1,0,2,0,0,0,0,0,0,0,0,55000000,72,0,32,0,0,4074621526.4946976,893007518.2790614,584281546.7593282,0,677612.24,696053.5399999999,20341.3,1,8856
global-demand-boom,seed-2,CONSV,2,1,2,0,0,0,0,0,0,0,0,0,0,0,0,0,0,0,0,0,2,0,2,0,0,0,0,0,0,0,0,0,0,0,0,0,0,0,0,0,0,0,29200000,103,0,32,0,0,3606040020.7581697,787161901.3011477,509369703.27712154,0,616874.5400000002,607704.74,0,1,7025
global-demand-boom,seed-2,VAP,3,0,0,3,0,0,0,0,0,0,0,0,0,0,0,0,0,0,0,0,3,0,0,3,0,0,0,0,0,0,0,0,0,0,0,0,0,0,0,0,0,0,39000000,152,0,32,0,0,4015932648.925246,859646367.3019034,543067664.3561151,0,669518.3400000001,663598.85,0,1,9552
global-demand-boom,seed-3,MASS,2,3,2,0,0,0,0,0,3,0,0,0,0,0,0,0,0,0,0,0,2,2,2,0,0,0,0,0,2,0,0,1,0,0,0,0,0,0,1,0,0,0,80000000,138,0,27,5,0,3621546027.4571595,612390247.768074,48466702.54239476,32253144.46911017,618777.8099999998,664596.9500000001,71129.98999999999,1,8200
global-demand-boom,seed-3,BAL,3,2,1,3,0,0,0,0,1,0,0,0,0,0,0,0,0,0,0,0,3,2,1,3,0,0,0,0,1,0,0,0,0,0,0,0,0,0,0,0,0,0,75000000,119,0,32,0,0,4293140065.478776,923339577.0102898,490016358.2602013,0,728721.29,759447.4499999998,42470.12,1,7284
global-demand-boom,seed-3,JPQ,3,2,1,5,0,0,0,0,0,0,0,0,0,0,0,0,0,0,0,0,3,2,0,3,0,0,0,0,0,0,0,0,0,1,0,0,0,0,0,0,0,0,52000000,76,0,32,0,0,4062183527.5428896,889019140.4572057,579936567.1034745,0,680823.79,698996.1099999999,20072.32,1,8437
global-demand-boom,seed-3,CONSV,2,1,1,0,0,0,0,0,0,0,0,0,0,0,0,0,0,0,0,0,2,0,0,0,0,0,0,0,0,0,0,0,0,0,0,0,0,0,0,0,0,0,22300000,93,0,32,0,0,3719367840.5476456,800219066.8150307,527002845.4320844,0,646032.2999999999,636975.28,0,1,6811
global-demand-boom,seed-3,VAP,0,0,0,0,0,0,0,0,0,0,0,0,0,0,0,0,0,0,0,0,0,0,0,0,0,0,0,0,0,0,0,0,0,0,0,0,0,0,0,0,0,0,0,86,0,32,0,0,3092451787.808896,710070373.2611355,510018161.1664569,0,499624.5400000001,492500.32000000007,0,1,6500
global-demand-boom,seed-4,MASS,3,3,2,2,0,0,0,0,2,0,0,0,0,0,0,0,0,0,0,0,3,3,2,1,0,0,0,0,2,0,0,0,0,1,0,0,0,0,0,0,0,0,97000000,152,0,27,5,0,3776204318.6660395,636555331.4935402,53500498.292908944,6117668.7277389765,650952.0199999999,718847.1299999999,110109.02,1,8543
global-demand-boom,seed-4,BAL,3,2,1,3,0,0,0,0,1,0,0,0,0,0,0,0,0,0,0,0,3,2,1,3,0,0,0,0,1,0,0,0,0,0,0,0,0,0,0,0,0,0,75000000,102,0,32,0,0,4279813000.6808987,908331861.4000044,476520530.23234975,0,728243.5599999999,764560.1300000001,51651.65,1,7286
global-demand-boom,seed-4,JPQ,3,2,1,3,0,0,0,0,0,0,0,0,0,0,0,0,0,0,0,0,3,2,1,3,0,0,0,0,0,0,0,0,0,0,0,0,0,0,0,0,0,0,53000000,104,0,32,0,0,4065311846.505156,884272523.9317639,576870315.3304045,0,682209,699365.8300000001,19056.83,1,8503
global-demand-boom,seed-4,CONSV,2,1,1,0,0,0,0,0,0,0,0,0,0,0,0,0,0,0,0,0,2,1,0,0,0,0,0,0,0,0,0,0,0,0,0,0,0,0,0,0,0,0,25100000,94,0,32,0,0,3737075596.9856615,802180685.0344703,527892972.48284453,0,650777.3500000001,641649.9100000003,0,1,6812
global-demand-boom,seed-4,VAP,3,1,1,4,0,0,0,0,0,0,0,0,0,0,0,0,0,0,0,0,3,1,1,3,0,0,0,0,0,0,0,0,0,0,0,0,0,0,0,0,0,0,50500000,147,0,32,0,0,3990352762.3682995,842431763.4338067,540207133.8008333,0,662894.5299999998,661930.67,828.2,1,9358
global-demand-boom,seed-5,MASS,0,0,0,0,0,0,0,0,2,0,0,0,0,0,0,0,0,0,0,0,0,0,0,0,0,0,0,0,1,0,0,0,0,0,0,0,0,0,0,0,0,0,36300000,25,0,28,4,0,3037735898.3198175,426476651.2190095,46677255.16553943,13467080.396851525,516470.22999999986,579544.5400000002,113047.35,1,6298
global-demand-boom,seed-5,BAL,3,2,1,3,0,0,0,0,1,0,0,0,0,0,0,0,0,0,0,0,3,2,1,3,0,0,0,0,1,0,0,0,0,0,0,0,0,0,0,0,0,0,75000000,96,0,32,0,0,4293726211.158447,919758789.521245,488392211.1834626,0,728371.5699999997,761479.96,47258.91,1,7312
global-demand-boom,seed-5,JPQ,3,3,3,3,0,0,0,0,0,0,0,0,0,0,0,0,0,0,0,0,3,2,3,1,0,0,0,0,0,0,0,1,0,2,0,0,0,0,0,0,0,0,55000000,82,0,32,0,0,4063237634.309018,889834419.3767695,582567297.9036895,0,677092.76,697471.7899999999,22279.03,1,8856
global-demand-boom,seed-5,CONSV,2,1,2,0,0,0,0,0,0,0,0,0,0,0,0,0,0,0,0,0,2,0,2,0,0,0,0,0,0,0,0,0,0,0,0,0,0,0,0,0,0,0,29200000,121,0,32,0,0,3594436978.228712,777820107.8717624,508378412.4908511,0,616885.5000000001,607706.27,0,1,7013
global-demand-boom,seed-5,VAP,3,1,0,3,0,0,0,0,0,0,0,0,0,0,0,0,0,0,0,0,3,1,0,2,0,0,0,0,0,0,0,0,0,0,0,0,0,0,0,0,0,0,39500000,138,0,32,0,0,4002389356.194036,860686105.8843558,543589622.2277356,0,670689.11,663361.6699999999,0,1,9554
global-disease-crisis,seed-1,MASS,3,2,2,1,0,0,0,0,2,0,0,0,0,0,0,0,0,0,0,0,3,2,2,1,0,0,0,0,1,0,0,0,0,0,0,0,0,0,1,0,0,0,71000000,42,0,25,7,0,2862600190.877019,366294607.97753227,58409853.85528241,22383087.856086038,521991.17999999993,528778.48,12375.51,1,8543
global-disease-crisis,seed-1,BAL,3,3,2,2,0,0,0,0,1,0,0,0,0,0,0,0,0,0,0,0,3,3,2,1,0,0,0,0,1,0,0,0,0,1,0,0,0,0,0,0,0,0,75000000,129,0,32,0,0,4019657960.8185654,790124402.9407334,424429460.543162,0,720966.72,750061.85,34504.950000000004,1,7380
global-disease-crisis,seed-1,JPQ,3,2,1,4,0,0,0,0,0,0,0,0,0,0,0,0,0,0,0,0,3,2,1,4,0,0,0,0,0,0,0,0,0,0,0,0,0,0,0,0,0,0,58000000,93,0,32,0,0,3842176334.737891,751522795.9516408,475787151.90735406,0,682414.77,701747.3099999999,21232.54,1,8554
global-disease-crisis,seed-1,CONSV,2,1,1,0,0,0,0,0,0,0,0,0,0,0,0,0,0,0,0,0,2,1,0,0,0,0,0,0,0,0,0,0,0,0,0,0,0,0,0,0,0,0,25100000,89,0,32,0,0,3545603380.235758,695153680.5727583,449712793.32032347,0,650769.3800000002,641641.9300000002,0,1,6811
global-disease-crisis,seed-1,VAP,0,0,0,0,0,0,0,0,0,0,0,0,0,0,0,0,0,0,0,0,0,0,0,0,0,0,0,0,0,0,0,0,0,0,0,0,0,0,0,0,0,0,0,67,0,32,0,0,2939866559.5316095,605088262.4644196,433138056.0350599,0,503765.9999999999,496658.92999999993,0,1,6500
global-disease-crisis,seed-2,MASS,1,1,1,0,0,0,0,0,1,0,0,0,0,0,0,0,0,0,0,0,1,1,1,0,0,0,0,0,1,0,0,0,0,0,0,0,0,0,0,0,0,0,40000000,56,0,27,5,0,3192250541.566479,421545427.4717108,63252221.402450845,4489254.960869484,577221.71,617968.0199999999,71064.34,1,7406
global-disease-crisis,seed-2,BAL,3,2,1,3,0,0,0,0,1,0,0,0,0,0,0,0,0,0,0,0,3,2,1,3,0,0,0,0,1,0,0,0,0,0,0,0,0,0,0,0,0,0,75000000,69,0,32,0,0,4023443608.856817,775312839.8159246,392937617.91647965,0,720926.2199999999,742703.9999999998,30699.5,1,7398
global-disease-crisis,seed-2,JPQ,3,2,1,5,0,0,0,0,0,0,0,0,0,0,0,0,0,0,0,0,3,2,0,3,0,0,0,0,0,0,0,0,0,1,0,0,0,0,0,0,0,0,50000000,72,0,32,0,0,3837071094.577007,753772522.7004042,484917615.76391804,0,682220.33,698691.52,18371.19,1,8429
global-disease-crisis,seed-2,CONSV,2,3,2,0,0,0,0,0,0,0,0,0,0,0,0,0,0,0,0,0,2,3,2,0,0,0,0,0,0,0,0,0,0,0,0,0,0,0,0,0,0,0,40000000,96,0,32,0,0,3500207307.3909793,686136101.3776289,424266837.3787072,0,634232.7500000001,624648.38,0,1,7242
global-disease-crisis,seed-2,VAP,0,0,0,0,0,0,0,0,0,0,0,0,0,0,0,0,0,0,0,0,0,0,0,0,0,0,0,0,0,0,0,0,0,0,0,0,0,0,0,0,0,0,0,80,0,32,0,0,2942753687.3494,603968360.7492616,431308084.9004636,0,503600.5599999999,496498.38999999996,0,1,6500
global-disease-crisis,seed-3,MASS,3,3,2,2,0,0,0,0,3,0,0,0,0,0,0,0,0,0,0,0,3,3,2,1,0,0,0,0,1,0,0,0,0,1,0,0,0,0,2,0,0,0,75000000,148,0,27,5,0,3542931687.1179495,514165233.28520304,118408912.66784741,0,649310.67,688017.4799999999,59883.97,1,8543
global-disease-crisis,seed-3,BAL,3,2,1,3,0,0,0,0,1,0,0,0,0,0,0,0,0,0,0,0,3,2,1,3,0,0,0,0,1,0,0,0,0,0,0,0,0,0,0,0,0,0,75000000,82,0,32,0,0,4095115058.4760895,779994902.6445867,389365089.3240562,0,738590.6299999998,769523.0000000001,46339.04,1,7429
global-disease-crisis,seed-3,JPQ,3,2,1,5,0,0,0,0,0,0,0,0,0,0,0,0,0,0,0,0,3,2,0,3,0,0,0,0,0,0,0,0,0,1,0,0,0,0,0,0,0,0,52000000,59,0,32,0,0,3816853298.906488,737494465.457288,469106267.05315125,0,680572.8,695028.74,16355.94,1,8437
global-disease-crisis,seed-3,CONSV,2,1,1,0,0,0,0,0,0,0,0,0,0,0,0,0,0,0,0,0,2,0,0,0,0,0,0,0,0,0,0,0,0,0,0,0,0,0,0,0,0,0,22300000,88,0,32,0,0,3511684526.8419585,674940076.6407682,435165339.6641935,0,646027.9199999999,636970.91,0,1,6811
global-disease-crisis,seed-3,VAP,2,0,0,0,0,0,0,0,0,0,0,0,0,0,0,0,0,0,0,0,2,0,0,0,0,0,0,0,0,0,0,0,0,0,0,0,0,0,0,0,0,0,16000000,90,0,32,0,0,3476484286.2248826,667638684.9593002,423391136.1543696,0,614640.1300000002,605340.94,0,1,8805
global-disease-crisis,seed-4,MASS,2,2,3,0,0,0,0,0,1,0,0,0,0,0,0,0,0,0,0,0,2,2,2,0,0,0,0,0,1,0,0,0,1,0,0,0,0,0,0,0,0,0,58000000,93,0,27,5,0,3480148662.5005713,501112778.10908324,111961193.90064782,0,637103.7199999997,686864.2299999999,83370.73000000001,1,8200
global-disease-crisis,seed-4,BAL,3,2,1,3,0,0,0,0,1,0,0,0,0,0,0,0,0,0,0,0,3,2,1,3,0,0,0,0,1,0,0,0,0,0,0,0,0,0,0,0,0,0,75000000,80,0,32,0,0,4101383041.848768,786905316.481648,402411764.756759,0,742432.6799999998,770185.9699999999,39758.39,1,7348
global-disease-crisis,seed-4,JPQ,3,2,1,3,0,0,0,0,0,0,0,0,0,0,0,0,0,0,0,0,3,2,0,3,0,0,0,0,0,0,0,0,0,0,0,0,0,0,0,0,0,0,48500000,78,0,32,0,0,3805684847.66286,738846367.0869315,474199166.7354192,0,680780.8400000001,696285.8700000001,17405.03,1,8393
global-disease-crisis,seed-4,CONSV,2,1,1,0,0,0,0,0,0,0,0,0,0,0,0,0,0,0,0,0,2,1,0,0,0,0,0,0,0,0,0,0,0,0,0,0,0,0,0,0,0,0,25100000,100,0,32,0,0,3528879132.496587,682921048.1101384,441349932.6109124,0,650772.1499999999,641644.7800000001,0,1,6812
global-disease-crisis,seed-4,VAP,0,0,0,0,0,0,0,0,0,0,0,0,0,0,0,0,0,0,0,0,0,0,0,0,0,0,0,0,0,0,0,0,0,0,0,0,0,0,0,0,0,0,0,77,0,32,0,0,2924337693.1412134,585719484.8796742,418591795.0721964,0,503523.91,496414.4700000001,0,1,6500
global-disease-crisis,seed-5,MASS,1,2,2,0,0,0,0,0,1,0,0,0,0,0,0,0,0,0,0,0,1,2,2,0,0,0,0,0,1,0,0,0,0,0,0,0,0,0,0,0,0,0,50000000,68,0,27,5,0,3314059899.8092484,460835741.6329521,87029794.22968368,0,599926.6700000002,646163.8699999999,77521.20999999999,1,7709
global-disease-crisis,seed-5,BAL,3,2,1,3,0,0,0,0,1,0,0,0,0,0,0,0,0,0,0,0,3,2,1,3,0,0,0,0,1,0,0,0,0,0,0,0,0,0,0,0,0,0,75000000,93,0,32,0,0,4015881354.6455293,769381734.8401976,386370779.51188254,0,722566.0799999998,753400.3,43712.82,1,7284
global-disease-crisis,seed-5,JPQ,3,3,3,3,0,0,0,0,0,0,0,0,0,0,0,0,0,0,0,0,3,2,3,1,0,0,0,0,0,0,0,1,0,2,0,0,0,0,0,0,0,0,55000000,66,0,32,0,0,3809481592.21753,736210437.6022243,470670750.22239655,0,675416.74,694852.1699999999,21335.43,1,8856
global-disease-crisis,seed-5,CONSV,2,1,2,0,0,0,0,0,0,0,0,0,0,0,0,0,0,0,0,0,2,0,2,0,0,0,0,0,0,0,0,0,0,0,0,0,0,0,0,0,0,0,29200000,96,0,32,0,0,3363788028.5263143,640021321.0635985,406746317.3211401,0,613056.62,603887.1399999999,0,1,7074
global-disease-crisis,seed-5,VAP,2,0,0,0,0,0,0,0,0,0,0,0,0,0,0,0,0,0,0,0,2,0,0,0,0,0,0,0,0,0,0,0,0,0,0,0,0,0,0,0,0,0,16000000,74,0,32,0,0,3539353577.448313,680628207.3152549,440167826.7844725,0,627132.49,617876.3399999999,0,1,8761
