scenario,seed,mode,companyId,managementProfileId,orientationProfileId,consideredCount,proposedCount,totalSpendUsd,firstProposedTurn,avgPaybackQuartersAtProposal,endingDevelopmentScore,vapProductionCumulative,vapProductionShare,vapLineExpansionPaidUsd,totalCapexPaidUsd,endingRevenueCumulative,endingOperatingProfitCumulative,endingCash,endingDebt,liquidityStressQuarters,severeDistressQuarters
baseline,seed-1,OFF,MASS,OFF,OFF,32,11,5500000,5,0.6388472670559864,78.70636928537085,90528.55,0.17128244911223447,11100000,57100000,2682236129.442092,281731599.5598433,64927118.268811785,14957556.118534513,6,0
baseline,seed-1,OFF,BAL,OFF,OFF,32,25,12500000,2,0.41838782445219,85.32391360746007,127618.53999999998,0.18277942075533476,6000000,67500000,3587973211.0605183,616628326.5474465,273040500.13265467,0,0,0
baseline,seed-1,OFF,JPQ,OFF,OFF,32,26,13000000,3,0.37394459526419394,89.92600857171863,129741.02000000002,0.19280620643857108,6000000,37700000,3467013849.0522337,610098817.4089766,344518248.509222,0,0,0
baseline,seed-1,OFF,CONSV,OFF,OFF,32,24,12000000,3,0.4457080066206794,87.71175733529108,100366.60999999997,0.15423217817874268,5100000,25100000,3261719678.122465,561654528.1946582,343233391.91832536,0,0,0
baseline,seed-1,OFF,VAP,OFF,OFF,32,24,12000000,5,0.3768253755425992,88.1700553984017,148646.37999999998,0.2954151661950011,0,0,2698317553.984937,459327025.4836181,317035260.75044984,0,0,0
baseline,seed-1,ON,MASS,growth,chinaVolume,32,9,4500000,5,0.7461461580083897,69.29473048398845,85991.73000000001,0.15657764462542434,0,38000000,2753596024.104988,296609348.5519074,24105000.7182183,61311187.387359336,5,0
baseline,seed-1,ON,BAL,balanced,balancedGeneralist,32,24,12000000,2,0.4283787928892286,82.48058999023095,124329.41000000005,0.16961870508239565,0,76500000,3725762797.02283,620269445.4005938,265341119.16069832,0,0,0
baseline,seed-1,ON,JPQ,opportunistic,japanQuality,32,25,12500000,3,0.3421822618816617,89.06396946158146,141251.79000000007,0.25092458988250066,25500000,75200000,3025322647.4843497,539928415.8817047,309346624.9715362,0,0,0
baseline,seed-1,ON,CONSV,conservative,europePdConservative,32,26,13000000,3,0.40397871543996644,90.7790861462916,112731.4,0.19204696920238937,12000000,51700000,3041165152.328696,536400404.13776433,328968011.41274714,0,0,0
baseline,seed-1,ON,VAP,valueAdded,usProcessedGrowth,32,25,12500000,5,0.33428431675299913,89.21642326611783,165554.61000000004,0.320203461536096,25500000,53200000,2840700406.887595,497375224.55096024,308171846.20090246,0,0,0
baseline,seed-2,OFF,MASS,OFF,OFF,32,14,7000000,5,0.6832735555995374,72.02182972327172,98159.84,0.169255957117616,12000000,58000000,2951688612.2156973,349054908.70895636,14485899.393370885,26241523.33240509,5,0
baseline,seed-2,OFF,BAL,OFF,OFF,32,24,12000000,2,0.42421937420545747,82.48058999023095,126664.81999999993,0.17422778597730143,6000000,77500000,3713046500.053167,622397880.8462895,270177262.5745587,0,0,0
baseline,seed-2,OFF,JPQ,OFF,OFF,32,26,13000000,3,0.3805590758712738,89.92600857171863,126807.85999999999,0.18927212958546005,1500000,33200000,3452650482.9103928,607553814.5463223,345561659.4272295,0,0,0
baseline,seed-2,OFF,CONSV,OFF,OFF,32,26,13000000,3,0.4277728625290725,90.7790861462916,107902.35000000002,0.17494153164671214,12000000,29200000,3132474373.0107965,539063285.4806298,320570019.6213825,0,0,0
baseline,seed-2,OFF,VAP,OFF,OFF,32,24,12000000,5,0.37708150913677746,88.1700553984017,148449.46000000002,0.2951488760602435,0,0,2701985575.191171,461600784.14726573,318018562.9120855,0,0,0
baseline,seed-2,ON,MASS,growth,chinaVolume,32,12,6000000,5,0.7089097008139135,69.62841125304416,92536.8,0.1553638939117695,0,38000000,2993161288.662215,345166059.73540866,34713746.87248659,34154936.51714416,5,0
baseline,seed-2,ON,BAL,balanced,balancedGeneralist,32,24,12000000,2,0.4228528977383297,82.48058999023095,126924.53999999995,0.17453817793940543,6000000,77500000,3713180999.0488358,624200267.901462,271820484.33435845,0,0,0
baseline,seed-2,ON,JPQ,opportunistic,japanQuality,32,24,12000000,3,0.34096720768093275,88.18882705077574,141066.71000000002,0.2335216829699459,25500000,52000000,3199051013.137429,564987781.8057243,327723345.2905596,0,0,0
baseline,seed-2,ON,CONSV,conservative,europePdConservative,32,26,13000000,3,0.4036757050895335,90.7790861462916,112806.37999999998,0.19213651194766873,12000000,51700000,3048847082.0463815,541466450.7181739,331039752.58268183,0,0,0
baseline,seed-2,ON,VAP,valueAdded,usProcessedGrowth,32,25,12500000,5,0.3342832287628494,89.21642326611783,165488.68000000005,0.32007260787721437,25500000,53200000,2846834736.898702,499954742.9841278,309629539.5377196,0,0,0
baseline,seed-3,OFF,MASS,OFF,OFF,32,16,8000000,5,0.6720790644864373,77.2915477199185,99303.39,0.164772292465514,6000000,56000000,3059681435.8138967,380119797.3855761,44123617.80299793,18160688.92313382,5,0
baseline,seed-3,OFF,BAL,OFF,OFF,32,24,12000000,2,0.426912582662516,82.48058999023095,125445.56000000001,0.1735502565584155,6000000,77500000,3680561828.3419704,617979851.5261556,261181735.97357795,0,0,0
baseline,seed-3,OFF,JPQ,OFF,OFF,32,26,13000000,3,0.3929042365500487,89.92600857171863,122419.87000000002,0.1780618751564425,1500000,50500000,3539197088.9525466,593534506.763807,356254901.21112025,0,0,0
baseline,seed-3,OFF,CONSV,OFF,OFF,32,24,12000000,3,0.4459225895284708,87.71175733529108,100528.04,0.1556198900865302,5100000,22300000,3230936578.9462614,542038522.2437259,328940658.7232123,0,0,0
baseline,seed-3,OFF,VAP,OFF,OFF,32,24,11500000,5,0.3630417227500275,90.63766264321146,149222.29,0.22884359478110877,6000000,49000000,3407266560.8630586,557152611.8650914,318118318.16461873,0,0,0
baseline,seed-3,ON,MASS,growth,chinaVolume,32,9,4500000,5,0.746030024382022,63.69286024499576,87949.57999999999,0.1529149350930811,0,30000000,2865658339.898951,310608384.1833054,33133200.82907155,59144264.34592286,4,0
baseline,seed-3,ON,BAL,balanced,balancedGeneralist,32,24,12000000,2,0.42595981497076013,82.48058999023095,125686.06000000001,0.1738560569197869,6000000,77500000,3679704337.1001916,627858742.7260733,270322332.6581661,0,0,0
baseline,seed-3,ON,JPQ,opportunistic,japanQuality,32,24,12000000,3,0.3403014517231151,88.18882705077574,141282.02000000005,0.25540497017329117,24000000,64500000,2977803230.491247,524002808.2105222,285120482.2043468,0,0,0
baseline,seed-3,ON,CONSV,conservative,europePdConservative,32,26,13000000,3,0.4052856037042928,90.7790861462916,112534.65999999999,0.1918382732413277,12000000,51700000,3034154000.28207,531731572.3209543,323719465.7542768,0,0,0
baseline,seed-3,ON,VAP,valueAdded,usProcessedGrowth,32,25,12500000,5,0.3389690443687629,89.21642326611783,163444.05000000002,0.31730995310300736,24000000,51700000,2822041456.6186156,489713899.0890304,303636921.7758861,0,0,0
baseline,seed-4,OFF,MASS,OFF,OFF,32,14,7000000,5,0.6784793177970244,73.20484093723343,97912.99,0.16515739469441792,6000000,56000000,2996323385.023275,367704814.0461188,37053035.09117071,26449648.661874145,5,0
baseline,seed-4,OFF,BAL,OFF,OFF,32,24,12000000,2,0.4181602109489782,82.48058999023095,127364.75999999994,0.17160865908488168,6000000,77500000,3754573251.4604897,623658888.3319095,271610806.4430449,0,0,0
baseline,seed-4,OFF,JPQ,OFF,OFF,32,26,13000000,3,0.38679058924361887,89.92600857171863,124358.34999999998,0.182252682422539,6000000,57000000,3510197178.5287313,591327868.1292349,351153112.4704881,0,0,0
baseline,seed-4,OFF,CONSV,OFF,OFF,32,24,12000000,3,0.4459173246334575,87.71175733529108,100315.78,0.15416601544460526,5100000,25100000,3244285705.2439513,550733960.9293112,335699227.4996951,0,0,0
baseline,seed-4,OFF,VAP,OFF,OFF,32,24,12000000,5,0.378251539148953,88.1700553984017,148302.06,0.29493963993958655,0,0,2682258455.9864335,443003916.3339383,304910376.21297634,0,0,0
baseline,seed-4,ON,MASS,growth,chinaVolume,32,13,6500000,5,0.7056099605465498,71.97026460592681,90917.45,0.15383509707771106,0,38000000,2951520465.8967433,341400398.23758686,27964500.964464493,30869406.283912107,4,0
baseline,seed-4,ON,BAL,balanced,balancedGeneralist,32,26,13000000,2,0.4062252934539784,90.34993339517175,131618.77999999997,0.1816510931820504,12000000,77500000,3698388607.258728,642454161.4826504,404720024.3560541,0,0,0
baseline,seed-4,ON,JPQ,opportunistic,japanQuality,32,24,12000000,3,0.3402844747460613,88.18882705077574,140819.20000000004,0.2547880965914725,24000000,64500000,2965761476.8619633,525196255.2439183,288748479.51860887,0,0,0
baseline,seed-4,ON,CONSV,conservative,europePdConservative,32,26,13000000,3,0.4046516781428258,90.7790861462916,112627.67,0.19292177082176937,12000000,51700000,3012907504.2205076,528100671.8006107,322648495.8630793,0,0,0
baseline,seed-4,ON,VAP,valueAdded,usProcessedGrowth,32,25,12250000,5,0.33482631130917717,88.97234248447933,162505.32,0.31608997403984546,24000000,51700000,2807359861.3143725,480661180.94023645,296615188.8707975,0,0,0
baseline,seed-5,OFF,MASS,OFF,OFF,32,16,8000000,5,0.6653536711854924,76.05521931993299,99249.52999999998,0.1635363788109038,6000000,56000000,3081069935.508707,388071447.0911911,44603490.24884106,10915672.718366228,4,0
baseline,seed-5,OFF,BAL,OFF,OFF,32,24,12000000,2,0.4261290181271648,82.48058999023095,125634.58000000002,0.17387058784176704,6000000,77500000,3682401678.5322027,620427726.6857861,266834580.73801786,0,0,0
baseline,seed-5,OFF,JPQ,OFF,OFF,32,25,12500000,3,0.3759512873728121,88.60217557329678,128095.02000000003,0.18742451151410658,12000000,61500000,3539386843.170871,602480722.7454863,358766998.9229528,0,0,0
baseline,seed-5,OFF,CONSV,OFF,OFF,32,26,13000000,3,0.45380046653953965,90.7790861462916,100962.03999999998,0.1646609323002982,5100000,22300000,3090353211.3962026,521563238.6798497,318644496.9142121,0,0,0
baseline,seed-5,OFF,VAP,OFF,OFF,32,24,12000000,5,0.37680546326399983,88.1700553984017,148723.11999999997,0.29554687843107486,0,0,2693640310.1604366,454598883.52299523,316528193.59365284,0,0,0
baseline,seed-5,ON,MASS,growth,chinaVolume,32,14,6750000,5,0.7387609208629516,72.35195372957344,89054.59,0.15765508774367892,6000000,40000000,2830698986.3446193,306221738.2579775,23972185.452571377,55893148.97114736,4,0
baseline,seed-5,ON,BAL,balanced,balancedGeneralist,32,24,12000000,2,0.42527608814149537,82.48058999023095,125783.80000000002,0.1740382728458838,6000000,77500000,3681984417.7256594,624352619.5696282,270685538.9280389,0,0,0
baseline,seed-5,ON,JPQ,opportunistic,japanQuality,32,25,12100000,3,0.3289459761515659,88.30921108818637,141502.23,0.23556185094160664,25500000,49200000,3174570244.7223735,556507303.5589621,331207480.7155784,0,0,0
baseline,seed-5,ON,CONSV,conservative,europePdConservative,32,26,13000000,3,0.4037140602075818,90.7790861462916,112796.48999999999,0.19338605290332672,12000000,51700000,3021574176.549352,529423122.5783925,325223463.1737495,0,0,0
baseline,seed-5,ON,VAP,valueAdded,usProcessedGrowth,32,25,12500000,5,0.33428431675299913,89.21642326611783,165512.76000000004,0.32061396618490473,25500000,52000000,2832044023.96875,491340447.80273455,307833960.2620992,0,0,0
ecuador-early-expansion,seed-1,OFF,MASS,OFF,OFF,32,11,5500000,5,0.6381069357258116,76.92860422618315,91723.98000000001,0.16935126877221304,12000000,62000000,2590900978.2421274,223445943.01233435,54038240.72776313,12158268.40364848,6,0
ecuador-early-expansion,seed-1,OFF,BAL,OFF,OFF,32,25,12500000,2,0.41924835527284005,85.32391360746007,127169.06000000001,0.18221829727098104,6000000,67500000,3375143772.059522,503280183.6986567,212428990.9857344,0,0,0
ecuador-early-expansion,seed-1,OFF,JPQ,OFF,OFF,32,26,13000000,3,0.37341135581822843,89.92600857171863,129907.52,0.19471716301255376,6000000,37700000,3234067720.3098674,488306696.2326301,267921216.93538612,0,0,0
ecuador-early-expansion,seed-1,OFF,CONSV,OFF,OFF,32,24,12000000,3,0.4459405578296806,87.71175733529108,100317.73999999998,0.15416874327359928,5100000,25100000,3073183039.100286,458314391.34149635,279319198.86059403,0,0,0
ecuador-early-expansion,seed-1,OFF,VAP,OFF,OFF,32,24,12000000,5,0.3787166222055909,88.1700553984017,147905.86000000002,0.2943908133005237,0,0,2537999148.647105,356581420.8136066,249443329.1322065,0,0,0
ecuador-early-expansion,seed-1,ON,MASS,growth,chinaVolume,32,11,5250000,5,0.6705130542984116,69.63541665016035,89086.10000000002,0.1581670061396306,0,38000000,2683638927.784375,247083341.44335216,26378663.442353256,56552166.59284195,5,0
ecuador-early-expansion,seed-1,ON,BAL,balanced,balancedGeneralist,32,25,12500000,2,0.41846318016439,85.32391360746007,127463.19000000002,0.18257701392296088,6000000,67500000,3375325010.033899,504779553.13967335,213526664.92478,0,0,0
ecuador-early-expansion,seed-1,ON,JPQ,opportunistic,japanQuality,32,25,12500000,3,0.3421824362046308,89.06396946158146,141251.82000000004,0.25093186901152154,25500000,75200000,2853730196.1914263,434285947.82787496,240122281.41273123,0,0,0
ecuador-early-expansion,seed-1,ON,CONSV,conservative,europePdConservative,32,26,13000000,3,0.4048554057655428,90.7790861462916,112535.60000000002,0.191777214261782,12000000,51700000,2865365387.412184,434624108.3832318,264043398.34525248,0,0,0
ecuador-early-expansion,seed-1,ON,VAP,valueAdded,usProcessedGrowth,32,25,12500000,5,0.33428431675299913,89.21642326611783,165553.33000000005,0.3198390686411839,25500000,53200000,2681255210.4531918,394885811.97318274,241378169.19773898,0,0,0
ecuador-early-expansion,seed-2,OFF,MASS,OFF,OFF,32,16,7350000,5,0.6216786024882008,75.70423357147396,101834.91,0.17210165124949864,12000000,50000000,2848615540.6283526,286565632.77278626,29123732.43046153,52630356.715494715,4,0
ecuador-early-expansion,seed-2,OFF,BAL,OFF,OFF,32,24,12000000,2,0.4319183034303715,82.48058999023095,123721.52000000008,0.1703468659900617,0,76500000,3489926065.786864,507861317.2375731,208287019.8984596,0,0,0
ecuador-early-expansion,seed-2,OFF,JPQ,OFF,OFF,32,26,13000000,3,0.3631435134434379,89.92600857171863,133401.03,0.20005081611404982,12000000,38500000,3246860937.046132,491423416.87793374,270942206.3918186,0,0,0
ecuador-early-expansion,seed-2,OFF,CONSV,OFF,OFF,32,26,13000000,3,0.4259190556463832,90.7790861462916,108248.22,0.17390905218329333,12000000,29200000,2972463838.1000657,440521225.21680725,261118256.1907232,0,0,0
ecuador-early-expansion,seed-2,OFF,VAP,OFF,OFF,32,24,12000000,5,0.38124306627446697,88.1700553984017,146991.59,0.29312004698484656,0,0,2536698953.6480513,353593652.9266643,246575657.59832656,0,0,0
ecuador-early-expansion,seed-2,ON,MASS,growth,chinaVolume,32,14,7000000,5,0.698087151780217,74.43842825710284,92191.31999999999,0.15668975361411666,0,38000000,2805859376.912253,274640712.7452316,20490401.61770308,45862278.71501784,5,0
ecuador-early-expansion,seed-2,ON,BAL,balanced,balancedGeneralist,32,24,12000000,2,0.43064153642594355,82.48058999023095,123977.77000000006,0.1706347224866312,0,76500000,3490962505.8887095,508364698.7036024,209172710.55192044,0,0,0
ecuador-early-expansion,seed-2,ON,JPQ,opportunistic,japanQuality,32,24,12000000,3,0.3409728479403616,88.18882705077574,141061.30000000008,0.23367035158731542,25500000,50800000,3012782449.8379383,458037811.5330657,261672918.6354887,0,0,0
ecuador-early-expansion,seed-2,ON,CONSV,conservative,europePdConservative,32,26,13000000,3,0.41942502592472325,90.7790861462916,108423.68,0.18423249371966424,6000000,44500000,2869401392.3606253,439084385.6585727,272944669.9602626,0,0,0
ecuador-early-expansion,seed-2,ON,VAP,valueAdded,usProcessedGrowth,32,25,12500000,5,0.3342832287628494,89.21642326611783,165487.50000000006,0.3198004248236671,25500000,53200000,2686740773.1867714,396573535.62830365,241384015.98012418,0,0,0
ecuador-early-expansion,seed-3,OFF,MASS,OFF,OFF,32,16,7600000,5,0.6416417340645394,77.9031368916862,99462.56000000001,0.16697804265035918,6000000,56000000,2852788919.8976235,288514933.08040833,35510008.29300579,47916433.54488438,5,0
ecuador-early-expansion,seed-3,OFF,BAL,OFF,OFF,32,25,12500000,2,0.41959606561979695,85.32391360746007,127087.24000000003,0.18175517933779298,6000000,67500000,3374996284.3325076,504052800.43920815,213251581.35179782,0,0,0
ecuador-early-expansion,seed-3,OFF,JPQ,OFF,OFF,32,26,13000000,3,0.3937295859704992,89.92600857171863,122205.24,0.17779255018888848,1500000,48500000,3326776183.175173,482050723.3574084,287198718.9541533,0,0,0
ecuador-early-expansion,seed-3,OFF,CONSV,OFF,OFF,32,24,12000000,3,0.446391881060691,87.71175733529108,100449.72000000002,0.1555177880487754,5100000,22300000,3044616681.3465247,441401234.66026175,267111394.12339288,0,0,0
ecuador-early-expansion,seed-3,OFF,VAP,OFF,OFF,32,24,12000000,5,0.3796539613696355,88.1700553984017,149117.57999999996,0.23144379862181605,6000000,45500000,3142112427.6509066,435110469.02782804,222993691.67603993,0,0,0
ecuador-early-expansion,seed-3,ON,MASS,growth,chinaVolume,32,11,5500000,5,0.7413916850498542,68.33619474525099,88047.70000000001,0.1545019725618035,6000000,44000000,2699071192.87174,243154953.68832284,12883741.8281303,75664043.7280758,4,0
ecuador-early-expansion,seed-3,ON,BAL,balanced,balancedGeneralist,32,25,12500000,2,0.41855375415532636,85.32391360746007,127535.72,0.1823238852490953,6000000,67500000,3375741569.4032803,513469073.9424084,221211180.66929847,0,0,0
ecuador-early-expansion,seed-3,ON,JPQ,opportunistic,japanQuality,32,24,12000000,3,0.3402984334423986,88.18882705077574,141282.82000000004,0.25577155884638836,24000000,64500000,2806739012.1798635,421989250.3676232,222627587.54052806,0,0,0
ecuador-early-expansion,seed-3,ON,CONSV,conservative,europePdConservative,32,26,13000000,3,0.4062714843538098,90.7790861462916,112312.99,0.191533682827949,12000000,51700000,2858757535.8408556,430399595.7266126,259440374.51590627,0,0,0
ecuador-early-expansion,seed-3,ON,VAP,valueAdded,usProcessedGrowth,32,25,12500000,5,0.33428431675299913,89.21642326611783,165566.06000000006,0.31983444788030024,25500000,53200000,2673500246.3128605,391150960.0746427,236200257.78872013,0,0,0
ecuador-early-expansion,seed-4,OFF,MASS,OFF,OFF,32,14,7000000,5,0.6767135472152633,73.20484093723343,99228.52,0.1701943953256097,6000000,48000000,2786669924.384346,271677409.5094309,12921317.743335364,48161448.74315596,4,0
ecuador-early-expansion,seed-4,OFF,BAL,OFF,OFF,32,24,11600000,2,0.41389763737308966,81.78207136319635,125381.67000000001,0.17219385369243773,6000000,77500000,3477543225.3688655,506812228.6341301,205591881.4628848,0,0,0
ecuador-early-expansion,seed-4,OFF,JPQ,OFF,OFF,32,26,13000000,3,0.39291087818767384,89.92600857171863,122423.83,0.17954256151175213,0,45500000,3292932210.2118535,479041865.32598174,288519174.842154,0,0,0
ecuador-early-expansion,seed-4,OFF,CONSV,OFF,OFF,32,24,12000000,3,0.4460107307875716,87.71175733529108,100289.88,0.15413253188214263,5100000,25100000,3056856309.0578475,448329279.0123782,272726772.19786054,0,0,0
ecuador-early-expansion,seed-4,OFF,VAP,OFF,OFF,32,24,12000000,5,0.3792798289170551,88.1700553984017,147809.27,0.29427728299954464,0,0,2524676774.1644883,340731024.62909114,238160022.48231152,0,0,0
ecuador-early-expansion,seed-4,ON,MASS,growth,chinaVolume,32,13,6250000,5,0.6972641979724662,72.49752846759577,89950.57999999999,0.1645348941323101,6000000,36000000,2598379531.6024456,224284467.17874816,13307719.853997348,63511023.81852929,4,0
ecuador-early-expansion,seed-4,ON,BAL,balanced,balancedGeneralist,32,24,11600000,2,0.41286708711994,81.78207136319635,125624.53000000001,0.17250218273578513,6000000,77500000,3477529021.7998047,511932806.42240334,209881685.05334264,0,0,0
ecuador-early-expansion,seed-4,ON,JPQ,opportunistic,japanQuality,32,24,12000000,3,0.3389248729876278,88.18882705077574,141667.44000000006,0.2559938278478252,24000000,64500000,2803922790.0360813,422843968.1887903,225040854.08445168,0,0,0
ecuador-early-expansion,seed-4,ON,CONSV,conservative,europePdConservative,32,26,13000000,3,0.404794369605857,90.7790861462916,112564.95,0.1918057690068628,12000000,51700000,2851857270.4334044,428403962.66405624,260139243.88716087,0,0,0
ecuador-early-expansion,seed-4,ON,VAP,valueAdded,usProcessedGrowth,32,25,12250000,5,0.3301415836934134,88.97234248447933,164627.34000000003,0.3186762968097128,25500000,53200000,2662757699.0914674,380326098.7223882,230009428.14934874,0,0,0
ecuador-early-expansion,seed-5,OFF,MASS,OFF,OFF,32,14,7000000,5,0.6752767674733022,73.20484093723343,98653.18999999999,0.1697383905835042,6000000,48000000,2790014170.5138416,274826381.21200734,14504303.359096827,45789303.924971834,4,0
ecuador-early-expansion,seed-5,OFF,BAL,OFF,OFF,32,25,12500000,2,0.4191663331503966,85.32391360746007,127126.52000000002,0.18192713839753566,6000000,67500000,3376074105.6546755,505216786.21916544,217834734.27979186,0,0,0
ecuador-early-expansion,seed-5,OFF,JPQ,OFF,OFF,32,26,13000000,3,0.37308858102684095,89.92600857171863,128795.35000000006,0.1906469916209991,12000000,61500000,3297175226.5629106,484671800.6756894,282154214.77145797,0,0,0
ecuador-early-expansion,seed-5,OFF,CONSV,OFF,OFF,32,26,13000000,3,0.4272721769874503,90.7790861462916,107981.30999999997,0.1747213080891343,12000000,29200000,2944894921.261564,430246944.4046931,257440569.60321623,0,0,0
ecuador-early-expansion,seed-5,OFF,VAP,OFF,OFF,32,24,12000000,5,0.38005576869255037,88.1700553984017,147273.1,0.29355435615468595,0,0,2529540482.596645,350425293.74692917,248043818.3217391,0,0,0
ecuador-early-expansion,seed-5,ON,MASS,growth,chinaVolume,32,14,7000000,5,0.6990305590684173,73.92960291580613,91894.71999999999,0.1553061965764153,0,38000000,2810736288.479129,275065707.35767645,13410296.203419901,36915974.14437382,4,0
ecuador-early-expansion,seed-5,ON,BAL,balanced,balancedGeneralist,32,24,12000000,2,0.4263169871639305,82.48058999023095,125388.66,0.17353805257250246,6000000,77500000,3467617251.1107693,512320691.24205387,210380498.17256543,0,0,0
ecuador-early-expansion,seed-5,ON,JPQ,opportunistic,japanQuality,32,25,12100000,3,0.32894602694159936,88.30921108818637,141502.68000000005,0.23565023419609168,25500000,49200000,2992001070.0852284,450895962.3461611,264012116.50491586,0,0,0
ecuador-early-expansion,seed-5,ON,CONSV,conservative,europePdConservative,32,26,13000000,3,0.4046389243806515,90.7790861462916,112574.18,0.19204485804783422,12000000,51700000,2859797869.8235507,429752411.11642087,261922622.74848616,0,0,0
ecuador-early-expansion,seed-5,ON,VAP,valueAdded,usProcessedGrowth,32,25,12500000,5,0.33428431675299913,89.21642326611783,165512.16000000003,0.3204062305392924,25500000,52000000,2669548116.521805,390973537.351974,242259598.95300367,0,0,0
ecuador-delayed-expansion,seed-1,OFF,MASS,OFF,OFF,32,9,4500000,5,0.652784798504393,71.95049610178839,90608.51,0.17257449942334865,6000000,52000000,2695018974.613684,287760293.04716206,29230467.06427118,4233545.274053611,6,0
ecuador-delayed-expansion,seed-1,OFF,BAL,OFF,OFF,32,25,12500000,2,0.4178659574450212,85.32391360746007,127814.06999999998,0.18303385341112055,6000000,67500000,3621173267.207552,630253283.6613715,302019919.70496786,0,0,0
ecuador-delayed-expansion,seed-1,OFF,JPQ,OFF,OFF,32,26,13000000,3,0.373349522963537,89.92600857171863,129901.34999999999,0.19299793819726466,6000000,37700000,3495708170.9204826,621164147.2107736,367434178.4127182,0,0,0
ecuador-delayed-expansion,seed-1,OFF,CONSV,OFF,OFF,32,24,12000000,3,0.44561971943483975,87.71175733529108,100383.07999999999,0.15425352887146995,5100000,25100000,3289400887.1067653,572299468.7310709,364113979.5372496,0,0,0
ecuador-delayed-expansion,seed-1,OFF,VAP,OFF,OFF,32,24,12000000,5,0.3760863461707716,88.1700553984017,148851.33000000002,0.2957036383499539,0,0,2723383282.0620203,471508685.1396534,336238972.9511845,0,0,0
ecuador-delayed-expansion,seed-1,ON,MASS,growth,chinaVolume,32,9,4500000,5,0.7461333395568871,69.29473048398845,85766.2,0.15193805244626588,0,46000000,2865576190.0201077,336200147.76480716,32122538.832442008,25950027.04361362,5,0
ecuador-delayed-expansion,seed-1,ON,BAL,balanced,balancedGeneralist,32,25,12500000,2,0.41699867821902104,85.32391360746007,127980.56999999998,0.18323437556643052,6000000,67500000,3620520330.0143414,631358597.359519,303206680.9243307,0,0,0
ecuador-delayed-expansion,seed-1,ON,JPQ,opportunistic,japanQuality,32,25,12500000,3,0.342179806547951,89.06396946158146,141252.76000000004,0.25094578507969656,25500000,75200000,3063771511.845088,566043148.84418,339066106.1497174,0,0,0
ecuador-delayed-expansion,seed-1,ON,CONSV,conservative,europePdConservative,32,26,13000000,3,0.40354973426673335,90.7790861462916,112842.07,0.19219940230216387,12000000,51700000,3073947767.9868546,554293048.0961807,353512773.28115445,0,0,0
ecuador-delayed-expansion,seed-1,ON,VAP,valueAdded,usProcessedGrowth,32,25,12500000,5,0.33428431675299913,89.21642326611783,165553.33000000005,0.32036995434969956,25500000,53200000,2877597209.996369,523399193.77350193,337305268.693025,0,0,0
ecuador-delayed-expansion,seed-2,OFF,MASS,OFF,OFF,32,15,7500000,5,0.6778286472532561,73.62220330055762,99305.12000000001,0.16795947923474167,12000000,58000000,3038626397.492311,373970400.3293939,36086222.3010913,9802015.792115107,5,0
ecuador-delayed-expansion,seed-2,OFF,BAL,OFF,OFF,32,24,12000000,2,0.42319625002903855,82.48058999023095,127052.68999999993,0.17631360604175703,6000000,77500000,3727411213.5735397,638145079.6870748,300274913.60190254,0,0,0
ecuador-delayed-expansion,seed-2,OFF,JPQ,OFF,OFF,32,26,13000000,3,0.37467876693405777,89.92600857171863,128328.22000000007,0.18742153996570404,12000000,61500000,3588384631.03584,624261238.68554,386747120.6190672,0,0,0
ecuador-delayed-expansion,seed-2,OFF,CONSV,OFF,OFF,32,26,13000000,3,0.4277231536099316,90.7790861462916,107894.85999999997,0.17493255898884483,12000000,29200000,3157632429.2824874,547784768.2625484,339987665.433417,0,0,0
ecuador-delayed-expansion,seed-2,OFF,VAP,OFF,OFF,32,24,12000000,5,0.37660096153634615,88.1700553984017,148520.71999999997,0.29526557699777,0,0,2726371996.705694,472294537.5517977,336325577.9152183,0,0,0
ecuador-delayed-expansion,seed-2,ON,MASS,growth,chinaVolume,32,10,5000000,5,0.7230741343022846,65.43819647681185,93307.31000000001,0.15613528542816532,0,34000000,3059438006.976004,370974939.1810586,49207566.42215687,11306135.59297952,5,0
ecuador-delayed-expansion,seed-2,ON,BAL,balanced,balancedGeneralist,32,24,12000000,2,0.4223724034505441,82.48058999023095,127029.59999999995,0.17618206045450618,6000000,77500000,3728925761.980605,640250496.2658296,302050854.33902305,0,0,0
ecuador-delayed-expansion,seed-2,ON,JPQ,opportunistic,japanQuality,32,24,12000000,3,0.34096720768093275,88.18882705077574,141066.62000000002,0.23351502043930283,25500000,50800000,3236953152.8100266,587435762.2582831,357104089.44290227,0,0,0
ecuador-delayed-expansion,seed-2,ON,CONSV,conservative,europePdConservative,32,26,13000000,3,0.41800705106170305,90.7790861462916,108736.76999999999,0.18420638612740037,6000000,45700000,3083535756.9040833,557324358.3897326,358929601.98036706,0,0,0
ecuador-delayed-expansion,seed-2,ON,VAP,valueAdded,usProcessedGrowth,32,25,12500000,5,0.3342832287628494,89.21642326611783,165487.50000000006,0.3202149824563115,25500000,53200000,2882917993.1583657,525106097.3639542,338418539.2038458,0,0,0
ecuador-delayed-expansion,seed-3,OFF,MASS,OFF,OFF,32,15,7500000,5,0.659841942615017,76.0206803965295,102320.73000000001,0.16974170910897984,18000000,68000000,3092764260.4465523,393400557.8923103,53333029.74727148,9534032.654163867,5,0
ecuador-delayed-expansion,seed-3,OFF,BAL,OFF,OFF,32,24,12000000,2,0.42554307467436936,82.48058999023095,125754.90000000001,0.17393600953367325,6000000,77500000,3723949606.7902594,637793380.7863429,295332190.0195228,0,0,0
ecuador-delayed-expansion,seed-3,OFF,JPQ,OFF,OFF,32,26,13000000,3,0.39218416403430506,89.92600857171863,122618.54000000001,0.17831314109041863,1500000,50500000,3575751989.084242,613342580.3815029,383740562.4670471,0,0,0
ecuador-delayed-expansion,seed-3,OFF,CONSV,OFF,OFF,32,24,12000000,3,0.4458175665384432,87.71175733529108,100547.68000000001,0.1556454912965383,5100000,22300000,3258754155.940729,554049645.9405336,350841382.0108414,0,0,0
ecuador-delayed-expansion,seed-3,OFF,VAP,OFF,OFF,32,24,11500000,5,0.362379371936159,90.63766264321146,149430.73,0.22908583623295742,6000000,49000000,3438692832.428552,569126739.3987801,341372654.78128624,0,0,0
ecuador-delayed-expansion,seed-3,ON,MASS,growth,chinaVolume,32,11,5100000,5,0.6972150110085497,66.49534614302114,87071.17999999996,0.15200445808526447,0,34000000,2906798942.5755305,334940460.696334,36787360.095712066,32763170.462709673,5,0
ecuador-delayed-expansion,seed-3,ON,BAL,balanced,balancedGeneralist,32,24,12000000,2,0.42466952637737426,82.48058999023095,125949.49000000002,0.17420365750047434,6000000,77500000,3721620589.0752063,647308587.8701851,304248937.68752825,0,0,0
ecuador-delayed-expansion,seed-3,ON,JPQ,opportunistic,japanQuality,32,24,12000000,3,0.3403014517231151,88.18882705077574,141281.96000000002,0.25536195735839823,24000000,64500000,3016629784.243286,549789549.4867709,315851035.2709286,0,0,0
ecuador-delayed-expansion,seed-3,ON,CONSV,conservative,europePdConservative,32,26,13000000,3,0.4044262974942327,90.7790861462916,112738.12000000002,0.1921189790149374,12000000,51700000,3067843031.3650756,548930494.0278587,347822535.64925706,0,0,0
ecuador-delayed-expansion,seed-3,ON,VAP,valueAdded,usProcessedGrowth,32,25,12500000,5,0.33896088655596024,89.21642326611783,163445.98000000004,0.31758349872887703,24000000,51700000,2858455020.4716244,514638168.29373586,332144118.74005157,0,0,0
ecuador-delayed-expansion,seed-4,OFF,MASS,OFF,OFF,32,16,8000000,5,0.6668596157994058,76.05521931993299,100062.71999999999,0.1636702221362947,6000000,56000000,3120656172.7664886,398789298.03840876,55252321.21383205,0,5,0
ecuador-delayed-expansion,seed-4,OFF,BAL,OFF,OFF,32,24,12000000,2,0.41615789929386504,84.39756319574812,127815.65000000002,0.18283602254861722,6000000,67500000,3605994444.7872105,628016923.9657339,302335153.16725504,0,0,0
ecuador-delayed-expansion,seed-4,OFF,JPQ,OFF,OFF,32,26,13000000,3,0.38469380998797037,89.92600857171863,125005.22000000004,0.18292644629876964,6000000,57000000,3552635870.9288845,612186416.8376496,379427957.07700276,0,0,0
ecuador-delayed-expansion,seed-4,OFF,CONSV,OFF,OFF,32,24,12000000,3,0.4457331220238953,87.71175733529108,100355.13,0.1542171627782288,5100000,25100000,3272031964.925298,561794939.632152,356878680.34278446,0,0,0
ecuador-delayed-expansion,seed-4,OFF,VAP,OFF,OFF,32,24,12000000,5,0.3770683332321605,88.1700553984017,148629.57,0.29540100270476644,0,0,2708214887.7319255,455919121.42985743,324642931.8876767,0,0,0
ecuador-delayed-expansion,seed-4,ON,MASS,growth,chinaVolume,32,10,5000000,5,0.7139891589380486,65.43819647681185,91893.73,0.15386961260958262,0,34000000,3034374309.7785645,364675253.3539091,44379693.72984306,13164212.611382902,4,0
ecuador-delayed-expansion,seed-4,ON,BAL,balanced,balancedGeneralist,32,23,11500000,2,0.4254376074515818,81.53410152609048,125901.47,0.17280732641802812,6000000,77500000,3732995133.347137,641040077.4036787,301006030.42163557,0,0,0
ecuador-delayed-expansion,seed-4,ON,JPQ,opportunistic,japanQuality,32,24,12000000,3,0.3402844747460613,88.18882705077574,140819.13000000006,0.2548027088000502,24000000,64500000,3002316089.801216,547503457.2365642,317500717.7249031,0,0,0
ecuador-delayed-expansion,seed-4,ON,CONSV,conservative,europePdConservative,32,26,13000000,3,0.403917368875685,90.7790861462916,112782.26,0.19313488593454106,12000000,51700000,3044379760.402443,543549094.1195124,345589044.904727,0,0,0
ecuador-delayed-expansion,seed-4,ON,VAP,valueAdded,usProcessedGrowth,32,25,12250000,5,0.3348208727673087,88.97234248447933,162505.04,0.31629301293423134,24000000,51700000,2842521315.211898,501400162.9429394,321788736.8103729,0,0,0
ecuador-delayed-expansion,seed-5,OFF,MASS,OFF,OFF,32,16,8000000,5,0.6655647686864479,76.05521931993299,99458.11,0.16241591620002505,6000000,56000000,3138533430.4535065,406271776.3854153,64448232.02268666,0,4,0
ecuador-delayed-expansion,seed-5,OFF,BAL,OFF,OFF,32,24,12000000,2,0.42516062511859326,82.48058999023095,125854.77,0.17414623495165807,6000000,77500000,3725635801.4338117,640921070.1595296,301058376.0527286,0,0,0
ecuador-delayed-expansion,seed-5,OFF,JPQ,OFF,OFF,32,25,12500000,3,0.3750166224918836,88.60217557329678,128348.10000000005,0.18763602259717918,12000000,61500000,3579479279.895083,621747047.1267653,385290938.28474003,0,0,0
ecuador-delayed-expansion,seed-5,OFF,CONSV,OFF,OFF,32,26,13000000,3,0.4537099017856135,90.7790861462916,100978.57,0.16468403180922503,5100000,22300000,3116755395.176175,531610810.49006504,338374261.73253185,0,0,0
ecuador-delayed-expansion,seed-5,OFF,VAP,OFF,OFF,32,24,12000000,5,0.37648724772775655,88.1700553984017,148711.58,0.2955537118397229,0,0,2718736694.740128,466379159.30468714,335489261.07000357,0,0,0
ecuador-delayed-expansion,seed-5,ON,MASS,growth,chinaVolume,32,12,6000000,5,0.7410424737787243,69.62841125304416,88380.35999999999,0.15296873671340475,6000000,44000000,2938489106.7039065,346776287.2318833,28699172.029059887,15171758.70094322,4,0
ecuador-delayed-expansion,seed-5,ON,BAL,balanced,balancedGeneralist,32,24,12000000,2,0.42430214476306455,82.48058999023095,126006.01,0.1743187712164186,6000000,77500000,3725133369.4685574,643938665.6048509,304120295.08521634,0,0,0
ecuador-delayed-expansion,seed-5,ON,JPQ,opportunistic,japanQuality,32,25,12100000,3,0.3289510799123726,88.30921108818637,141501.23000000007,0.23556887641115362,25500000,49200000,3213708653.447258,578946626.9631829,359101133.1672081,0,0,0
ecuador-delayed-expansion,seed-5,ON,CONSV,conservative,europePdConservative,32,26,13000000,3,0.4033121132032148,90.7790861462916,112894.82999999999,0.19352600000311984,12000000,51700000,3054938974.5810204,547883961.0310266,350096332.4874526,0,0,0
ecuador-delayed-expansion,seed-5,ON,VAP,valueAdded,usProcessedGrowth,32,25,12500000,5,0.33428431675299913,89.21642326611783,165511.56000000006,0.3208295813755212,25500000,52000000,2869334983.72799,517980567.70169944,337357973.83497435,0,0,0
global-demand-boom,seed-1,OFF,MASS,OFF,OFF,32,10,4600000,22,0.5422102075508219,76.7696609263014,84280.58,0.16978627322883544,6000000,66300000,2890930367.6020775,403621802.9644525,87348983.21595508,0,7,0
global-demand-boom,seed-1,OFF,BAL,OFF,OFF,32,26,13000000,2,0.41677123150447515,88.33234097751411,128506.38,0.18365478924115336,6000000,67500000,4153870920.396737,898696736.1714623,500707466.95631784,0,0,0
global-demand-boom,seed-1,OFF,JPQ,OFF,OFF,32,26,13000000,3,0.37037519778662414,89.92600857171863,130731.08000000005,0.19398986580858563,7500000,39200000,4010258254.5758653,882601077.3375615,551017124.6176759,0,0,0
global-demand-boom,seed-1,OFF,CONSV,OFF,OFF,32,26,13000000,3,0.45362437130982414,90.7790861462916,100999.52999999997,0.1647111905482995,5100000,22300000,3560545214.9414225,760199944.6057156,496469200.8447998,0,0,0
global-demand-boom,seed-1,OFF,VAP,OFF,OFF,32,24,12000000,5,0.37002986292730017,88.1700553984017,151898.67,0.2410229433319475,6000000,22000000,3788051283.014355,820936039.3743354,532036341.6554074,0,0,0
global-demand-boom,seed-1,ON,MASS,growth,chinaVolume,32,6,3000000,18,0.6400168705400175,63.13638241239528,84425.31999999999,0.15184747632159595,0,68000000,3212215772.3721156,490882472.9317521,28496332.813300863,62479374.22815803,5,0
global-demand-boom,seed-1,ON,BAL,balanced,balancedGeneralist,32,26,13000000,2,0.4160969066873135,88.33234097751411,128621.45000000003,0.18378912723096869,6000000,67500000,4151848009.6571383,902638166.909768,504907412.85486585,0,0,0
global-demand-boom,seed-1,ON,JPQ,opportunistic,japanQuality,32,24,12000000,3,0.34052738850019476,88.18882705077574,141253.16000000006,0.2508819346189486,25500000,75200000,3508674108.22758,825287883.736354,524502918.5526606,0,0,0
global-demand-boom,seed-1,ON,CONSV,conservative,europePdConservative,32,26,13000000,3,0.40143330076823386,90.7790861462916,113427.23999999998,0.19300330921184172,12000000,51700000,3519150257.5027685,798299889.2020928,528285340.89352244,0,0,0
global-demand-boom,seed-1,ON,VAP,valueAdded,usProcessedGrowth,32,25,12250000,5,0.3272663237417973,88.97234248447933,165532.90000000005,0.3210311495801302,25500000,53200000,3300205892.134892,785428487.628894,525808215.99947757,0,0,0
global-demand-boom,seed-2,OFF,MASS,OFF,OFF,32,12,6000000,5,0.645578388246098,69.8336023262045,98811.91999999998,0.16062073530649545,12000000,62000000,3602781666.2894926,591436007.2362792,161364616.96462783,0,4,0
global-demand-boom,seed-2,OFF,BAL,OFF,OFF,32,24,12000000,2,0.42170193109376736,82.48058999023095,127195.89999999995,0.17490437599415615,6000000,77500000,4303152406.043082,904140381.6887726,475233519.9575563,0,0,0
global-demand-boom,seed-2,OFF,JPQ,OFF,OFF,32,26,12750000,3,0.362079222076541,89.5533092599817,129198.71000000005,0.18847252043944354,12000000,61500000,4120023220.1128573,891228916.5185245,578539082.315855,0,0,0
global-demand-boom,seed-2,OFF,CONSV,OFF,OFF,32,26,13000000,3,0.4536168483305781,90.7790861462916,101002.91999999998,0.16471533560790483,5100000,22300000,3566378834.707943,762476003.8385087,496317532.30254436,0,0,0
global-demand-boom,seed-2,OFF,VAP,OFF,OFF,32,24,12000000,5,0.37465448345863955,88.1700553984017,149436.11000000004,0.22321016234929086,0,39000000,4015442853.7644897,848073554.8259448,532942794.0072327,0,0,0
global-demand-boom,seed-2,ON,MASS,growth,chinaVolume,32,11,5250000,5,0.6489670867436067,67.3370328882909,88169.23999999999,0.14682422638935513,0,68000000,3482151421.7239385,554967901.1558864,32943259.700358577,76966320.39819744,4,0
global-demand-boom,seed-2,ON,BAL,balanced,balancedGeneralist,32,24,12000000,2,0.4210444980814481,82.48058999023095,127306.26999999996,0.1750326214214913,6000000,77500000,4301376460.811587,909997278.3933833,481024423.1917092,0,0,0
global-demand-boom,seed-2,ON,JPQ,opportunistic,japanQuality,32,24,12000000,3,0.34097000612727574,88.18882705077574,141062.05000000008,0.23357123220479586,25500000,52000000,3704807572.2723,851996600.3063245,543442169.247057,0,0,0
global-demand-boom,seed-2,ON,CONSV,conservative,europePdConservative,32,26,13000000,3,0.40288374993965914,90.7790861462916,113077.82000000002,0.19247782564359273,12000000,51700000,3523646123.452571,801807858.4374251,528561017.025214,0,0,0
global-demand-boom,seed-2,ON,VAP,valueAdded,usProcessedGrowth,32,25,12500000,5,0.3342832287628494,89.21642326611783,165467.84000000005,0.32097405131357154,25500000,53200000,3305346077.419588,788480719.5077646,527780383.80390954,0,0,0
global-demand-boom,seed-3,OFF,MASS,OFF,OFF,32,9,4500000,5,0.6563529903771894,64.08742736180955,99233.12,0.15994085710711267,12000000,58000000,3621435146.040555,595267388.2841284,161258043.36719507,0,5,0
global-demand-boom,seed-3,OFF,BAL,OFF,OFF,32,24,12000000,2,0.42407356968877696,82.48058999023095,126272.04,0.1732789202127068,6000000,77500000,4293693263.7673883,911492404.2902683,479005474.261468,0,0,0
global-demand-boom,seed-3,OFF,JPQ,OFF,OFF,32,26,13000000,3,0.39084989911501283,89.92600857171863,122999.75000000001,0.17874617874770465,1500000,48500000,4099649917.405936,885675044.5914463,580958398.9690331,0,0,0
global-demand-boom,seed-3,OFF,CONSV,OFF,OFF,32,24,12000000,3,0.44566819920954215,87.71175733529108,100575.55999999998,0.15568192280646748,5100000,22300000,3719909773.9445066,789546769.838798,518151063.37909096,0,0,0
global-demand-boom,seed-3,OFF,VAP,OFF,OFF,32,23,11500000,5,0.37557125841556466,89.81131712624392,148581.10000000003,0.2973855008248594,0,0,3093141476.398107,699697518.1246052,501491600.99604535,0,0,0
global-demand-boom,seed-3,ON,MASS,growth,chinaVolume,32,13,6250000,5,0.7228779100406689,68.7986803760381,88579.7,0.13630291269139524,0,81000000,3740184082.8039007,609033490.9756068,37362455.808282554,39666976.309785485,4,0
global-demand-boom,seed-3,ON,BAL,balanced,balancedGeneralist,32,24,12000000,2,0.4235596257397072,82.48058999023095,126386.2,0.1734425375789054,6000000,77500000,4291324866.417294,913283740.9485451,480897040.90564704,0,0,0
global-demand-boom,seed-3,ON,JPQ,opportunistic,japanQuality,32,24,12000000,3,0.3403014517231151,88.18882705077574,141281.38000000003,0.25549858213054444,24000000,64500000,3453996058.7784786,811354837.7984738,502956357.0747651,0,0,0
global-demand-boom,seed-3,ON,CONSV,conservative,europePdConservative,32,26,13000000,3,0.40360359322376965,90.7790861462916,113054.60000000003,0.19252348563237218,12000000,51700000,3512295838.7140536,791758724.825315,521064577.50992084,0,0,0
global-demand-boom,seed-3,ON,VAP,valueAdded,usProcessedGrowth,32,24,12000000,5,0.336843343469893,88.24688431774044,164062.11,0.31904192587922575,24000000,51700000,3284518054.395121,777797308.4498987,521775558.76682657,0,0,0
global-demand-boom,seed-4,OFF,MASS,OFF,OFF,32,11,5250000,5,0.6644281548335329,65.32368702385297,101859.51,0.16656424099387757,12000000,50000000,3584473458.848868,588709165.0790169,159801273.39674932,0,5,0
global-demand-boom,seed-4,OFF,BAL,OFF,OFF,32,23,11500000,2,0.42327533934693345,81.53410152609048,126312.14000000003,0.17336633885552022,6000000,77500000,4280554247.0152564,897726665.1541976,467265842.4575455,0,0,0
global-demand-boom,seed-4,OFF,JPQ,OFF,OFF,32,26,13000000,3,0.3709019879182343,89.92600857171863,130270.11,0.1938028024602447,6000000,32500000,3979216355.6645927,864628645.3292902,544331257.1287184,0,0,0
global-demand-boom,seed-4,OFF,CONSV,OFF,OFF,32,24,12000000,3,0.4455982197356505,87.71175733529108,100393.37,0.15426686614300467,5100000,25100000,3736379542.5848536,791526494.8360366,519281407.8250406,0,0,0
global-demand-boom,seed-4,OFF,VAP,OFF,OFF,32,24,12000000,5,0.37311176465687007,88.1700553984017,150474.69999999998,0.22699642528379096,6000000,50500000,3989336075.146281,832054738.0733818,531800901.331683,0,0,0
global-demand-boom,seed-4,ON,MASS,growth,chinaVolume,32,11,5500000,5,0.7138109381882277,66.23863994343154,89758.88999999997,0.14329142853311483,0,68000000,3614846935.8143477,579012155.8441725,25561373.745221827,58167740.678390004,5,0
global-demand-boom,seed-4,ON,BAL,balanced,balancedGeneralist,32,23,11500000,2,0.4226857351208112,81.53410152609048,126399.22000000002,0.17346824433531768,6000000,77500000,4277914260.9085536,905342096.56775,474674987.22410893,0,0,0
global-demand-boom,seed-4,ON,JPQ,opportunistic,japanQuality,32,24,12000000,3,0.3402844747460613,88.18882705077574,140818.82000000007,0.254544820897694,24000000,64500000,3441599321.0543547,806062259.6650286,496664870.80375206,0,0,0
global-demand-boom,seed-4,ON,CONSV,conservative,europePdConservative,32,26,13000000,3,0.4012674383892589,90.7790861462916,113440.82000000002,0.19300452795149498,12000000,51700000,3503926036.89212,788379407.4203849,521133139.3061487,0,0,0
global-demand-boom,seed-4,ON,VAP,valueAdded,usProcessedGrowth,32,24,12000000,7,0.33708160280724236,88.31258969004088,164606.56000000003,0.32038407809866204,25500000,53200000,3275345083.2742586,765783978.6200852,511478671.12401295,0,0,0
global-demand-boom,seed-5,OFF,MASS,OFF,OFF,32,11,5250000,5,0.6726604689855463,64.97579103061517,99312.11,0.15996476436560098,12000000,58000000,3633773702.7573924,594163989.1775587,165099390.5654217,0,5,0
global-demand-boom,seed-5,OFF,BAL,OFF,OFF,32,23,11500000,2,0.42438405926133255,81.53410152609048,126274.43000000001,0.17466168007797325,6000000,77500000,4268953127.397695,901608896.3284906,471236019.867863,0,0,0
global-demand-boom,seed-5,OFF,JPQ,OFF,OFF,32,26,12600000,3,0.3617632622429856,89.14872551765689,128714.09000000004,0.18820930654699874,12000000,61500000,4101427155.107671,886070376.5459256,574062606.2137458,1.862645149230957e-9,0,0
global-demand-boom,seed-5,OFF,CONSV,OFF,OFF,32,26,13000000,3,0.45359972823230515,90.7790861462916,101004.09999999999,0.16471826190996378,5100000,22300000,3556568825.988642,751034868.1877772,493408579.55027205,0,0,0
global-demand-boom,seed-5,OFF,VAP,OFF,OFF,32,24,12000000,5,0.37432622673459,88.1700553984017,149579.79000000004,0.22301989278211912,0,39500000,4005538356.575445,845012248.6863391,531045377.3479602,0,0,0
global-demand-boom,seed-5,ON,MASS,growth,chinaVolume,32,10,5000000,5,0.756309633703806,65.29189993156197,85562.12999999998,0.14374997038884807,0,64000000,3432076070.0394554,527541767.5002835,28598342.290826052,99443521.08147939,5,0
global-demand-boom,seed-5,ON,BAL,balanced,balancedGeneralist,32,23,11500000,2,0.42377388225587614,81.53410152609048,126370.25000000001,0.17477251611708652,6000000,77500000,4265175623.1776233,907196015.9555961,478411047.76212555,0,0,0
global-demand-boom,seed-5,ON,JPQ,opportunistic,japanQuality,32,25,12100000,3,0.3289439804411471,88.30921108818637,141503.29000000004,0.23549815288863638,25500000,49200000,3679747109.405619,841756729.0287179,546078267.2220091,0,0,0
global-demand-boom,seed-5,ON,CONSV,conservative,europePdConservative,32,26,13000000,3,0.40303457081833777,90.7790861462916,113035.33999999997,0.1936839267738338,12000000,51700000,3493684370.411174,789889284.32691,523374846.674044,0,0,0
global-demand-boom,seed-5,ON,VAP,valueAdded,usProcessedGrowth,32,25,12500000,5,0.33428431675299913,89.21642326611783,165491.54000000004,0.3215691433290423,25500000,52000000,3289816050.687812,780768129.5478144,526372753.71238524,0,0,0
global-disease-crisis,seed-1,OFF,MASS,OFF,OFF,32,1,500000,5,1.1569788967049242,50.800542116209364,35807.979999999996,0.17279611957451824,0,0,1066245177.1112036,-210750483.7878363,-88560000,53385494.8508873,11,13
global-disease-crisis,seed-1,OFF,BAL,OFF,OFF,32,24,12000000,2,0.415571844015385,84.39756319574812,128073.28,0.18340825211743605,6000000,67500000,3901387202.7141237,763262337.9150404,390012566.3073832,0,0,0
global-disease-crisis,seed-1,OFF,JPQ,OFF,OFF,32,26,13000000,3,0.3847080123942821,89.92600857171863,125267.12999999998,0.18316906618718076,6000000,57000000,3850333847.0108066,753387805.2448772,479189033.44937325,0,0,0
global-disease-crisis,seed-1,OFF,CONSV,OFF,OFF,32,24,12000000,3,0.4456073697178922,87.71175733529108,100385.72999999998,0.15425692068945432,5100000,25100000,3545999712.4116216,691150255.5756551,446822935.9630435,0,0,0
global-disease-crisis,seed-1,OFF,VAP,OFF,OFF,32,24,12000000,5,0.37415395870046003,88.1700553984017,149499.07,0.2966056829684942,0,0,2942483808.493488,599166490.090747,428419011.3310607,0,0,0
global-disease-crisis,seed-1,ON,MASS,growth,chinaVolume,32,10,5000000,5,0.795474292381189,70.9508244722325,82674.88999999998,0.15004386259350436,0,42000000,2990183698.340101,394663689.83599854,55237053.029926606,11229421.730907194,5,0
global-disease-crisis,seed-1,ON,BAL,balanced,balancedGeneralist,32,24,12000000,2,0.4273218655731698,82.48058999023095,124563.89,0.1706449494049279,0,76500000,4052806782.875473,767116408.4266859,382073876.5790901,0,0,0
global-disease-crisis,seed-1,ON,JPQ,opportunistic,japanQuality,32,25,12500000,3,0.34403962571739194,89.06396946158146,140407.91000000006,0.24976773709534467,24000000,73700000,3298951189.1144977,696421111.3738624,435914761.50369793,0,0,0
global-disease-crisis,seed-1,ON,CONSV,conservative,europePdConservative,32,26,13000000,3,0.40298193108075375,90.7790861462916,112951.66999999998,0.19338567424557798,12000000,51700000,3297734916.93438,668407823.4799135,433855085.99148977,0,0,0
global-disease-crisis,seed-1,ON,VAP,valueAdded,usProcessedGrowth,32,25,12500000,5,0.3374069521995031,89.21642326611783,164069.14999999997,0.3184378364568785,24000000,51700000,3096269516.163155,651064726.4215708,432243959.8036825,0,0,0
global-disease-crisis,seed-2,OFF,MASS,OFF,OFF,32,10,5000000,5,0.7424648382733654,63.89784773892089,99470.76999999999,0.16919739869730746,6000000,40000000,3245340232.117175,437493738.9229166,72417056.92341061,0,5,0
global-disease-crisis,seed-2,OFF,BAL,OFF,OFF,32,24,12000000,2,0.42265199938807557,82.48058999023095,126995.48999999995,0.17615619822670434,6000000,77500000,4023839533.7924595,762656386.4996612,381184497.13247687,0,0,0
global-disease-crisis,seed-2,OFF,JPQ,OFF,OFF,32,26,12600000,3,0.3818094947305246,89.14872551765689,122270.46999999997,0.17894856159688183,1500000,52500000,3843002689.043945,739240182.6611483,471712567.6698294,0,0,0
global-disease-crisis,seed-2,OFF,CONSV,OFF,OFF,32,26,13000000,3,0.43066034329668024,90.7790861462916,107385.22999999997,0.17505926954412285,12000000,29200000,3376587774.876954,643095518.4321759,403475002.32613057,0,0,0
global-disease-crisis,seed-2,OFF,VAP,OFF,OFF,32,24,12000000,5,0.37491561719839045,88.1700553984017,149117.82000000004,0.29607857728986936,0,0,2943526102.3643174,592892061.927899,422410807.9861889,0,0,0
global-disease-crisis,seed-2,ON,MASS,growth,chinaVolume,32,9,4500000,5,0.7925237984031338,63.19732979012308,88218.09000000001,0.15456127431609232,0,34000000,3138014188.983406,411894405.5890505,49494002.99037639,0,5,0
global-disease-crisis,seed-2,ON,BAL,balanced,balancedGeneralist,32,24,12000000,2,0.4217589952927174,82.48058999023095,127164.77999999994,0.17634357492844735,6000000,77500000,4023591020.4956493,765166798.7851913,383528538.5911665,0,0,0
global-disease-crisis,seed-2,ON,JPQ,opportunistic,japanQuality,32,24,12000000,3,0.34231468425722006,88.18882705077574,140221.18000000002,0.23244450388584528,24000000,50500000,3483248328.0522304,713216463.9307323,448009508.31015354,0,0,0
global-disease-crisis,seed-2,ON,CONSV,conservative,europePdConservative,32,26,13000000,3,0.40298921146424826,90.7790861462916,112911.45999999999,0.19331700572523225,12000000,51700000,3304058575.7000175,672238421.0820324,435084499.717131,0,0,0
global-disease-crisis,seed-2,ON,VAP,valueAdded,usProcessedGrowth,32,25,12500000,5,0.3374071060117017,89.21642326611783,164003.22000000003,0.3182137368271559,24000000,51700000,3101541597.630362,651673241.2893467,432542181.721723,0,0,0
global-disease-crisis,seed-3,OFF,MASS,OFF,OFF,32,10,5000000,5,0.727710872899429,64.62725189883604,100674.19,0.16215425631811536,12000000,58000000,3401910301.6944366,474244548.90559673,86595468.09401892,0,5,0
global-disease-crisis,seed-3,OFF,BAL,OFF,OFF,32,23,11500000,2,0.4253374645342644,81.53410152609048,125897.01000000002,0.172798662267768,6000000,77500000,4041645649.1968627,762783411.4835196,377620117.21514875,0,0,0
global-disease-crisis,seed-3,OFF,JPQ,OFF,OFF,32,26,13000000,3,0.3924767125440579,89.92600857171863,122479.94999999998,0.1794816752329342,1500000,52500000,3826646604.713914,725411955.6183901,459651647.80625474,0,0,0
global-disease-crisis,seed-3,OFF,CONSV,OFF,OFF,32,24,12000000,3,0.4456828939319036,87.71175733529108,100570.85000000002,0.1556759093032419,5100000,22300000,3511533042.104096,663604888.7480267,425977879.51719904,0,0,0
global-disease-crisis,seed-3,OFF,VAP,OFF,OFF,32,23,11250000,5,0.36730540390852107,90.11053524891416,149167.53999999998,0.24267327180943035,0,16000000,3476671726.778079,656242310.3003232,414267157.1435716,0,0,0
global-disease-crisis,seed-3,ON,MASS,growth,chinaVolume,32,4,2000000,5,0.8411622919402224,54.15123508697904,89059.47,0.15133234084827094,0,34000000,3218815081.9797864,398726069.33845866,43293221.309684925,12397649.067098059,5,0
global-disease-crisis,seed-3,ON,BAL,balanced,balancedGeneralist,32,23,11500000,2,0.4243381284590377,81.53410152609048,126070.39000000001,0.17301044335123555,6000000,77500000,4040019917.1802435,771530582.5276561,385409477.70228237,0,0,0
global-disease-crisis,seed-3,ON,JPQ,opportunistic,japanQuality,32,24,12000000,3,0.34166255997500233,88.18882705077574,140433.31000000006,0.25445618506564577,24000000,64500000,3242740419.9893637,676304175.6044897,406046994.2994236,0,0,0
global-disease-crisis,seed-3,ON,CONSV,conservative,europePdConservative,32,26,13000000,3,0.40484403034479555,90.7790861462916,112641.88,0.19301708270344084,12000000,51700000,3288298842.414281,660055149.8816426,425612295.80314344,0,0,0
global-disease-crisis,seed-3,ON,VAP,valueAdded,usProcessedGrowth,32,25,12100000,5,0.326174997074526,88.6231270038095,164085.17,0.3203116474787009,24000000,50500000,3071209354.8398848,642881299.0955621,427801806.4819272,0,0,0
global-disease-crisis,seed-4,OFF,MASS,OFF,OFF,32,14,6750000,5,0.6526503870999514,71.88325501438784,99328.86,0.15237028013719467,12000000,75000000,3543009183.72363,512584961.1436108,121894737.03227705,0,5,0
global-disease-crisis,seed-4,OFF,BAL,OFF,OFF,32,24,12000000,2,0.41600057399077356,82.48058999023095,127843.54999999993,0.17219453374311008,6000000,77500000,4102205527.7775383,771688819.997986,388678686.1118369,0,0,0
global-disease-crisis,seed-4,OFF,JPQ,OFF,OFF,32,25,12500000,3,0.3855221583961759,88.96002185443916,124858.06000000006,0.18309678369796828,6000000,55500000,3820469583.0747137,727863362.6018856,461056132.87417436,0,0,0
global-disease-crisis,seed-4,OFF,CONSV,OFF,OFF,32,24,12000000,3,0.4456109113645191,87.71175733529108,100388.68,0.1542607639863638,5100000,25100000,3529506234.9553847,670987350.0942208,431593006.21020675,0,0,0
global-disease-crisis,seed-4,OFF,VAP,OFF,OFF,32,23,11500000,5,0.37541152691633334,90.58036064737735,148959.90000000002,0.295860222317179,0,0,2924832297.2401853,575360235.790286,410230837.63845205,0,0,0
global-disease-crisis,seed-4,ON,MASS,growth,chinaVolume,32,6,3000000,5,0.8136462979322882,58.46256493894763,82877.88,0.13499805218629138,0,38000000,3301842745.348638,436002682.43901867,75287644.67612053,0,5,0
global-disease-crisis,seed-4,ON,BAL,balanced,balancedGeneralist,32,24,12000000,2,0.4152081582241464,82.48058999023095,127993.57999999994,0.1723723311132055,6000000,77500000,4101021004.3237057,778196250.098551,394267937.0247996,0,0,0
global-disease-crisis,seed-4,ON,JPQ,opportunistic,japanQuality,32,24,12000000,3,0.3402844747460613,88.18882705077574,140819.20000000004,0.2551364068041762,24000000,64500000,3237198439.319343,677723686.6704855,411036797.55993944,0,0,0
global-disease-crisis,seed-4,ON,CONSV,conservative,europePdConservative,32,26,13000000,3,0.4031706777249944,90.7790861462916,112898.6,0.1937918150934696,12000000,50500000,3274865072.7554665,659466675.0442519,428565162.6764579,0,0,0
global-disease-crisis,seed-4,ON,VAP,valueAdded,usProcessedGrowth,32,25,12250000,5,0.3348169487289598,88.97234248447933,162509.13,0.31821346862996813,24000000,50500000,3053613869.4242487,632232176.759105,419176019.790919,0,0,0
global-disease-crisis,seed-5,OFF,MASS,OFF,OFF,32,13,6500000,5,0.6771699233553393,70.07635888035345,100649.27999999997,0.16362041424498455,12000000,62000000,3380543592.030206,483219693.2124116,99670552.0224611,0,5,0
global-disease-crisis,seed-5,OFF,BAL,OFF,OFF,32,23,11500000,2,0.4254881433681417,81.53410152609048,126049.21,0.17437807886279713,6000000,77500000,4018330979.88332,757174359.4514296,375063124.3314777,0,0,0
global-disease-crisis,seed-5,OFF,JPQ,OFF,OFF,32,25,12500000,3,0.37392340363356696,88.96002185443916,128534.87000000004,0.1884036073563127,12000000,61500000,3846297994.5461617,733391741.5845271,462692730.57772666,0,0,0
global-disease-crisis,seed-5,OFF,CONSV,OFF,OFF,32,26,13000000,3,0.45711147831717314,90.7790861462916,100414.78,0.1648187687158306,5100000,22300000,3328896093.0007477,619032390.6108521,396222357.0620728,0,0,0
global-disease-crisis,seed-5,OFF,VAP,OFF,OFF,32,24,12000000,5,0.3757511697878995,88.1700553984017,149135.28999999998,0.23775908950665722,0,16000000,3541573018.9061894,669321993.5896585,430981237.09560776,0,0,0
global-disease-crisis,seed-5,ON,MASS,growth,chinaVolume,32,9,4500000,5,0.7394180179863871,63.95919730933849,85999.64000000001,0.1442151594545901,0,46000000,3247761737.0037346,444493716.7129138,78414525.43442261,0,4,0
global-disease-crisis,seed-5,ON,BAL,balanced,balancedGeneralist,32,23,11500000,2,0.4249387951843069,81.53410152609048,126127.42,0.1744615924623304,6000000,77500000,4017430948.9230223,764705315.4509908,382036702.15600544,0,0,0
global-disease-crisis,seed-5,ON,JPQ,opportunistic,japanQuality,32,25,12100000,3,0.33026109702491846,88.30921108818637,140653.39,0.23359100521095508,24000000,51700000,3470175343.0006533,704619590.9470212,445676343.5851116,0,0,0
global-disease-crisis,seed-5,ON,CONSV,conservative,europePdConservative,32,26,13000000,3,0.402743298271473,90.7790861462916,113007.93999999999,0.19417297600020536,12000000,50500000,3282759886.60613,659473019.6355765,429898650.23980117,0,0,0
global-disease-crisis,seed-5,ON,VAP,valueAdded,usProcessedGrowth,32,25,12250000,5,0.3303903793350602,88.9554081101751,164028.45,0.31871665968882446,24000000,50500000,3087162007.76302,642473147.7020376,429934547.9254961,0,0,0
